run_id,experiment_id,model_family_id,architecture,alignment_strategy,training_mode,seed,random_partition_id,random_family,config_path,config_sha256,evidence_node,output_dir,status,execution_index,within_seed_position
V3-source_only__seed_7,V3-E3-CONTROLS,source_only,single_encoder,none,source_only,7,,,v3/experiments/server_configs/V3-source_only__seed_7.yaml,de7e3c97d8e9a742ede08326c9c42bae13f15f758c7d452df542c55f0ce4e2ab,E3.1,experiments/v3_results/V3-source_only__seed_7,planned,1,1
V3-A__seed_7,V3-E3-CONTROLS,A,single_encoder,no_alignment,supervised_update,7,,,v3/experiments/server_configs/V3-A__seed_7.yaml,ce8cdfb1b8c8ac8ca216ddaf0cb75b24f1dd0b436e621ea1cab21ff730236048,E3.1,experiments/v3_results/V3-A__seed_7,planned,2,2
V3-B__seed_7,V3-E3-CONTROLS,B,single_encoder,global_coral,supervised_update,7,,,v3/experiments/server_configs/V3-B__seed_7.yaml,32e4565f2570be82cfdb44d883c5a9fc561561e10d4c7b37b4e1188429a26459,E3.1,experiments/v3_results/V3-B__seed_7,planned,3,3
V3-C__seed_7,V3-E3-CONTROLS,C,dual_branch,no_alignment,supervised_update,7,,,v3/experiments/server_configs/V3-C__seed_7.yaml,4893ec4ded9c7ceecef8725a30f02434e4c0d1dfc6b91d2261fee6481ea209be,E3.1,experiments/v3_results/V3-C__seed_7,planned,4,4
V3-D1__seed_7,V3-E3-SELECTIVE,D1,dual_branch,physiology_coral,supervised_update,7,,,v3/experiments/server_configs/V3-D1__seed_7.yaml,fefdd2c457ca7689f97c6c6d34088ee22db89e037b3803fd2aea1a59a437fb4b,E3.2,experiments/v3_results/V3-D1__seed_7,planned,5,5
V3-D2__seed_7,V3-E3-SELECTIVE,D2,dual_branch,treatment_coral,supervised_update,7,,,v3/experiments/server_configs/V3-D2__seed_7.yaml,6ae1aac9b4baeae3658f0495f554cc758e0bdde638b3e7f473c931f4601e3d1e,E3.2,experiments/v3_results/V3-D2__seed_7,planned,6,6
V3-F__seed_7,V3-E3-CONTROLS,F,single_encoder,none,target_only,7,,,v3/experiments/server_configs/V3-F__seed_7.yaml,b4b9c375a0cfe77caf872fe9e1db3a16b55569cab19daef3e4fd458ae2a5696e,E3.1,experiments/v3_results/V3-F__seed_7,planned,7,7
V3-G__seed_7,V3-E3-CONTROLS,G,dual_branch,global_coral,supervised_update,7,,,v3/experiments/server_configs/V3-G__seed_7.yaml,b07fd51d820a210b8a988cec11ddccac2d2ebba17a86e7ce921f838dafd2ce26,E3.1,experiments/v3_results/V3-G__seed_7,planned,8,8
V3-E__A_unrestricted_random-01__seed_7,V3-E3-RANDOM,E__A_unrestricted_random-01,dual_branch,random_feature_coral,supervised_update,7,A_unrestricted_random-01,A_unrestricted_random,v3/experiments/server_configs/V3-E__A_unrestricted_random-01__seed_7.yaml,0b11317fe5ca442fbde4767e2320cafde3657bbcf443a8e46ef52fbd5636ccf1,E3.3,experiments/v3_results/V3-E__A_unrestricted_random-01__seed_7,planned,9,9
V3-E__A_unrestricted_random-02__seed_7,V3-E3-RANDOM,E__A_unrestricted_random-02,dual_branch,random_feature_coral,supervised_update,7,A_unrestricted_random-02,A_unrestricted_random,v3/experiments/server_configs/V3-E__A_unrestricted_random-02__seed_7.yaml,2490dca2bfd4f0c917425ed8b831f43423e3fb104f7ec931356cbee8e66c4890,E3.3,experiments/v3_results/V3-E__A_unrestricted_random-02__seed_7,planned,10,10
V3-E__A_unrestricted_random-03__seed_7,V3-E3-RANDOM,E__A_unrestricted_random-03,dual_branch,random_feature_coral,supervised_update,7,A_unrestricted_random-03,A_unrestricted_random,v3/experiments/server_configs/V3-E__A_unrestricted_random-03__seed_7.yaml,a0b236b5f371163449e01e2ba08e229f10a3b09d109a0f46d718f9bc3afbfc4e,E3.3,experiments/v3_results/V3-E__A_unrestricted_random-03__seed_7,planned,11,11
V3-E__A_unrestricted_random-04__seed_7,V3-E3-RANDOM,E__A_unrestricted_random-04,dual_branch,random_feature_coral,supervised_update,7,A_unrestricted_random-04,A_unrestricted_random,v3/experiments/server_configs/V3-E__A_unrestricted_random-04__seed_7.yaml,66e4adbc3919cd42f81b87d733c67ef87d9930836a3f67488dadd7c8d8f697ee,E3.3,experiments/v3_results/V3-E__A_unrestricted_random-04__seed_7,planned,12,12
V3-E__A_unrestricted_random-05__seed_7,V3-E3-RANDOM,E__A_unrestricted_random-05,dual_branch,random_feature_coral,supervised_update,7,A_unrestricted_random-05,A_unrestricted_random,v3/experiments/server_configs/V3-E__A_unrestricted_random-05__seed_7.yaml,57d57d1521b9a721cf14c9d76a03393eeba7f653081fc2e6a9b6a6b2b33ef9d4,E3.3,experiments/v3_results/V3-E__A_unrestricted_random-05__seed_7,planned,13,13
V3-E__A_unrestricted_random-06__seed_7,V3-E3-RANDOM,E__A_unrestricted_random-06,dual_branch,random_feature_coral,supervised_update,7,A_unrestricted_random-06,A_unrestricted_random,v3/experiments/server_configs/V3-E__A_unrestricted_random-06__seed_7.yaml,bf02d2dc8b7ca61432b0d63bba7b410c34098cbcced62c2fa273485f5aa297e1,E3.3,experiments/v3_results/V3-E__A_unrestricted_random-06__seed_7,planned,14,14
V3-E__A_unrestricted_random-07__seed_7,V3-E3-RANDOM,E__A_unrestricted_random-07,dual_branch,random_feature_coral,supervised_update,7,A_unrestricted_random-07,A_unrestricted_random,v3/experiments/server_configs/V3-E__A_unrestricted_random-07__seed_7.yaml,e73b57d606349d8b3694e3d12c611a7a82b16e0b2ed028dcdeb55247a4f7a407,E3.3,experiments/v3_results/V3-E__A_unrestricted_random-07__seed_7,planned,15,15
V3-E__A_unrestricted_random-08__seed_7,V3-E3-RANDOM,E__A_unrestricted_random-08,dual_branch,random_feature_coral,supervised_update,7,A_unrestricted_random-08,A_unrestricted_random,v3/experiments/server_configs/V3-E__A_unrestricted_random-08__seed_7.yaml,81adc837616aee02de2be3e367d383efc93c848e5b941fd62bd2a3cb35361642,E3.3,experiments/v3_results/V3-E__A_unrestricted_random-08__seed_7,planned,16,16
V3-E__A_unrestricted_random-09__seed_7,V3-E3-RANDOM,E__A_unrestricted_random-09,dual_branch,random_feature_coral,supervised_update,7,A_unrestricted_random-09,A_unrestricted_random,v3/experiments/server_configs/V3-E__A_unrestricted_random-09__seed_7.yaml,4b57bc45e70db32015bd4d122ff2aab93dd740d86c52fa3d3a89a987e5849b67,E3.3,experiments/v3_results/V3-E__A_unrestricted_random-09__seed_7,planned,17,17
V3-E__A_unrestricted_random-10__seed_7,V3-E3-RANDOM,E__A_unrestricted_random-10,dual_branch,random_feature_coral,supervised_update,7,A_unrestricted_random-10,A_unrestricted_random,v3/experiments/server_configs/V3-E__A_unrestricted_random-10__seed_7.yaml,28dcdedce040bc10d53bd58fd547026ccebdee3a1235c01c8c6e0df3ec09aad5,E3.3,experiments/v3_results/V3-E__A_unrestricted_random-10__seed_7,planned,18,18
V3-E__A_unrestricted_random-11__seed_7,V3-E3-RANDOM,E__A_unrestricted_random-11,dual_branch,random_feature_coral,supervised_update,7,A_unrestricted_random-11,A_unrestricted_random,v3/experiments/server_configs/V3-E__A_unrestricted_random-11__seed_7.yaml,d703e3789e840ecd283f3f8c6e79403fbd9d5cf72c4fed57d7787835a12b7fd8,E3.3,experiments/v3_results/V3-E__A_unrestricted_random-11__seed_7,planned,19,19
V3-E__A_unrestricted_random-12__seed_7,V3-E3-RANDOM,E__A_unrestricted_random-12,dual_branch,random_feature_coral,supervised_update,7,A_unrestricted_random-12,A_unrestricted_random,v3/experiments/server_configs/V3-E__A_unrestricted_random-12__seed_7.yaml,3c9bfb8a11a759464fa131d92700bca6edeb60a7daaf255cd7dfebf44a6760cc,E3.3,experiments/v3_results/V3-E__A_unrestricted_random-12__seed_7,planned,20,20
V3-E__A_unrestricted_random-13__seed_7,V3-E3-RANDOM,E__A_unrestricted_random-13,dual_branch,random_feature_coral,supervised_update,7,A_unrestricted_random-13,A_unrestricted_random,v3/experiments/server_configs/V3-E__A_unrestricted_random-13__seed_7.yaml,4db69ce6bc57992502e1265e83dee0fec4b04d3fb78c45365c66f6236eefe54f,E3.3,experiments/v3_results/V3-E__A_unrestricted_random-13__seed_7,planned,21,21
V3-E__A_unrestricted_random-14__seed_7,V3-E3-RANDOM,E__A_unrestricted_random-14,dual_branch,random_feature_coral,supervised_update,7,A_unrestricted_random-14,A_unrestricted_random,v3/experiments/server_configs/V3-E__A_unrestricted_random-14__seed_7.yaml,f203594705d9bfe30bb57c2c16eff6e5883b31fbbc0dc2f4edd36f7849b30aa6,E3.3,experiments/v3_results/V3-E__A_unrestricted_random-14__seed_7,planned,22,22
V3-E__A_unrestricted_random-15__seed_7,V3-E3-RANDOM,E__A_unrestricted_random-15,dual_branch,random_feature_coral,supervised_update,7,A_unrestricted_random-15,A_unrestricted_random,v3/experiments/server_configs/V3-E__A_unrestricted_random-15__seed_7.yaml,2a538fac32e312e97788264cc5e86db9c5a746479f2012cea31ab3e046fde374,E3.3,experiments/v3_results/V3-E__A_unrestricted_random-15__seed_7,planned,23,23
V3-E__A_unrestricted_random-16__seed_7,V3-E3-RANDOM,E__A_unrestricted_random-16,dual_branch,random_feature_coral,supervised_update,7,A_unrestricted_random-16,A_unrestricted_random,v3/experiments/server_configs/V3-E__A_unrestricted_random-16__seed_7.yaml,88668176b610184ba68633023937fee8054f22a784440e58b05bd52a76a115eb,E3.3,experiments/v3_results/V3-E__A_unrestricted_random-16__seed_7,planned,24,24
V3-E__A_unrestricted_random-17__seed_7,V3-E3-RANDOM,E__A_unrestricted_random-17,dual_branch,random_feature_coral,supervised_update,7,A_unrestricted_random-17,A_unrestricted_random,v3/experiments/server_configs/V3-E__A_unrestricted_random-17__seed_7.yaml,b1cb6901be8f1c14bedd37d9f58d86f15552f03c6913c8d7681e114b607e5003,E3.3,experiments/v3_results/V3-E__A_unrestricted_random-17__seed_7,planned,25,25
V3-E__A_unrestricted_random-18__seed_7,V3-E3-RANDOM,E__A_unrestricted_random-18,dual_branch,random_feature_coral,supervised_update,7,A_unrestricted_random-18,A_unrestricted_random,v3/experiments/server_configs/V3-E__A_unrestricted_random-18__seed_7.yaml,1a3df5755ba82b69b2cafaf90d30993af134e59cc38244e07c042a3cfaca5b56,E3.3,experiments/v3_results/V3-E__A_unrestricted_random-18__seed_7,planned,26,26
V3-E__A_unrestricted_random-19__seed_7,V3-E3-RANDOM,E__A_unrestricted_random-19,dual_branch,random_feature_coral,supervised_update,7,A_unrestricted_random-19,A_unrestricted_random,v3/experiments/server_configs/V3-E__A_unrestricted_random-19__seed_7.yaml,08b2413be5d8b286a930865174664215deb4b5b2eed8a791c6afbe5e1b9ab7e9,E3.3,experiments/v3_results/V3-E__A_unrestricted_random-19__seed_7,planned,27,27
V3-E__B_variance_matched-01__seed_7,V3-E3-RANDOM,E__B_variance_matched-01,dual_branch,random_feature_coral,supervised_update,7,B_variance_matched-01,B_variance_matched,v3/experiments/server_configs/V3-E__B_variance_matched-01__seed_7.yaml,75a16bd49d8d77e36876a24d42924a9496464402d8e84cd8a4fcdee8d3a184a6,E3.3,experiments/v3_results/V3-E__B_variance_matched-01__seed_7,planned,28,28
V3-E__B_variance_matched-02__seed_7,V3-E3-RANDOM,E__B_variance_matched-02,dual_branch,random_feature_coral,supervised_update,7,B_variance_matched-02,B_variance_matched,v3/experiments/server_configs/V3-E__B_variance_matched-02__seed_7.yaml,ef111b1983466fb9ba4c4b14e88031a2b879acfd94fc4d9b72add6b46b68497b,E3.3,experiments/v3_results/V3-E__B_variance_matched-02__seed_7,planned,29,29
V3-E__B_variance_matched-03__seed_7,V3-E3-RANDOM,E__B_variance_matched-03,dual_branch,random_feature_coral,supervised_update,7,B_variance_matched-03,B_variance_matched,v3/experiments/server_configs/V3-E__B_variance_matched-03__seed_7.yaml,b13e7279e3ab51b774355728735a4a40fc0caf85b9070f45b25629a0c100ea81,E3.3,experiments/v3_results/V3-E__B_variance_matched-03__seed_7,planned,30,30
V3-E__B_variance_matched-04__seed_7,V3-E3-RANDOM,E__B_variance_matched-04,dual_branch,random_feature_coral,supervised_update,7,B_variance_matched-04,B_variance_matched,v3/experiments/server_configs/V3-E__B_variance_matched-04__seed_7.yaml,f32280446a5b8f8f110c9cf7baad6ce19015cb2627794f00435efdb50b3eabe3,E3.3,experiments/v3_results/V3-E__B_variance_matched-04__seed_7,planned,31,31
V3-E__B_variance_matched-05__seed_7,V3-E3-RANDOM,E__B_variance_matched-05,dual_branch,random_feature_coral,supervised_update,7,B_variance_matched-05,B_variance_matched,v3/experiments/server_configs/V3-E__B_variance_matched-05__seed_7.yaml,1b9b036a2d86f7167f6266dc7953861ff986d3c9897bd1c56b94f6dc29264601,E3.3,experiments/v3_results/V3-E__B_variance_matched-05__seed_7,planned,32,32
V3-E__B_variance_matched-06__seed_7,V3-E3-RANDOM,E__B_variance_matched-06,dual_branch,random_feature_coral,supervised_update,7,B_variance_matched-06,B_variance_matched,v3/experiments/server_configs/V3-E__B_variance_matched-06__seed_7.yaml,4bf28252c2ed5d514cbea0d546a5dd4ef4c9aaca5446c4669a048db2c74d4065,E3.3,experiments/v3_results/V3-E__B_variance_matched-06__seed_7,planned,33,33
V3-E__B_variance_matched-07__seed_7,V3-E3-RANDOM,E__B_variance_matched-07,dual_branch,random_feature_coral,supervised_update,7,B_variance_matched-07,B_variance_matched,v3/experiments/server_configs/V3-E__B_variance_matched-07__seed_7.yaml,76d9dc133292ec01594bace9307acc289d3fa9d61dd21546abd561aa8d754180,E3.3,experiments/v3_results/V3-E__B_variance_matched-07__seed_7,planned,34,34
V3-E__B_variance_matched-08__seed_7,V3-E3-RANDOM,E__B_variance_matched-08,dual_branch,random_feature_coral,supervised_update,7,B_variance_matched-08,B_variance_matched,v3/experiments/server_configs/V3-E__B_variance_matched-08__seed_7.yaml,0d683aefc8c7f001b251c5ea308a2f36c3be4479fc32d7150bd9404b7188db46,E3.3,experiments/v3_results/V3-E__B_variance_matched-08__seed_7,planned,35,35
V3-E__B_variance_matched-09__seed_7,V3-E3-RANDOM,E__B_variance_matched-09,dual_branch,random_feature_coral,supervised_update,7,B_variance_matched-09,B_variance_matched,v3/experiments/server_configs/V3-E__B_variance_matched-09__seed_7.yaml,75b853605c0218e9d980e524d4dabbb87b6c7546634336325d13ba007e36b4ac,E3.3,experiments/v3_results/V3-E__B_variance_matched-09__seed_7,planned,36,36
V3-E__B_variance_matched-10__seed_7,V3-E3-RANDOM,E__B_variance_matched-10,dual_branch,random_feature_coral,supervised_update,7,B_variance_matched-10,B_variance_matched,v3/experiments/server_configs/V3-E__B_variance_matched-10__seed_7.yaml,d80709ebdc92967dd0466ab90db3f4bda5f00d45dccd9ecf54d4fc73d02ea20a,E3.3,experiments/v3_results/V3-E__B_variance_matched-10__seed_7,planned,37,37
V3-E__B_variance_matched-11__seed_7,V3-E3-RANDOM,E__B_variance_matched-11,dual_branch,random_feature_coral,supervised_update,7,B_variance_matched-11,B_variance_matched,v3/experiments/server_configs/V3-E__B_variance_matched-11__seed_7.yaml,b9e8ec25513c5b680afb3e3c20562abd27dd748d6111da4abb734961390642e7,E3.3,experiments/v3_results/V3-E__B_variance_matched-11__seed_7,planned,38,38
V3-E__B_variance_matched-12__seed_7,V3-E3-RANDOM,E__B_variance_matched-12,dual_branch,random_feature_coral,supervised_update,7,B_variance_matched-12,B_variance_matched,v3/experiments/server_configs/V3-E__B_variance_matched-12__seed_7.yaml,97f1f6f784a803fef204654657b633bc3f935be3cdc815eb6507508243f66e56,E3.3,experiments/v3_results/V3-E__B_variance_matched-12__seed_7,planned,39,39
V3-E__B_variance_matched-13__seed_7,V3-E3-RANDOM,E__B_variance_matched-13,dual_branch,random_feature_coral,supervised_update,7,B_variance_matched-13,B_variance_matched,v3/experiments/server_configs/V3-E__B_variance_matched-13__seed_7.yaml,78410a1f183fbfb83b8fee5375c45cda1b28fe570f03cff74a257c9782b5355b,E3.3,experiments/v3_results/V3-E__B_variance_matched-13__seed_7,planned,40,40
V3-E__B_variance_matched-14__seed_7,V3-E3-RANDOM,E__B_variance_matched-14,dual_branch,random_feature_coral,supervised_update,7,B_variance_matched-14,B_variance_matched,v3/experiments/server_configs/V3-E__B_variance_matched-14__seed_7.yaml,bde96ec79259429b1948272da47d571d20e79c5639e2ad4f5c9909e0a500f5d0,E3.3,experiments/v3_results/V3-E__B_variance_matched-14__seed_7,planned,41,41
V3-E__B_variance_matched-15__seed_7,V3-E3-RANDOM,E__B_variance_matched-15,dual_branch,random_feature_coral,supervised_update,7,B_variance_matched-15,B_variance_matched,v3/experiments/server_configs/V3-E__B_variance_matched-15__seed_7.yaml,d1025626393eab9ae46e4764fdc851d1aad98a424ca7d723f9306d09a02a3b3d,E3.3,experiments/v3_results/V3-E__B_variance_matched-15__seed_7,planned,42,42
V3-E__B_variance_matched-16__seed_7,V3-E3-RANDOM,E__B_variance_matched-16,dual_branch,random_feature_coral,supervised_update,7,B_variance_matched-16,B_variance_matched,v3/experiments/server_configs/V3-E__B_variance_matched-16__seed_7.yaml,f664b8107cb89fa69392398c1dab282130bce79af440fafc1152d05724c841ac,E3.3,experiments/v3_results/V3-E__B_variance_matched-16__seed_7,planned,43,43
V3-E__B_variance_matched-17__seed_7,V3-E3-RANDOM,E__B_variance_matched-17,dual_branch,random_feature_coral,supervised_update,7,B_variance_matched-17,B_variance_matched,v3/experiments/server_configs/V3-E__B_variance_matched-17__seed_7.yaml,cfb2703cbd1a630925e3b50f2332338de21085b025444ea4606e5e1fd9ca64cd,E3.3,experiments/v3_results/V3-E__B_variance_matched-17__seed_7,planned,44,44
V3-E__B_variance_matched-18__seed_7,V3-E3-RANDOM,E__B_variance_matched-18,dual_branch,random_feature_coral,supervised_update,7,B_variance_matched-18,B_variance_matched,v3/experiments/server_configs/V3-E__B_variance_matched-18__seed_7.yaml,7bda418466672d73d626f262b6292be8c5390b12d47f7c594b00677544c3d744,E3.3,experiments/v3_results/V3-E__B_variance_matched-18__seed_7,planned,45,45
V3-E__B_variance_matched-19__seed_7,V3-E3-RANDOM,E__B_variance_matched-19,dual_branch,random_feature_coral,supervised_update,7,B_variance_matched-19,B_variance_matched,v3/experiments/server_configs/V3-E__B_variance_matched-19__seed_7.yaml,5908c5b58e87e0f1c9b8e287251bc080d62440fe503805838fa5ebdf4fb14eea,E3.3,experiments/v3_results/V3-E__B_variance_matched-19__seed_7,planned,46,46
V3-E__C_group_size_matched-01__seed_7,V3-E3-RANDOM,E__C_group_size_matched-01,dual_branch,random_feature_coral,supervised_update,7,C_group_size_matched-01,C_group_size_matched,v3/experiments/server_configs/V3-E__C_group_size_matched-01__seed_7.yaml,5c7580091912126858beec422de37918ac26621f33929d1033b349d5d2c93a4a,E3.3,experiments/v3_results/V3-E__C_group_size_matched-01__seed_7,planned,47,47
V3-E__C_group_size_matched-02__seed_7,V3-E3-RANDOM,E__C_group_size_matched-02,dual_branch,random_feature_coral,supervised_update,7,C_group_size_matched-02,C_group_size_matched,v3/experiments/server_configs/V3-E__C_group_size_matched-02__seed_7.yaml,c33e8a997631bc24d0eaac4eb43eac923e6934db8ed5157f89ba3dc83daa1c08,E3.3,experiments/v3_results/V3-E__C_group_size_matched-02__seed_7,planned,48,48
V3-E__C_group_size_matched-03__seed_7,V3-E3-RANDOM,E__C_group_size_matched-03,dual_branch,random_feature_coral,supervised_update,7,C_group_size_matched-03,C_group_size_matched,v3/experiments/server_configs/V3-E__C_group_size_matched-03__seed_7.yaml,5f8009bd8f475b98b8f3c21e506e281342cbec7ab08b0abac0a229b4ea37d6e8,E3.3,experiments/v3_results/V3-E__C_group_size_matched-03__seed_7,planned,49,49
V3-E__C_group_size_matched-04__seed_7,V3-E3-RANDOM,E__C_group_size_matched-04,dual_branch,random_feature_coral,supervised_update,7,C_group_size_matched-04,C_group_size_matched,v3/experiments/server_configs/V3-E__C_group_size_matched-04__seed_7.yaml,65d2fcf07e95024ac7480533d91a5f0b3e5f7f4ba2ed23f95ea82bff6cbceb19,E3.3,experiments/v3_results/V3-E__C_group_size_matched-04__seed_7,planned,50,50
V3-E__C_group_size_matched-05__seed_7,V3-E3-RANDOM,E__C_group_size_matched-05,dual_branch,random_feature_coral,supervised_update,7,C_group_size_matched-05,C_group_size_matched,v3/experiments/server_configs/V3-E__C_group_size_matched-05__seed_7.yaml,dedac4f5bde7607ffeb22ae8542a6cd474453c4b024763c388a98a56ddfa8c87,E3.3,experiments/v3_results/V3-E__C_group_size_matched-05__seed_7,planned,51,51
V3-E__C_group_size_matched-06__seed_7,V3-E3-RANDOM,E__C_group_size_matched-06,dual_branch,random_feature_coral,supervised_update,7,C_group_size_matched-06,C_group_size_matched,v3/experiments/server_configs/V3-E__C_group_size_matched-06__seed_7.yaml,e6a45248e26ca123016a63092590f95032ce997d0008f4c1afca18ab88925f6b,E3.3,experiments/v3_results/V3-E__C_group_size_matched-06__seed_7,planned,52,52
V3-E__C_group_size_matched-07__seed_7,V3-E3-RANDOM,E__C_group_size_matched-07,dual_branch,random_feature_coral,supervised_update,7,C_group_size_matched-07,C_group_size_matched,v3/experiments/server_configs/V3-E__C_group_size_matched-07__seed_7.yaml,ab86a605492ca16bc62125f7c925e4e0f491f82be4a1b253b35efc5bc3905e8e,E3.3,experiments/v3_results/V3-E__C_group_size_matched-07__seed_7,planned,53,53
V3-E__C_group_size_matched-08__seed_7,V3-E3-RANDOM,E__C_group_size_matched-08,dual_branch,random_feature_coral,supervised_update,7,C_group_size_matched-08,C_group_size_matched,v3/experiments/server_configs/V3-E__C_group_size_matched-08__seed_7.yaml,f86f6fad6650fbc34b0a931a10357b62548cb84d162f80432a35f183b5b82e14,E3.3,experiments/v3_results/V3-E__C_group_size_matched-08__seed_7,planned,54,54
V3-E__C_group_size_matched-09__seed_7,V3-E3-RANDOM,E__C_group_size_matched-09,dual_branch,random_feature_coral,supervised_update,7,C_group_size_matched-09,C_group_size_matched,v3/experiments/server_configs/V3-E__C_group_size_matched-09__seed_7.yaml,31fc02a7584c00e4f112ede887abb935fdf8f6ff3afa322feab1276ee956e228,E3.3,experiments/v3_results/V3-E__C_group_size_matched-09__seed_7,planned,55,55
V3-E__C_group_size_matched-10__seed_7,V3-E3-RANDOM,E__C_group_size_matched-10,dual_branch,random_feature_coral,supervised_update,7,C_group_size_matched-10,C_group_size_matched,v3/experiments/server_configs/V3-E__C_group_size_matched-10__seed_7.yaml,0a0903a6198c155a7f0e325dbedb8c60ddee0f0a0fbdf8f7a99a379293a72642,E3.3,experiments/v3_results/V3-E__C_group_size_matched-10__seed_7,planned,56,56
V3-E__C_group_size_matched-11__seed_7,V3-E3-RANDOM,E__C_group_size_matched-11,dual_branch,random_feature_coral,supervised_update,7,C_group_size_matched-11,C_group_size_matched,v3/experiments/server_configs/V3-E__C_group_size_matched-11__seed_7.yaml,ec46e04a4fbcf3c281d46f8f9479a11647150b8eae6b7b2bb7b6673273bc89d0,E3.3,experiments/v3_results/V3-E__C_group_size_matched-11__seed_7,planned,57,57
V3-E__C_group_size_matched-12__seed_7,V3-E3-RANDOM,E__C_group_size_matched-12,dual_branch,random_feature_coral,supervised_update,7,C_group_size_matched-12,C_group_size_matched,v3/experiments/server_configs/V3-E__C_group_size_matched-12__seed_7.yaml,f3dee99c75752f612a86c1c4956fdda6a1b9db0e76a98c1cf614a9adcfcf6ae8,E3.3,experiments/v3_results/V3-E__C_group_size_matched-12__seed_7,planned,58,58
V3-E__C_group_size_matched-13__seed_7,V3-E3-RANDOM,E__C_group_size_matched-13,dual_branch,random_feature_coral,supervised_update,7,C_group_size_matched-13,C_group_size_matched,v3/experiments/server_configs/V3-E__C_group_size_matched-13__seed_7.yaml,be2b0e082383a8129ceea34bae4d8313457876966625300e2f34ab2866cc626b,E3.3,experiments/v3_results/V3-E__C_group_size_matched-13__seed_7,planned,59,59
V3-E__C_group_size_matched-14__seed_7,V3-E3-RANDOM,E__C_group_size_matched-14,dual_branch,random_feature_coral,supervised_update,7,C_group_size_matched-14,C_group_size_matched,v3/experiments/server_configs/V3-E__C_group_size_matched-14__seed_7.yaml,8d033c61d00ccde6ce2576555f0da170eaf8381ab66e68eddb532c9f1e15a169,E3.3,experiments/v3_results/V3-E__C_group_size_matched-14__seed_7,planned,60,60
V3-E__C_group_size_matched-15__seed_7,V3-E3-RANDOM,E__C_group_size_matched-15,dual_branch,random_feature_coral,supervised_update,7,C_group_size_matched-15,C_group_size_matched,v3/experiments/server_configs/V3-E__C_group_size_matched-15__seed_7.yaml,e007e6893bcd0cb7abd713fe9e0aeff1118234ca87a31a7cda73a0c12d849bac,E3.3,experiments/v3_results/V3-E__C_group_size_matched-15__seed_7,planned,61,61
V3-E__C_group_size_matched-16__seed_7,V3-E3-RANDOM,E__C_group_size_matched-16,dual_branch,random_feature_coral,supervised_update,7,C_group_size_matched-16,C_group_size_matched,v3/experiments/server_configs/V3-E__C_group_size_matched-16__seed_7.yaml,b4db4a76f4f4d15a0b590a2ebe001002bbc41b17d4f5878323f41949fbe2f3c0,E3.3,experiments/v3_results/V3-E__C_group_size_matched-16__seed_7,planned,62,62
V3-E__C_group_size_matched-17__seed_7,V3-E3-RANDOM,E__C_group_size_matched-17,dual_branch,random_feature_coral,supervised_update,7,C_group_size_matched-17,C_group_size_matched,v3/experiments/server_configs/V3-E__C_group_size_matched-17__seed_7.yaml,a0faf338a93105889e74d8aa4c76cc0a5b008365a3ac32bf70068c53c1d45f4d,E3.3,experiments/v3_results/V3-E__C_group_size_matched-17__seed_7,planned,63,63
V3-E__C_group_size_matched-18__seed_7,V3-E3-RANDOM,E__C_group_size_matched-18,dual_branch,random_feature_coral,supervised_update,7,C_group_size_matched-18,C_group_size_matched,v3/experiments/server_configs/V3-E__C_group_size_matched-18__seed_7.yaml,7cb2560f17f729290f0596b552e342f2118b4e1b58fd04fc1646af1347ab66f1,E3.3,experiments/v3_results/V3-E__C_group_size_matched-18__seed_7,planned,64,64
V3-E__C_group_size_matched-19__seed_7,V3-E3-RANDOM,E__C_group_size_matched-19,dual_branch,random_feature_coral,supervised_update,7,C_group_size_matched-19,C_group_size_matched,v3/experiments/server_configs/V3-E__C_group_size_matched-19__seed_7.yaml,c2948303bf21e8d5d7eb8f59c1b3e1d7b2933a58713054d0766e7151b4f0a54b,E3.3,experiments/v3_results/V3-E__C_group_size_matched-19__seed_7,planned,65,65
V3-E__D_clinical_type_matched-01__seed_7,V3-E3-RANDOM,E__D_clinical_type_matched-01,dual_branch,random_feature_coral,supervised_update,7,D_clinical_type_matched-01,D_clinical_type_matched,v3/experiments/server_configs/V3-E__D_clinical_type_matched-01__seed_7.yaml,de1e7cbd346be10b0540fc675de69ebad2b09974ca716f92e88c451dd5c2143a,E3.3,experiments/v3_results/V3-E__D_clinical_type_matched-01__seed_7,planned,66,66
V3-E__D_clinical_type_matched-02__seed_7,V3-E3-RANDOM,E__D_clinical_type_matched-02,dual_branch,random_feature_coral,supervised_update,7,D_clinical_type_matched-02,D_clinical_type_matched,v3/experiments/server_configs/V3-E__D_clinical_type_matched-02__seed_7.yaml,57b1623e3d813d7c78930a01f2143bd3ce389e273acc22d413815f43037d50ce,E3.3,experiments/v3_results/V3-E__D_clinical_type_matched-02__seed_7,planned,67,67
V3-E__D_clinical_type_matched-03__seed_7,V3-E3-RANDOM,E__D_clinical_type_matched-03,dual_branch,random_feature_coral,supervised_update,7,D_clinical_type_matched-03,D_clinical_type_matched,v3/experiments/server_configs/V3-E__D_clinical_type_matched-03__seed_7.yaml,99b8627206a3271e10efef54da5d16063c0188e84d186655e83daaf368533dd2,E3.3,experiments/v3_results/V3-E__D_clinical_type_matched-03__seed_7,planned,68,68
V3-E__D_clinical_type_matched-04__seed_7,V3-E3-RANDOM,E__D_clinical_type_matched-04,dual_branch,random_feature_coral,supervised_update,7,D_clinical_type_matched-04,D_clinical_type_matched,v3/experiments/server_configs/V3-E__D_clinical_type_matched-04__seed_7.yaml,d08bd6662309a2016ee634a7f5b06d46f1ff0ec6a6b5a29b36e816aba95c4c6f,E3.3,experiments/v3_results/V3-E__D_clinical_type_matched-04__seed_7,planned,69,69
V3-E__D_clinical_type_matched-05__seed_7,V3-E3-RANDOM,E__D_clinical_type_matched-05,dual_branch,random_feature_coral,supervised_update,7,D_clinical_type_matched-05,D_clinical_type_matched,v3/experiments/server_configs/V3-E__D_clinical_type_matched-05__seed_7.yaml,7ee8b745cc694c3c3634def7c711b47fa8ef362d420eb0bf6a2e08727aecf86d,E3.3,experiments/v3_results/V3-E__D_clinical_type_matched-05__seed_7,planned,70,70
V3-E__D_clinical_type_matched-06__seed_7,V3-E3-RANDOM,E__D_clinical_type_matched-06,dual_branch,random_feature_coral,supervised_update,7,D_clinical_type_matched-06,D_clinical_type_matched,v3/experiments/server_configs/V3-E__D_clinical_type_matched-06__seed_7.yaml,ead632f64f96cac70c2831a3bb65a1727bdbe091911d64491c43483d0318a7ae,E3.3,experiments/v3_results/V3-E__D_clinical_type_matched-06__seed_7,planned,71,71
V3-E__D_clinical_type_matched-07__seed_7,V3-E3-RANDOM,E__D_clinical_type_matched-07,dual_branch,random_feature_coral,supervised_update,7,D_clinical_type_matched-07,D_clinical_type_matched,v3/experiments/server_configs/V3-E__D_clinical_type_matched-07__seed_7.yaml,cc2e3ef8c1ac7808b41e9293a73c1db740c742e76129eaf5d258a01691df226d,E3.3,experiments/v3_results/V3-E__D_clinical_type_matched-07__seed_7,planned,72,72
V3-E__D_clinical_type_matched-08__seed_7,V3-E3-RANDOM,E__D_clinical_type_matched-08,dual_branch,random_feature_coral,supervised_update,7,D_clinical_type_matched-08,D_clinical_type_matched,v3/experiments/server_configs/V3-E__D_clinical_type_matched-08__seed_7.yaml,76c5ed0e5510520e0e23e542ac4e54012c15e70d2afd440f41e7053c2f6454fe,E3.3,experiments/v3_results/V3-E__D_clinical_type_matched-08__seed_7,planned,73,73
V3-E__D_clinical_type_matched-09__seed_7,V3-E3-RANDOM,E__D_clinical_type_matched-09,dual_branch,random_feature_coral,supervised_update,7,D_clinical_type_matched-09,D_clinical_type_matched,v3/experiments/server_configs/V3-E__D_clinical_type_matched-09__seed_7.yaml,7dfc75a27d68c282c97ce26b8d7fc0589f6ae7b2b043abc8fb627923dfe8181b,E3.3,experiments/v3_results/V3-E__D_clinical_type_matched-09__seed_7,planned,74,74
V3-E__D_clinical_type_matched-10__seed_7,V3-E3-RANDOM,E__D_clinical_type_matched-10,dual_branch,random_feature_coral,supervised_update,7,D_clinical_type_matched-10,D_clinical_type_matched,v3/experiments/server_configs/V3-E__D_clinical_type_matched-10__seed_7.yaml,92bb35ceaf5aff707a6b37d6c040ed44d353918003df52f0fde76eeff9d1213c,E3.3,experiments/v3_results/V3-E__D_clinical_type_matched-10__seed_7,planned,75,75
V3-E__D_clinical_type_matched-11__seed_7,V3-E3-RANDOM,E__D_clinical_type_matched-11,dual_branch,random_feature_coral,supervised_update,7,D_clinical_type_matched-11,D_clinical_type_matched,v3/experiments/server_configs/V3-E__D_clinical_type_matched-11__seed_7.yaml,69e53fd8ad3d14ad9af9a0736a69652b04cac4caf46461c15a1a5e2d736c7c03,E3.3,experiments/v3_results/V3-E__D_clinical_type_matched-11__seed_7,planned,76,76
V3-E__D_clinical_type_matched-12__seed_7,V3-E3-RANDOM,E__D_clinical_type_matched-12,dual_branch,random_feature_coral,supervised_update,7,D_clinical_type_matched-12,D_clinical_type_matched,v3/experiments/server_configs/V3-E__D_clinical_type_matched-12__seed_7.yaml,4d51021d49fcd53625eb870489387021bc6b939a6c3256c2057894c30301c652,E3.3,experiments/v3_results/V3-E__D_clinical_type_matched-12__seed_7,planned,77,77
V3-E__D_clinical_type_matched-13__seed_7,V3-E3-RANDOM,E__D_clinical_type_matched-13,dual_branch,random_feature_coral,supervised_update,7,D_clinical_type_matched-13,D_clinical_type_matched,v3/experiments/server_configs/V3-E__D_clinical_type_matched-13__seed_7.yaml,4a4374f0d00a86d353975753475ee9e28bc6d11ce24b827150201ee55138cc38,E3.3,experiments/v3_results/V3-E__D_clinical_type_matched-13__seed_7,planned,78,78
V3-E__D_clinical_type_matched-14__seed_7,V3-E3-RANDOM,E__D_clinical_type_matched-14,dual_branch,random_feature_coral,supervised_update,7,D_clinical_type_matched-14,D_clinical_type_matched,v3/experiments/server_configs/V3-E__D_clinical_type_matched-14__seed_7.yaml,76394f0b36d7fcc3e9b3bd98b44486318fb87731e85f1d48cf62b5f77c90a57a,E3.3,experiments/v3_results/V3-E__D_clinical_type_matched-14__seed_7,planned,79,79
V3-E__D_clinical_type_matched-15__seed_7,V3-E3-RANDOM,E__D_clinical_type_matched-15,dual_branch,random_feature_coral,supervised_update,7,D_clinical_type_matched-15,D_clinical_type_matched,v3/experiments/server_configs/V3-E__D_clinical_type_matched-15__seed_7.yaml,435b315f294c5dd5c15c6b6d8e11f97b4352fbe1cc2c20235760da06034dcdd5,E3.3,experiments/v3_results/V3-E__D_clinical_type_matched-15__seed_7,planned,80,80
V3-E__D_clinical_type_matched-16__seed_7,V3-E3-RANDOM,E__D_clinical_type_matched-16,dual_branch,random_feature_coral,supervised_update,7,D_clinical_type_matched-16,D_clinical_type_matched,v3/experiments/server_configs/V3-E__D_clinical_type_matched-16__seed_7.yaml,b729dd9b50a1bdb99771c59e2bb8dffbe0e134bc45545e724b2f24768b134b59,E3.3,experiments/v3_results/V3-E__D_clinical_type_matched-16__seed_7,planned,81,81
V3-E__D_clinical_type_matched-17__seed_7,V3-E3-RANDOM,E__D_clinical_type_matched-17,dual_branch,random_feature_coral,supervised_update,7,D_clinical_type_matched-17,D_clinical_type_matched,v3/experiments/server_configs/V3-E__D_clinical_type_matched-17__seed_7.yaml,96b42dec46a4facfeebdc45ce6cae98663e8b497da3705055d49c78e5e83ca65,E3.3,experiments/v3_results/V3-E__D_clinical_type_matched-17__seed_7,planned,82,82
V3-E__D_clinical_type_matched-18__seed_7,V3-E3-RANDOM,E__D_clinical_type_matched-18,dual_branch,random_feature_coral,supervised_update,7,D_clinical_type_matched-18,D_clinical_type_matched,v3/experiments/server_configs/V3-E__D_clinical_type_matched-18__seed_7.yaml,f4e31941c5dc31c530a3c1263aa9734d167fe43df5d0c95d9470e273f9297737,E3.3,experiments/v3_results/V3-E__D_clinical_type_matched-18__seed_7,planned,83,83
V3-E__D_clinical_type_matched-19__seed_7,V3-E3-RANDOM,E__D_clinical_type_matched-19,dual_branch,random_feature_coral,supervised_update,7,D_clinical_type_matched-19,D_clinical_type_matched,v3/experiments/server_configs/V3-E__D_clinical_type_matched-19__seed_7.yaml,1849540066fd428c04843da57eb5c26cec1a2b341d09db55271fd206340fc3ac,E3.3,experiments/v3_results/V3-E__D_clinical_type_matched-19__seed_7,planned,84,84
V3-A__seed_13,V3-E3-CONTROLS,A,single_encoder,no_alignment,supervised_update,13,,,v3/experiments/server_configs/V3-A__seed_13.yaml,29c929ca68e9caa56965751f65842c3e3023852e2bf9faf29a973f1729c4e16c,E3.1,experiments/v3_results/V3-A__seed_13,planned,85,1
V3-B__seed_13,V3-E3-CONTROLS,B,single_encoder,global_coral,supervised_update,13,,,v3/experiments/server_configs/V3-B__seed_13.yaml,2964df7e0b60fb057464525d85e259757eb8e7e7f94239e50891e3a41c55677c,E3.1,experiments/v3_results/V3-B__seed_13,planned,86,2
V3-C__seed_13,V3-E3-CONTROLS,C,dual_branch,no_alignment,supervised_update,13,,,v3/experiments/server_configs/V3-C__seed_13.yaml,1cd4122724b0ed01e6af99f627c6dcb0430b70933e3e16bcc80134f081d8c09d,E3.1,experiments/v3_results/V3-C__seed_13,planned,87,3
V3-D1__seed_13,V3-E3-SELECTIVE,D1,dual_branch,physiology_coral,supervised_update,13,,,v3/experiments/server_configs/V3-D1__seed_13.yaml,f6e43445f37a3684cc58da8a073bb92114c088088450e642df5e644302ce2695,E3.2,experiments/v3_results/V3-D1__seed_13,planned,88,4
V3-D2__seed_13,V3-E3-SELECTIVE,D2,dual_branch,treatment_coral,supervised_update,13,,,v3/experiments/server_configs/V3-D2__seed_13.yaml,49825e7b98fe1420d5771f5937192e7ad2d298912c2bed9f3b8e011a1de371e2,E3.2,experiments/v3_results/V3-D2__seed_13,planned,89,5
V3-F__seed_13,V3-E3-CONTROLS,F,single_encoder,none,target_only,13,,,v3/experiments/server_configs/V3-F__seed_13.yaml,2b9f983df7d4cce3875d3acc2370c608beb4414be372ef7a5c690f907f050733,E3.1,experiments/v3_results/V3-F__seed_13,planned,90,6
V3-G__seed_13,V3-E3-CONTROLS,G,dual_branch,global_coral,supervised_update,13,,,v3/experiments/server_configs/V3-G__seed_13.yaml,e572208416838ced168fed777701473d41f687b61d3a9ce45676f5ac882f54c6,E3.1,experiments/v3_results/V3-G__seed_13,planned,91,7
V3-E__A_unrestricted_random-01__seed_13,V3-E3-RANDOM,E__A_unrestricted_random-01,dual_branch,random_feature_coral,supervised_update,13,A_unrestricted_random-01,A_unrestricted_random,v3/experiments/server_configs/V3-E__A_unrestricted_random-01__seed_13.yaml,2e98b9979a46789c65bc4278bb5366bff11645ba607720fc921ab1688d758ac4,E3.3,experiments/v3_results/V3-E__A_unrestricted_random-01__seed_13,planned,92,8
V3-E__A_unrestricted_random-02__seed_13,V3-E3-RANDOM,E__A_unrestricted_random-02,dual_branch,random_feature_coral,supervised_update,13,A_unrestricted_random-02,A_unrestricted_random,v3/experiments/server_configs/V3-E__A_unrestricted_random-02__seed_13.yaml,e48a13e12c306821be114d055da0ff396c808b21df6b59554951ad6200596ded,E3.3,experiments/v3_results/V3-E__A_unrestricted_random-02__seed_13,planned,93,9
V3-E__A_unrestricted_random-03__seed_13,V3-E3-RANDOM,E__A_unrestricted_random-03,dual_branch,random_feature_coral,supervised_update,13,A_unrestricted_random-03,A_unrestricted_random,v3/experiments/server_configs/V3-E__A_unrestricted_random-03__seed_13.yaml,6ef2a67ec04107b147edadb69ebc7d043134f47d9e82f2b977c8b47231a2ee39,E3.3,experiments/v3_results/V3-E__A_unrestricted_random-03__seed_13,planned,94,10
V3-E__A_unrestricted_random-04__seed_13,V3-E3-RANDOM,E__A_unrestricted_random-04,dual_branch,random_feature_coral,supervised_update,13,A_unrestricted_random-04,A_unrestricted_random,v3/experiments/server_configs/V3-E__A_unrestricted_random-04__seed_13.yaml,5bb6265d9382f4a2c11c3d2556c368e88b0db85835d613fed0e75fd9781eefe3,E3.3,experiments/v3_results/V3-E__A_unrestricted_random-04__seed_13,planned,95,11
V3-E__A_unrestricted_random-05__seed_13,V3-E3-RANDOM,E__A_unrestricted_random-05,dual_branch,random_feature_coral,supervised_update,13,A_unrestricted_random-05,A_unrestricted_random,v3/experiments/server_configs/V3-E__A_unrestricted_random-05__seed_13.yaml,a63d97e79023967ebf15c83e4ce98ed7bbf7dfb137ba61d9a90ce75366242331,E3.3,experiments/v3_results/V3-E__A_unrestricted_random-05__seed_13,planned,96,12
V3-E__A_unrestricted_random-06__seed_13,V3-E3-RANDOM,E__A_unrestricted_random-06,dual_branch,random_feature_coral,supervised_update,13,A_unrestricted_random-06,A_unrestricted_random,v3/experiments/server_configs/V3-E__A_unrestricted_random-06__seed_13.yaml,b8cb921c4496236c2c393c715ee392db0cac6f705c2cad7bc3664c5de98c448d,E3.3,experiments/v3_results/V3-E__A_unrestricted_random-06__seed_13,planned,97,13
V3-E__A_unrestricted_random-07__seed_13,V3-E3-RANDOM,E__A_unrestricted_random-07,dual_branch,random_feature_coral,supervised_update,13,A_unrestricted_random-07,A_unrestricted_random,v3/experiments/server_configs/V3-E__A_unrestricted_random-07__seed_13.yaml,0a8a89920a9204b32f021e94b6b4a5161461347ba97af8c97fc751ded0058708,E3.3,experiments/v3_results/V3-E__A_unrestricted_random-07__seed_13,planned,98,14
V3-E__A_unrestricted_random-08__seed_13,V3-E3-RANDOM,E__A_unrestricted_random-08,dual_branch,random_feature_coral,supervised_update,13,A_unrestricted_random-08,A_unrestricted_random,v3/experiments/server_configs/V3-E__A_unrestricted_random-08__seed_13.yaml,8f4d9f17a0ebdb716e8bc36df4d49e5566cc279124ac4525ff1e5820f2327f38,E3.3,experiments/v3_results/V3-E__A_unrestricted_random-08__seed_13,planned,99,15
V3-E__A_unrestricted_random-09__seed_13,V3-E3-RANDOM,E__A_unrestricted_random-09,dual_branch,random_feature_coral,supervised_update,13,A_unrestricted_random-09,A_unrestricted_random,v3/experiments/server_configs/V3-E__A_unrestricted_random-09__seed_13.yaml,e4420fe8219b037b16dc4903280105f336af66630b8c4a99dbf46637a3b124f4,E3.3,experiments/v3_results/V3-E__A_unrestricted_random-09__seed_13,planned,100,16
V3-E__A_unrestricted_random-10__seed_13,V3-E3-RANDOM,E__A_unrestricted_random-10,dual_branch,random_feature_coral,supervised_update,13,A_unrestricted_random-10,A_unrestricted_random,v3/experiments/server_configs/V3-E__A_unrestricted_random-10__seed_13.yaml,d15abbd176eb6c860997936ba0638e814e5b7acebb4ff7a455c55b53849b5e89,E3.3,experiments/v3_results/V3-E__A_unrestricted_random-10__seed_13,planned,101,17
V3-E__A_unrestricted_random-11__seed_13,V3-E3-RANDOM,E__A_unrestricted_random-11,dual_branch,random_feature_coral,supervised_update,13,A_unrestricted_random-11,A_unrestricted_random,v3/experiments/server_configs/V3-E__A_unrestricted_random-11__seed_13.yaml,3abacb0f912572f32d635af95e88e9c03b62811bfa7ad749fd6a8e54f7dc969f,E3.3,experiments/v3_results/V3-E__A_unrestricted_random-11__seed_13,planned,102,18
V3-E__A_unrestricted_random-12__seed_13,V3-E3-RANDOM,E__A_unrestricted_random-12,dual_branch,random_feature_coral,supervised_update,13,A_unrestricted_random-12,A_unrestricted_random,v3/experiments/server_configs/V3-E__A_unrestricted_random-12__seed_13.yaml,3536876a902b322efc7c6c66f75e1213710d9681248400ac1c1562f5495c8ae1,E3.3,experiments/v3_results/V3-E__A_unrestricted_random-12__seed_13,planned,103,19
V3-E__A_unrestricted_random-13__seed_13,V3-E3-RANDOM,E__A_unrestricted_random-13,dual_branch,random_feature_coral,supervised_update,13,A_unrestricted_random-13,A_unrestricted_random,v3/experiments/server_configs/V3-E__A_unrestricted_random-13__seed_13.yaml,ca43bbff85844d5e2cefea1d58f1f90afc152ed24b37adc63c4f488e54dc71bc,E3.3,experiments/v3_results/V3-E__A_unrestricted_random-13__seed_13,planned,104,20
V3-E__A_unrestricted_random-14__seed_13,V3-E3-RANDOM,E__A_unrestricted_random-14,dual_branch,random_feature_coral,supervised_update,13,A_unrestricted_random-14,A_unrestricted_random,v3/experiments/server_configs/V3-E__A_unrestricted_random-14__seed_13.yaml,25cd776d31805d05fb98bcbb1cbc0c1aefa2b6be38db2e297509439e6ada4052,E3.3,experiments/v3_results/V3-E__A_unrestricted_random-14__seed_13,planned,105,21
V3-E__A_unrestricted_random-15__seed_13,V3-E3-RANDOM,E__A_unrestricted_random-15,dual_branch,random_feature_coral,supervised_update,13,A_unrestricted_random-15,A_unrestricted_random,v3/experiments/server_configs/V3-E__A_unrestricted_random-15__seed_13.yaml,9ac6263ca8a0bb323cc08bddb5290dfe0e4e70c20041e56aeb3737c399c51245,E3.3,experiments/v3_results/V3-E__A_unrestricted_random-15__seed_13,planned,106,22
V3-E__A_unrestricted_random-16__seed_13,V3-E3-RANDOM,E__A_unrestricted_random-16,dual_branch,random_feature_coral,supervised_update,13,A_unrestricted_random-16,A_unrestricted_random,v3/experiments/server_configs/V3-E__A_unrestricted_random-16__seed_13.yaml,fd1ddac49c65b47b41b9ae4c2674140863e83de659ffc4bbbf9c38f8debc72e4,E3.3,experiments/v3_results/V3-E__A_unrestricted_random-16__seed_13,planned,107,23
V3-E__A_unrestricted_random-17__seed_13,V3-E3-RANDOM,E__A_unrestricted_random-17,dual_branch,random_feature_coral,supervised_update,13,A_unrestricted_random-17,A_unrestricted_random,v3/experiments/server_configs/V3-E__A_unrestricted_random-17__seed_13.yaml,16523be05ad7fec612610ccc921bd6d731884637853213474c2a66eaea5d7d1a,E3.3,experiments/v3_results/V3-E__A_unrestricted_random-17__seed_13,planned,108,24
V3-E__A_unrestricted_random-18__seed_13,V3-E3-RANDOM,E__A_unrestricted_random-18,dual_branch,random_feature_coral,supervised_update,13,A_unrestricted_random-18,A_unrestricted_random,v3/experiments/server_configs/V3-E__A_unrestricted_random-18__seed_13.yaml,4f405e45791ca289e9b6cdc58d037d9fc758afefef006f625d424eb0de711d6c,E3.3,experiments/v3_results/V3-E__A_unrestricted_random-18__seed_13,planned,109,25
V3-E__A_unrestricted_random-19__seed_13,V3-E3-RANDOM,E__A_unrestricted_random-19,dual_branch,random_feature_coral,supervised_update,13,A_unrestricted_random-19,A_unrestricted_random,v3/experiments/server_configs/V3-E__A_unrestricted_random-19__seed_13.yaml,ef3272e1601d12aa029cf4cdd824ef8e67d0f4e021a9fabdac7e5a2f3f35c616,E3.3,experiments/v3_results/V3-E__A_unrestricted_random-19__seed_13,planned,110,26
V3-E__B_variance_matched-01__seed_13,V3-E3-RANDOM,E__B_variance_matched-01,dual_branch,random_feature_coral,supervised_update,13,B_variance_matched-01,B_variance_matched,v3/experiments/server_configs/V3-E__B_variance_matched-01__seed_13.yaml,c920a2d5e46875dddca69eedde22bcee8dc50d69b604d1facf448f490f6d3cf3,E3.3,experiments/v3_results/V3-E__B_variance_matched-01__seed_13,planned,111,27
V3-E__B_variance_matched-02__seed_13,V3-E3-RANDOM,E__B_variance_matched-02,dual_branch,random_feature_coral,supervised_update,13,B_variance_matched-02,B_variance_matched,v3/experiments/server_configs/V3-E__B_variance_matched-02__seed_13.yaml,59075e35892b0b685cdca25bb8acc565ae82305f56e9b6fdd1f9118c78eca157,E3.3,experiments/v3_results/V3-E__B_variance_matched-02__seed_13,planned,112,28
V3-E__B_variance_matched-03__seed_13,V3-E3-RANDOM,E__B_variance_matched-03,dual_branch,random_feature_coral,supervised_update,13,B_variance_matched-03,B_variance_matched,v3/experiments/server_configs/V3-E__B_variance_matched-03__seed_13.yaml,ed0213364d204a764462394aac93259f6df86a204df899cd527d45d4eb2ab457,E3.3,experiments/v3_results/V3-E__B_variance_matched-03__seed_13,planned,113,29
V3-E__B_variance_matched-04__seed_13,V3-E3-RANDOM,E__B_variance_matched-04,dual_branch,random_feature_coral,supervised_update,13,B_variance_matched-04,B_variance_matched,v3/experiments/server_configs/V3-E__B_variance_matched-04__seed_13.yaml,e0b668b824328130c59f687e4b64abd2ab36f66a1444e91163e15e0fc1ac60c3,E3.3,experiments/v3_results/V3-E__B_variance_matched-04__seed_13,planned,114,30
V3-E__B_variance_matched-05__seed_13,V3-E3-RANDOM,E__B_variance_matched-05,dual_branch,random_feature_coral,supervised_update,13,B_variance_matched-05,B_variance_matched,v3/experiments/server_configs/V3-E__B_variance_matched-05__seed_13.yaml,40a1845bcd4e93e96dfc94bf534cd8af2936769f05577c6139bf4062a5e0ce2b,E3.3,experiments/v3_results/V3-E__B_variance_matched-05__seed_13,planned,115,31
V3-E__B_variance_matched-06__seed_13,V3-E3-RANDOM,E__B_variance_matched-06,dual_branch,random_feature_coral,supervised_update,13,B_variance_matched-06,B_variance_matched,v3/experiments/server_configs/V3-E__B_variance_matched-06__seed_13.yaml,197c170288dbcfc3e6c3ef2480b83ba13dd59d9958966ad60834c43d16abfed6,E3.3,experiments/v3_results/V3-E__B_variance_matched-06__seed_13,planned,116,32
V3-E__B_variance_matched-07__seed_13,V3-E3-RANDOM,E__B_variance_matched-07,dual_branch,random_feature_coral,supervised_update,13,B_variance_matched-07,B_variance_matched,v3/experiments/server_configs/V3-E__B_variance_matched-07__seed_13.yaml,33a42aa0c409fe8ef56c66e33779f0efcfd08756e28fdb4069c22967aeb64eca,E3.3,experiments/v3_results/V3-E__B_variance_matched-07__seed_13,planned,117,33
V3-E__B_variance_matched-08__seed_13,V3-E3-RANDOM,E__B_variance_matched-08,dual_branch,random_feature_coral,supervised_update,13,B_variance_matched-08,B_variance_matched,v3/experiments/server_configs/V3-E__B_variance_matched-08__seed_13.yaml,c9977803d8bf04df7c683ca1bc2d83eb7ff4ad73b89b770b54bdfeea8300377f,E3.3,experiments/v3_results/V3-E__B_variance_matched-08__seed_13,planned,118,34
V3-E__B_variance_matched-09__seed_13,V3-E3-RANDOM,E__B_variance_matched-09,dual_branch,random_feature_coral,supervised_update,13,B_variance_matched-09,B_variance_matched,v3/experiments/server_configs/V3-E__B_variance_matched-09__seed_13.yaml,3e117d2efb89ff15d31ab2467b7d72bacb111fb2059f96c52ed0124893d5d6ee,E3.3,experiments/v3_results/V3-E__B_variance_matched-09__seed_13,planned,119,35
V3-E__B_variance_matched-10__seed_13,V3-E3-RANDOM,E__B_variance_matched-10,dual_branch,random_feature_coral,supervised_update,13,B_variance_matched-10,B_variance_matched,v3/experiments/server_configs/V3-E__B_variance_matched-10__seed_13.yaml,3eaf04581345416b5a944855a381bbde778a6904796525b0cd0c88ba9823fcea,E3.3,experiments/v3_results/V3-E__B_variance_matched-10__seed_13,planned,120,36
V3-E__B_variance_matched-11__seed_13,V3-E3-RANDOM,E__B_variance_matched-11,dual_branch,random_feature_coral,supervised_update,13,B_variance_matched-11,B_variance_matched,v3/experiments/server_configs/V3-E__B_variance_matched-11__seed_13.yaml,c6c644a7813b51763bcfd39160acaa86ed292c88c2afcc65eb32dfb5c2bb726b,E3.3,experiments/v3_results/V3-E__B_variance_matched-11__seed_13,planned,121,37
V3-E__B_variance_matched-12__seed_13,V3-E3-RANDOM,E__B_variance_matched-12,dual_branch,random_feature_coral,supervised_update,13,B_variance_matched-12,B_variance_matched,v3/experiments/server_configs/V3-E__B_variance_matched-12__seed_13.yaml,d25b1c5acaf848a43bc34cc6eefcc31fe61acb70614314266201ce95d6e77474,E3.3,experiments/v3_results/V3-E__B_variance_matched-12__seed_13,planned,122,38
V3-E__B_variance_matched-13__seed_13,V3-E3-RANDOM,E__B_variance_matched-13,dual_branch,random_feature_coral,supervised_update,13,B_variance_matched-13,B_variance_matched,v3/experiments/server_configs/V3-E__B_variance_matched-13__seed_13.yaml,2351cb9edc8e359196183fa8f8042e86c69deaee5a2e89c0e1897e80d30ec0d4,E3.3,experiments/v3_results/V3-E__B_variance_matched-13__seed_13,planned,123,39
V3-E__B_variance_matched-14__seed_13,V3-E3-RANDOM,E__B_variance_matched-14,dual_branch,random_feature_coral,supervised_update,13,B_variance_matched-14,B_variance_matched,v3/experiments/server_configs/V3-E__B_variance_matched-14__seed_13.yaml,50b96df001d8d4eb97877f559d7e6d5be9516b1283264c1d60d8294ef75f8814,E3.3,experiments/v3_results/V3-E__B_variance_matched-14__seed_13,planned,124,40
V3-E__B_variance_matched-15__seed_13,V3-E3-RANDOM,E__B_variance_matched-15,dual_branch,random_feature_coral,supervised_update,13,B_variance_matched-15,B_variance_matched,v3/experiments/server_configs/V3-E__B_variance_matched-15__seed_13.yaml,f6d25bb3514de531c609f7cb41dda06ef7555af36a5a341dae4d0dd94d7a40da,E3.3,experiments/v3_results/V3-E__B_variance_matched-15__seed_13,planned,125,41
V3-E__B_variance_matched-16__seed_13,V3-E3-RANDOM,E__B_variance_matched-16,dual_branch,random_feature_coral,supervised_update,13,B_variance_matched-16,B_variance_matched,v3/experiments/server_configs/V3-E__B_variance_matched-16__seed_13.yaml,eaf15e5901d9d80fe443602e350adb5d5d7aa5ca0a3075308faa678d0aac5a07,E3.3,experiments/v3_results/V3-E__B_variance_matched-16__seed_13,planned,126,42
V3-E__B_variance_matched-17__seed_13,V3-E3-RANDOM,E__B_variance_matched-17,dual_branch,random_feature_coral,supervised_update,13,B_variance_matched-17,B_variance_matched,v3/experiments/server_configs/V3-E__B_variance_matched-17__seed_13.yaml,92f1cb1420ef639b3a15e4138f5c3ce436ec49b48525d600382ffd504111f227,E3.3,experiments/v3_results/V3-E__B_variance_matched-17__seed_13,planned,127,43
V3-E__B_variance_matched-18__seed_13,V3-E3-RANDOM,E__B_variance_matched-18,dual_branch,random_feature_coral,supervised_update,13,B_variance_matched-18,B_variance_matched,v3/experiments/server_configs/V3-E__B_variance_matched-18__seed_13.yaml,fb92b56d926511b58b12bdffccedd75686cc3ef234c6e0754817f87aabe8cdbe,E3.3,experiments/v3_results/V3-E__B_variance_matched-18__seed_13,planned,128,44
V3-E__B_variance_matched-19__seed_13,V3-E3-RANDOM,E__B_variance_matched-19,dual_branch,random_feature_coral,supervised_update,13,B_variance_matched-19,B_variance_matched,v3/experiments/server_configs/V3-E__B_variance_matched-19__seed_13.yaml,17b24c8fa0d51e2f6705e63f92bc47c6a5988f41b0aee79c812301defde94ac8,E3.3,experiments/v3_results/V3-E__B_variance_matched-19__seed_13,planned,129,45
V3-E__C_group_size_matched-01__seed_13,V3-E3-RANDOM,E__C_group_size_matched-01,dual_branch,random_feature_coral,supervised_update,13,C_group_size_matched-01,C_group_size_matched,v3/experiments/server_configs/V3-E__C_group_size_matched-01__seed_13.yaml,a8c4162ad57a336e3c4848c31e679cdb56af608b1cad029f5266877ba42410ff,E3.3,experiments/v3_results/V3-E__C_group_size_matched-01__seed_13,planned,130,46
V3-E__C_group_size_matched-02__seed_13,V3-E3-RANDOM,E__C_group_size_matched-02,dual_branch,random_feature_coral,supervised_update,13,C_group_size_matched-02,C_group_size_matched,v3/experiments/server_configs/V3-E__C_group_size_matched-02__seed_13.yaml,984ff0504a42f25eab363647ba0f4800110d0a37c676d8775362d047ecf07db8,E3.3,experiments/v3_results/V3-E__C_group_size_matched-02__seed_13,planned,131,47
V3-E__C_group_size_matched-03__seed_13,V3-E3-RANDOM,E__C_group_size_matched-03,dual_branch,random_feature_coral,supervised_update,13,C_group_size_matched-03,C_group_size_matched,v3/experiments/server_configs/V3-E__C_group_size_matched-03__seed_13.yaml,c64626b8575249d25b2725f072f82747262871ba291d0ea314ec1ae3b32d0ca5,E3.3,experiments/v3_results/V3-E__C_group_size_matched-03__seed_13,planned,132,48
V3-E__C_group_size_matched-04__seed_13,V3-E3-RANDOM,E__C_group_size_matched-04,dual_branch,random_feature_coral,supervised_update,13,C_group_size_matched-04,C_group_size_matched,v3/experiments/server_configs/V3-E__C_group_size_matched-04__seed_13.yaml,488ca14c9bd52e3ff8b37592dba44a25b4d69bf9c5b0cf4b46f84ebd13bf012a,E3.3,experiments/v3_results/V3-E__C_group_size_matched-04__seed_13,planned,133,49
V3-E__C_group_size_matched-05__seed_13,V3-E3-RANDOM,E__C_group_size_matched-05,dual_branch,random_feature_coral,supervised_update,13,C_group_size_matched-05,C_group_size_matched,v3/experiments/server_configs/V3-E__C_group_size_matched-05__seed_13.yaml,e75cae580773ac9d431bec5cf1291d213394c2ebe419bb9eb02450683de0cee8,E3.3,experiments/v3_results/V3-E__C_group_size_matched-05__seed_13,planned,134,50
V3-E__C_group_size_matched-06__seed_13,V3-E3-RANDOM,E__C_group_size_matched-06,dual_branch,random_feature_coral,supervised_update,13,C_group_size_matched-06,C_group_size_matched,v3/experiments/server_configs/V3-E__C_group_size_matched-06__seed_13.yaml,d0bcffdec9f6acade25eface3c687c33d92ea910f1b4703e48ef577cbfc0d9ae,E3.3,experiments/v3_results/V3-E__C_group_size_matched-06__seed_13,planned,135,51
V3-E__C_group_size_matched-07__seed_13,V3-E3-RANDOM,E__C_group_size_matched-07,dual_branch,random_feature_coral,supervised_update,13,C_group_size_matched-07,C_group_size_matched,v3/experiments/server_configs/V3-E__C_group_size_matched-07__seed_13.yaml,7eb018429c7c09b350bf76297c9d80bfd92f9ab92cf84270feedc93f3fd3cd29,E3.3,experiments/v3_results/V3-E__C_group_size_matched-07__seed_13,planned,136,52
V3-E__C_group_size_matched-08__seed_13,V3-E3-RANDOM,E__C_group_size_matched-08,dual_branch,random_feature_coral,supervised_update,13,C_group_size_matched-08,C_group_size_matched,v3/experiments/server_configs/V3-E__C_group_size_matched-08__seed_13.yaml,fbb3d34808fd483cba4981ce5696b1841dc351934486b9fc62e442f7cb72df33,E3.3,experiments/v3_results/V3-E__C_group_size_matched-08__seed_13,planned,137,53
V3-E__C_group_size_matched-09__seed_13,V3-E3-RANDOM,E__C_group_size_matched-09,dual_branch,random_feature_coral,supervised_update,13,C_group_size_matched-09,C_group_size_matched,v3/experiments/server_configs/V3-E__C_group_size_matched-09__seed_13.yaml,0fc1f9ab347de2e08baf47dd74af88d6710adff3c307f8e24f7dca4e61ec49ec,E3.3,experiments/v3_results/V3-E__C_group_size_matched-09__seed_13,planned,138,54
V3-E__C_group_size_matched-10__seed_13,V3-E3-RANDOM,E__C_group_size_matched-10,dual_branch,random_feature_coral,supervised_update,13,C_group_size_matched-10,C_group_size_matched,v3/experiments/server_configs/V3-E__C_group_size_matched-10__seed_13.yaml,06b4ec8a60bfe64846ebeaafb7c97e4591323e9875927c173ae046847c3d6d3d,E3.3,experiments/v3_results/V3-E__C_group_size_matched-10__seed_13,planned,139,55
V3-E__C_group_size_matched-11__seed_13,V3-E3-RANDOM,E__C_group_size_matched-11,dual_branch,random_feature_coral,supervised_update,13,C_group_size_matched-11,C_group_size_matched,v3/experiments/server_configs/V3-E__C_group_size_matched-11__seed_13.yaml,9ae023926a4b72c76b335d18fdcb84984ef76df939badd052e28cd3795a5f89e,E3.3,experiments/v3_results/V3-E__C_group_size_matched-11__seed_13,planned,140,56
V3-E__C_group_size_matched-12__seed_13,V3-E3-RANDOM,E__C_group_size_matched-12,dual_branch,random_feature_coral,supervised_update,13,C_group_size_matched-12,C_group_size_matched,v3/experiments/server_configs/V3-E__C_group_size_matched-12__seed_13.yaml,b9787b36b374f3f716a17cc512e5a1b151f8c8d8e68179589746d38df38cd19e,E3.3,experiments/v3_results/V3-E__C_group_size_matched-12__seed_13,planned,141,57
V3-E__C_group_size_matched-13__seed_13,V3-E3-RANDOM,E__C_group_size_matched-13,dual_branch,random_feature_coral,supervised_update,13,C_group_size_matched-13,C_group_size_matched,v3/experiments/server_configs/V3-E__C_group_size_matched-13__seed_13.yaml,5cc8938853d2d271a99458cad68c5e96f4d12baace838ce82b31f7193464364c,E3.3,experiments/v3_results/V3-E__C_group_size_matched-13__seed_13,planned,142,58
V3-E__C_group_size_matched-14__seed_13,V3-E3-RANDOM,E__C_group_size_matched-14,dual_branch,random_feature_coral,supervised_update,13,C_group_size_matched-14,C_group_size_matched,v3/experiments/server_configs/V3-E__C_group_size_matched-14__seed_13.yaml,73cbc135b8b777ff1f31bc1273bca967b48b66060435a746ad6fe9b4314891b7,E3.3,experiments/v3_results/V3-E__C_group_size_matched-14__seed_13,planned,143,59
V3-E__C_group_size_matched-15__seed_13,V3-E3-RANDOM,E__C_group_size_matched-15,dual_branch,random_feature_coral,supervised_update,13,C_group_size_matched-15,C_group_size_matched,v3/experiments/server_configs/V3-E__C_group_size_matched-15__seed_13.yaml,a68d693c28881d37393e778df2c61ac8d8579449a3113466485a192156001246,E3.3,experiments/v3_results/V3-E__C_group_size_matched-15__seed_13,planned,144,60
V3-E__C_group_size_matched-16__seed_13,V3-E3-RANDOM,E__C_group_size_matched-16,dual_branch,random_feature_coral,supervised_update,13,C_group_size_matched-16,C_group_size_matched,v3/experiments/server_configs/V3-E__C_group_size_matched-16__seed_13.yaml,c198da66ecbbc9b2a38fedf4beee02d89c9848610f5ab400afc2b8bba5cb25fe,E3.3,experiments/v3_results/V3-E__C_group_size_matched-16__seed_13,planned,145,61
V3-E__C_group_size_matched-17__seed_13,V3-E3-RANDOM,E__C_group_size_matched-17,dual_branch,random_feature_coral,supervised_update,13,C_group_size_matched-17,C_group_size_matched,v3/experiments/server_configs/V3-E__C_group_size_matched-17__seed_13.yaml,1e641224b1ae9af4dd027eda502544f5d2ae5b8c0e1a8c0b4db29245f661a426,E3.3,experiments/v3_results/V3-E__C_group_size_matched-17__seed_13,planned,146,62
V3-E__C_group_size_matched-18__seed_13,V3-E3-RANDOM,E__C_group_size_matched-18,dual_branch,random_feature_coral,supervised_update,13,C_group_size_matched-18,C_group_size_matched,v3/experiments/server_configs/V3-E__C_group_size_matched-18__seed_13.yaml,7af26f29634dea4ae619cc9adb11495fe959acf9fffa6f73af7ecb53e0175a9f,E3.3,experiments/v3_results/V3-E__C_group_size_matched-18__seed_13,planned,147,63
V3-E__C_group_size_matched-19__seed_13,V3-E3-RANDOM,E__C_group_size_matched-19,dual_branch,random_feature_coral,supervised_update,13,C_group_size_matched-19,C_group_size_matched,v3/experiments/server_configs/V3-E__C_group_size_matched-19__seed_13.yaml,6086bf6e67581c0f808702fdd0de40cf5cee6fe344cc0458be12db55b24df42c,E3.3,experiments/v3_results/V3-E__C_group_size_matched-19__seed_13,planned,148,64
V3-E__D_clinical_type_matched-01__seed_13,V3-E3-RANDOM,E__D_clinical_type_matched-01,dual_branch,random_feature_coral,supervised_update,13,D_clinical_type_matched-01,D_clinical_type_matched,v3/experiments/server_configs/V3-E__D_clinical_type_matched-01__seed_13.yaml,de7eb475981c26bc02e49954c66acfeb469e8fea8ef7a4ce3302ba6d60d5afc1,E3.3,experiments/v3_results/V3-E__D_clinical_type_matched-01__seed_13,planned,149,65
V3-E__D_clinical_type_matched-02__seed_13,V3-E3-RANDOM,E__D_clinical_type_matched-02,dual_branch,random_feature_coral,supervised_update,13,D_clinical_type_matched-02,D_clinical_type_matched,v3/experiments/server_configs/V3-E__D_clinical_type_matched-02__seed_13.yaml,987649db4a8bc20be763e23288fdd25ae316eeca204bad8e121aa1b641db4dc1,E3.3,experiments/v3_results/V3-E__D_clinical_type_matched-02__seed_13,planned,150,66
V3-E__D_clinical_type_matched-03__seed_13,V3-E3-RANDOM,E__D_clinical_type_matched-03,dual_branch,random_feature_coral,supervised_update,13,D_clinical_type_matched-03,D_clinical_type_matched,v3/experiments/server_configs/V3-E__D_clinical_type_matched-03__seed_13.yaml,379a840a0601f104b3212d5ed2e37837da5bc3fb728f2e3e92ea741e5fd3f966,E3.3,experiments/v3_results/V3-E__D_clinical_type_matched-03__seed_13,planned,151,67
V3-E__D_clinical_type_matched-04__seed_13,V3-E3-RANDOM,E__D_clinical_type_matched-04,dual_branch,random_feature_coral,supervised_update,13,D_clinical_type_matched-04,D_clinical_type_matched,v3/experiments/server_configs/V3-E__D_clinical_type_matched-04__seed_13.yaml,5bee855cb1c1300ae8e5d690e8a5529377edad1fd6bc6548bcf1dc5631964646,E3.3,experiments/v3_results/V3-E__D_clinical_type_matched-04__seed_13,planned,152,68
V3-E__D_clinical_type_matched-05__seed_13,V3-E3-RANDOM,E__D_clinical_type_matched-05,dual_branch,random_feature_coral,supervised_update,13,D_clinical_type_matched-05,D_clinical_type_matched,v3/experiments/server_configs/V3-E__D_clinical_type_matched-05__seed_13.yaml,5f752caf97a9dfd3e3840bf99c3619d58a84bee31debe99c52433ba87e1ef3b0,E3.3,experiments/v3_results/V3-E__D_clinical_type_matched-05__seed_13,planned,153,69
V3-E__D_clinical_type_matched-06__seed_13,V3-E3-RANDOM,E__D_clinical_type_matched-06,dual_branch,random_feature_coral,supervised_update,13,D_clinical_type_matched-06,D_clinical_type_matched,v3/experiments/server_configs/V3-E__D_clinical_type_matched-06__seed_13.yaml,70c5f8a54d83aebc9a0996072a14d6ae464ce321977c58f61b6e548d364f401a,E3.3,experiments/v3_results/V3-E__D_clinical_type_matched-06__seed_13,planned,154,70
V3-E__D_clinical_type_matched-07__seed_13,V3-E3-RANDOM,E__D_clinical_type_matched-07,dual_branch,random_feature_coral,supervised_update,13,D_clinical_type_matched-07,D_clinical_type_matched,v3/experiments/server_configs/V3-E__D_clinical_type_matched-07__seed_13.yaml,874c0f69ae5789ccdb416e4d51af4bf5756bc722176461b45539d8f8c2ed9fa2,E3.3,experiments/v3_results/V3-E__D_clinical_type_matched-07__seed_13,planned,155,71
V3-E__D_clinical_type_matched-08__seed_13,V3-E3-RANDOM,E__D_clinical_type_matched-08,dual_branch,random_feature_coral,supervised_update,13,D_clinical_type_matched-08,D_clinical_type_matched,v3/experiments/server_configs/V3-E__D_clinical_type_matched-08__seed_13.yaml,8f3eb4fcb5af6db517dc77d32f9e7223b86a4d3b1aa0073c757ea1d9690349d9,E3.3,experiments/v3_results/V3-E__D_clinical_type_matched-08__seed_13,planned,156,72
V3-E__D_clinical_type_matched-09__seed_13,V3-E3-RANDOM,E__D_clinical_type_matched-09,dual_branch,random_feature_coral,supervised_update,13,D_clinical_type_matched-09,D_clinical_type_matched,v3/experiments/server_configs/V3-E__D_clinical_type_matched-09__seed_13.yaml,61dbd726aef574672b73f0cf1460bf8855dceadbd3b8845619e81fb330f8e9a4,E3.3,experiments/v3_results/V3-E__D_clinical_type_matched-09__seed_13,planned,157,73
V3-E__D_clinical_type_matched-10__seed_13,V3-E3-RANDOM,E__D_clinical_type_matched-10,dual_branch,random_feature_coral,supervised_update,13,D_clinical_type_matched-10,D_clinical_type_matched,v3/experiments/server_configs/V3-E__D_clinical_type_matched-10__seed_13.yaml,f8eb57b3667c8ebf703bc6011959d1e71f38afd7991f3265a9a71745c2179eaf,E3.3,experiments/v3_results/V3-E__D_clinical_type_matched-10__seed_13,planned,158,74
V3-E__D_clinical_type_matched-11__seed_13,V3-E3-RANDOM,E__D_clinical_type_matched-11,dual_branch,random_feature_coral,supervised_update,13,D_clinical_type_matched-11,D_clinical_type_matched,v3/experiments/server_configs/V3-E__D_clinical_type_matched-11__seed_13.yaml,09dc1e6be54c0a7fdd85d96f4e5be9f466e8eabc04aec16a5472da29acc4021c,E3.3,experiments/v3_results/V3-E__D_clinical_type_matched-11__seed_13,planned,159,75
V3-E__D_clinical_type_matched-12__seed_13,V3-E3-RANDOM,E__D_clinical_type_matched-12,dual_branch,random_feature_coral,supervised_update,13,D_clinical_type_matched-12,D_clinical_type_matched,v3/experiments/server_configs/V3-E__D_clinical_type_matched-12__seed_13.yaml,ff8c2c9917219c94dbea623b2f1431e50a17f6cdf215891da31daf8316054353,E3.3,experiments/v3_results/V3-E__D_clinical_type_matched-12__seed_13,planned,160,76
V3-E__D_clinical_type_matched-13__seed_13,V3-E3-RANDOM,E__D_clinical_type_matched-13,dual_branch,random_feature_coral,supervised_update,13,D_clinical_type_matched-13,D_clinical_type_matched,v3/experiments/server_configs/V3-E__D_clinical_type_matched-13__seed_13.yaml,8f41b823e9ada2c644d2378a3ae0d81ed6b0ed08af6f5001570555a1487e97e2,E3.3,experiments/v3_results/V3-E__D_clinical_type_matched-13__seed_13,planned,161,77
V3-E__D_clinical_type_matched-14__seed_13,V3-E3-RANDOM,E__D_clinical_type_matched-14,dual_branch,random_feature_coral,supervised_update,13,D_clinical_type_matched-14,D_clinical_type_matched,v3/experiments/server_configs/V3-E__D_clinical_type_matched-14__seed_13.yaml,a69638e2771e5ad5282310ca0903f9a8f882cd6bb5d9928a0a15987a08f496f7,E3.3,experiments/v3_results/V3-E__D_clinical_type_matched-14__seed_13,planned,162,78
V3-E__D_clinical_type_matched-15__seed_13,V3-E3-RANDOM,E__D_clinical_type_matched-15,dual_branch,random_feature_coral,supervised_update,13,D_clinical_type_matched-15,D_clinical_type_matched,v3/experiments/server_configs/V3-E__D_clinical_type_matched-15__seed_13.yaml,808e63b8c43e5735238b58d6e4fee13f9eba7b32f3b8550872b6615c673417ef,E3.3,experiments/v3_results/V3-E__D_clinical_type_matched-15__seed_13,planned,163,79
V3-E__D_clinical_type_matched-16__seed_13,V3-E3-RANDOM,E__D_clinical_type_matched-16,dual_branch,random_feature_coral,supervised_update,13,D_clinical_type_matched-16,D_clinical_type_matched,v3/experiments/server_configs/V3-E__D_clinical_type_matched-16__seed_13.yaml,8b7512473ceed9c68289c0423d41f70cb5f88dd85a18b674a9d99c2625a6f883,E3.3,experiments/v3_results/V3-E__D_clinical_type_matched-16__seed_13,planned,164,80
V3-E__D_clinical_type_matched-17__seed_13,V3-E3-RANDOM,E__D_clinical_type_matched-17,dual_branch,random_feature_coral,supervised_update,13,D_clinical_type_matched-17,D_clinical_type_matched,v3/experiments/server_configs/V3-E__D_clinical_type_matched-17__seed_13.yaml,1b4e191b4b18dd813789367bc320f540e43ada4fd84e4d1b9a09ee7bf3a4f3e8,E3.3,experiments/v3_results/V3-E__D_clinical_type_matched-17__seed_13,planned,165,81
V3-E__D_clinical_type_matched-18__seed_13,V3-E3-RANDOM,E__D_clinical_type_matched-18,dual_branch,random_feature_coral,supervised_update,13,D_clinical_type_matched-18,D_clinical_type_matched,v3/experiments/server_configs/V3-E__D_clinical_type_matched-18__seed_13.yaml,22c30dd50fbde391dfab146b683f789a6c46b6ce7a92afb42d8908c4695b7002,E3.3,experiments/v3_results/V3-E__D_clinical_type_matched-18__seed_13,planned,166,82
V3-E__D_clinical_type_matched-19__seed_13,V3-E3-RANDOM,E__D_clinical_type_matched-19,dual_branch,random_feature_coral,supervised_update,13,D_clinical_type_matched-19,D_clinical_type_matched,v3/experiments/server_configs/V3-E__D_clinical_type_matched-19__seed_13.yaml,97a83a5e888d5215685019c6348d6b2405f67afc783a2a106dfcff019b4b8940,E3.3,experiments/v3_results/V3-E__D_clinical_type_matched-19__seed_13,planned,167,83
V3-source_only__seed_13,V3-E3-CONTROLS,source_only,single_encoder,none,source_only,13,,,v3/experiments/server_configs/V3-source_only__seed_13.yaml,ff6ac4cb877e0ee17b771fa0e2abd2dd5ec2cb75ab9752cb8d7e1bdaec9a57aa,E3.1,experiments/v3_results/V3-source_only__seed_13,planned,168,84
V3-B__seed_42,V3-E3-CONTROLS,B,single_encoder,global_coral,supervised_update,42,,,v3/experiments/server_configs/V3-B__seed_42.yaml,e8845f3e9397876bffae18c03e678350ca9a55a677316587062423b0d6f74825,E3.1,experiments/v3_results/V3-B__seed_42,planned,169,1
V3-C__seed_42,V3-E3-CONTROLS,C,dual_branch,no_alignment,supervised_update,42,,,v3/experiments/server_configs/V3-C__seed_42.yaml,2215e42b9e00c951e5ae0a8b58f96c98b0d1b6d8efc5121188cefa4fa5a37c80,E3.1,experiments/v3_results/V3-C__seed_42,planned,170,2
V3-D1__seed_42,V3-E3-SELECTIVE,D1,dual_branch,physiology_coral,supervised_update,42,,,v3/experiments/server_configs/V3-D1__seed_42.yaml,f2d2b8be7e2199a103dca2f1e94c1bbfcf207e50d2da8f7f080d063a7542a5e8,E3.2,experiments/v3_results/V3-D1__seed_42,planned,171,3
V3-D2__seed_42,V3-E3-SELECTIVE,D2,dual_branch,treatment_coral,supervised_update,42,,,v3/experiments/server_configs/V3-D2__seed_42.yaml,a482655078c7fd451371a89d721f4936638033ffa8486aee802be047f64835a8,E3.2,experiments/v3_results/V3-D2__seed_42,planned,172,4
V3-F__seed_42,V3-E3-CONTROLS,F,single_encoder,none,target_only,42,,,v3/experiments/server_configs/V3-F__seed_42.yaml,0a13caabb4a658f38d8985a7de2a5eda1e4039d5b80e665cabf6d37a97483f2a,E3.1,experiments/v3_results/V3-F__seed_42,planned,173,5
V3-G__seed_42,V3-E3-CONTROLS,G,dual_branch,global_coral,supervised_update,42,,,v3/experiments/server_configs/V3-G__seed_42.yaml,78b2a3b061535f6c22bbf8715387c99597552ec92454788da94594c7a20fe623,E3.1,experiments/v3_results/V3-G__seed_42,planned,174,6
V3-E__A_unrestricted_random-01__seed_42,V3-E3-RANDOM,E__A_unrestricted_random-01,dual_branch,random_feature_coral,supervised_update,42,A_unrestricted_random-01,A_unrestricted_random,v3/experiments/server_configs/V3-E__A_unrestricted_random-01__seed_42.yaml,c11381e6caf7b740de6843079dde20016289f75408273dafbb74e0edb34121a9,E3.3,experiments/v3_results/V3-E__A_unrestricted_random-01__seed_42,planned,175,7
V3-E__A_unrestricted_random-02__seed_42,V3-E3-RANDOM,E__A_unrestricted_random-02,dual_branch,random_feature_coral,supervised_update,42,A_unrestricted_random-02,A_unrestricted_random,v3/experiments/server_configs/V3-E__A_unrestricted_random-02__seed_42.yaml,2929413fde3ff4e548913ee0d0143e5c66ba067711d4113af40f067fbaf00954,E3.3,experiments/v3_results/V3-E__A_unrestricted_random-02__seed_42,planned,176,8
V3-E__A_unrestricted_random-03__seed_42,V3-E3-RANDOM,E__A_unrestricted_random-03,dual_branch,random_feature_coral,supervised_update,42,A_unrestricted_random-03,A_unrestricted_random,v3/experiments/server_configs/V3-E__A_unrestricted_random-03__seed_42.yaml,b0dadb3a2509cf6c03a2faeb53fbe8298fb3401c849e56b674cc21e395e6c10d,E3.3,experiments/v3_results/V3-E__A_unrestricted_random-03__seed_42,planned,177,9
V3-E__A_unrestricted_random-04__seed_42,V3-E3-RANDOM,E__A_unrestricted_random-04,dual_branch,random_feature_coral,supervised_update,42,A_unrestricted_random-04,A_unrestricted_random,v3/experiments/server_configs/V3-E__A_unrestricted_random-04__seed_42.yaml,48e0e6212645ec60fee4ce63153d866d35ad91b707bda32d6f54168e73abd8b6,E3.3,experiments/v3_results/V3-E__A_unrestricted_random-04__seed_42,planned,178,10
V3-E__A_unrestricted_random-05__seed_42,V3-E3-RANDOM,E__A_unrestricted_random-05,dual_branch,random_feature_coral,supervised_update,42,A_unrestricted_random-05,A_unrestricted_random,v3/experiments/server_configs/V3-E__A_unrestricted_random-05__seed_42.yaml,1fb922a6eaf3ab934676db682f7b30766180d83426f862ab0ac27130f5c89700,E3.3,experiments/v3_results/V3-E__A_unrestricted_random-05__seed_42,planned,179,11
V3-E__A_unrestricted_random-06__seed_42,V3-E3-RANDOM,E__A_unrestricted_random-06,dual_branch,random_feature_coral,supervised_update,42,A_unrestricted_random-06,A_unrestricted_random,v3/experiments/server_configs/V3-E__A_unrestricted_random-06__seed_42.yaml,8cdc2bbd1104471861939cb4c316c692eabcc876b1cb309a6d8d81ae0e03866b,E3.3,experiments/v3_results/V3-E__A_unrestricted_random-06__seed_42,planned,180,12
V3-E__A_unrestricted_random-07__seed_42,V3-E3-RANDOM,E__A_unrestricted_random-07,dual_branch,random_feature_coral,supervised_update,42,A_unrestricted_random-07,A_unrestricted_random,v3/experiments/server_configs/V3-E__A_unrestricted_random-07__seed_42.yaml,317b7b67d1f412655c705262248bb58b38119db54cdf87f102ba4717e2be604f,E3.3,experiments/v3_results/V3-E__A_unrestricted_random-07__seed_42,planned,181,13
V3-E__A_unrestricted_random-08__seed_42,V3-E3-RANDOM,E__A_unrestricted_random-08,dual_branch,random_feature_coral,supervised_update,42,A_unrestricted_random-08,A_unrestricted_random,v3/experiments/server_configs/V3-E__A_unrestricted_random-08__seed_42.yaml,c74cc4edb54b9a6c615964d04c6fd2ca2e45a364914c0e9005b76d897413a2ce,E3.3,experiments/v3_results/V3-E__A_unrestricted_random-08__seed_42,planned,182,14
V3-E__A_unrestricted_random-09__seed_42,V3-E3-RANDOM,E__A_unrestricted_random-09,dual_branch,random_feature_coral,supervised_update,42,A_unrestricted_random-09,A_unrestricted_random,v3/experiments/server_configs/V3-E__A_unrestricted_random-09__seed_42.yaml,c023402373d0f1ccff09334c677e2cd144df4aeb9ce5baf62fcb269035bd0a5a,E3.3,experiments/v3_results/V3-E__A_unrestricted_random-09__seed_42,planned,183,15
V3-E__A_unrestricted_random-10__seed_42,V3-E3-RANDOM,E__A_unrestricted_random-10,dual_branch,random_feature_coral,supervised_update,42,A_unrestricted_random-10,A_unrestricted_random,v3/experiments/server_configs/V3-E__A_unrestricted_random-10__seed_42.yaml,ad66d71f95b81a92f42ca26df08879fa860ea36a966a7482c5101d95858c0739,E3.3,experiments/v3_results/V3-E__A_unrestricted_random-10__seed_42,planned,184,16
V3-E__A_unrestricted_random-11__seed_42,V3-E3-RANDOM,E__A_unrestricted_random-11,dual_branch,random_feature_coral,supervised_update,42,A_unrestricted_random-11,A_unrestricted_random,v3/experiments/server_configs/V3-E__A_unrestricted_random-11__seed_42.yaml,7310ab7014e79f4e9e3a74ab2cb346ab717aa7d412a94274ea76847bd269b8aa,E3.3,experiments/v3_results/V3-E__A_unrestricted_random-11__seed_42,planned,185,17
V3-E__A_unrestricted_random-12__seed_42,V3-E3-RANDOM,E__A_unrestricted_random-12,dual_branch,random_feature_coral,supervised_update,42,A_unrestricted_random-12,A_unrestricted_random,v3/experiments/server_configs/V3-E__A_unrestricted_random-12__seed_42.yaml,3825990da79d474bf3ff15ae84427caa778de7e95888886df4727add15b06a16,E3.3,experiments/v3_results/V3-E__A_unrestricted_random-12__seed_42,planned,186,18
V3-E__A_unrestricted_random-13__seed_42,V3-E3-RANDOM,E__A_unrestricted_random-13,dual_branch,random_feature_coral,supervised_update,42,A_unrestricted_random-13,A_unrestricted_random,v3/experiments/server_configs/V3-E__A_unrestricted_random-13__seed_42.yaml,dc87b4722bb3de20076ee23ec1af5eccf51651e4ebbfa28480ec3712cac6e85c,E3.3,experiments/v3_results/V3-E__A_unrestricted_random-13__seed_42,planned,187,19
V3-E__A_unrestricted_random-14__seed_42,V3-E3-RANDOM,E__A_unrestricted_random-14,dual_branch,random_feature_coral,supervised_update,42,A_unrestricted_random-14,A_unrestricted_random,v3/experiments/server_configs/V3-E__A_unrestricted_random-14__seed_42.yaml,bb6f48c7af07d143e2d841929a8d1f5bba2095561579a10c4ee67da9f2e8b248,E3.3,experiments/v3_results/V3-E__A_unrestricted_random-14__seed_42,planned,188,20
V3-E__A_unrestricted_random-15__seed_42,V3-E3-RANDOM,E__A_unrestricted_random-15,dual_branch,random_feature_coral,supervised_update,42,A_unrestricted_random-15,A_unrestricted_random,v3/experiments/server_configs/V3-E__A_unrestricted_random-15__seed_42.yaml,b938c981e4a63fc26da33796f54a428a175383ba4c6739579894973f7ad4c03a,E3.3,experiments/v3_results/V3-E__A_unrestricted_random-15__seed_42,planned,189,21
V3-E__A_unrestricted_random-16__seed_42,V3-E3-RANDOM,E__A_unrestricted_random-16,dual_branch,random_feature_coral,supervised_update,42,A_unrestricted_random-16,A_unrestricted_random,v3/experiments/server_configs/V3-E__A_unrestricted_random-16__seed_42.yaml,86ec19f205e70b5149eb64021cc362abaffefd82a43dc35c8ae9a3df2bbd9a3e,E3.3,experiments/v3_results/V3-E__A_unrestricted_random-16__seed_42,planned,190,22
V3-E__A_unrestricted_random-17__seed_42,V3-E3-RANDOM,E__A_unrestricted_random-17,dual_branch,random_feature_coral,supervised_update,42,A_unrestricted_random-17,A_unrestricted_random,v3/experiments/server_configs/V3-E__A_unrestricted_random-17__seed_42.yaml,381a7299587dc65d3f14023aaa1c725b09287b476a571ae735dd3ffd2a0c9ad5,E3.3,experiments/v3_results/V3-E__A_unrestricted_random-17__seed_42,planned,191,23
V3-E__A_unrestricted_random-18__seed_42,V3-E3-RANDOM,E__A_unrestricted_random-18,dual_branch,random_feature_coral,supervised_update,42,A_unrestricted_random-18,A_unrestricted_random,v3/experiments/server_configs/V3-E__A_unrestricted_random-18__seed_42.yaml,5d71b93ed5151ae791e252118a7074d30138b58019185304a78ab795a7405648,E3.3,experiments/v3_results/V3-E__A_unrestricted_random-18__seed_42,planned,192,24
V3-E__A_unrestricted_random-19__seed_42,V3-E3-RANDOM,E__A_unrestricted_random-19,dual_branch,random_feature_coral,supervised_update,42,A_unrestricted_random-19,A_unrestricted_random,v3/experiments/server_configs/V3-E__A_unrestricted_random-19__seed_42.yaml,14fffba5db38774d467911706f4281f33a54992d4834bc7d83759013e082cec2,E3.3,experiments/v3_results/V3-E__A_unrestricted_random-19__seed_42,planned,193,25
V3-E__B_variance_matched-01__seed_42,V3-E3-RANDOM,E__B_variance_matched-01,dual_branch,random_feature_coral,supervised_update,42,B_variance_matched-01,B_variance_matched,v3/experiments/server_configs/V3-E__B_variance_matched-01__seed_42.yaml,9961bff77654be2474f1c258af201e80fc480ad913c28503074c9feef9517a1b,E3.3,experiments/v3_results/V3-E__B_variance_matched-01__seed_42,planned,194,26
V3-E__B_variance_matched-02__seed_42,V3-E3-RANDOM,E__B_variance_matched-02,dual_branch,random_feature_coral,supervised_update,42,B_variance_matched-02,B_variance_matched,v3/experiments/server_configs/V3-E__B_variance_matched-02__seed_42.yaml,461c9bfe51c57b1d3432680190c328f8f10341c0173222533092332ded36c167,E3.3,experiments/v3_results/V3-E__B_variance_matched-02__seed_42,planned,195,27
V3-E__B_variance_matched-03__seed_42,V3-E3-RANDOM,E__B_variance_matched-03,dual_branch,random_feature_coral,supervised_update,42,B_variance_matched-03,B_variance_matched,v3/experiments/server_configs/V3-E__B_variance_matched-03__seed_42.yaml,58273db42ed259820346bec8b7610300c31aeaa246b0a555fb5b3a4bd57c36a7,E3.3,experiments/v3_results/V3-E__B_variance_matched-03__seed_42,planned,196,28
V3-E__B_variance_matched-04__seed_42,V3-E3-RANDOM,E__B_variance_matched-04,dual_branch,random_feature_coral,supervised_update,42,B_variance_matched-04,B_variance_matched,v3/experiments/server_configs/V3-E__B_variance_matched-04__seed_42.yaml,a676b612bf94792225eed90b45da6117e43056445b27f9d174ff11743a405757,E3.3,experiments/v3_results/V3-E__B_variance_matched-04__seed_42,planned,197,29
V3-E__B_variance_matched-05__seed_42,V3-E3-RANDOM,E__B_variance_matched-05,dual_branch,random_feature_coral,supervised_update,42,B_variance_matched-05,B_variance_matched,v3/experiments/server_configs/V3-E__B_variance_matched-05__seed_42.yaml,4dca746e3c27587328c369ea9a1dee052898bdeb2b8f67ce9605777efd46a062,E3.3,experiments/v3_results/V3-E__B_variance_matched-05__seed_42,planned,198,30
V3-E__B_variance_matched-06__seed_42,V3-E3-RANDOM,E__B_variance_matched-06,dual_branch,random_feature_coral,supervised_update,42,B_variance_matched-06,B_variance_matched,v3/experiments/server_configs/V3-E__B_variance_matched-06__seed_42.yaml,3b2c913998ea257c42a00bcc9800e2d9becf5a1932ba77c8d8b071d7dd0193f8,E3.3,experiments/v3_results/V3-E__B_variance_matched-06__seed_42,planned,199,31
V3-E__B_variance_matched-07__seed_42,V3-E3-RANDOM,E__B_variance_matched-07,dual_branch,random_feature_coral,supervised_update,42,B_variance_matched-07,B_variance_matched,v3/experiments/server_configs/V3-E__B_variance_matched-07__seed_42.yaml,8d10969bd8986d46727590151a01aa0707ada83fbcf0b0fd50f1ff45c2ebe3d4,E3.3,experiments/v3_results/V3-E__B_variance_matched-07__seed_42,planned,200,32
V3-E__B_variance_matched-08__seed_42,V3-E3-RANDOM,E__B_variance_matched-08,dual_branch,random_feature_coral,supervised_update,42,B_variance_matched-08,B_variance_matched,v3/experiments/server_configs/V3-E__B_variance_matched-08__seed_42.yaml,219aac9b290c3b0a6062a949bb228bb13eefdc4cec57f59bc6ad3d8597fb91aa,E3.3,experiments/v3_results/V3-E__B_variance_matched-08__seed_42,planned,201,33
V3-E__B_variance_matched-09__seed_42,V3-E3-RANDOM,E__B_variance_matched-09,dual_branch,random_feature_coral,supervised_update,42,B_variance_matched-09,B_variance_matched,v3/experiments/server_configs/V3-E__B_variance_matched-09__seed_42.yaml,48e91ac786f76678ee438e521fbcd98a2ad0be181171b4e5db81b4c18f38b886,E3.3,experiments/v3_results/V3-E__B_variance_matched-09__seed_42,planned,202,34
V3-E__B_variance_matched-10__seed_42,V3-E3-RANDOM,E__B_variance_matched-10,dual_branch,random_feature_coral,supervised_update,42,B_variance_matched-10,B_variance_matched,v3/experiments/server_configs/V3-E__B_variance_matched-10__seed_42.yaml,b5b17f9e496a0c6cec821aeacf8de25a85045d593cfbc39cb322e0439f7073a1,E3.3,experiments/v3_results/V3-E__B_variance_matched-10__seed_42,planned,203,35
V3-E__B_variance_matched-11__seed_42,V3-E3-RANDOM,E__B_variance_matched-11,dual_branch,random_feature_coral,supervised_update,42,B_variance_matched-11,B_variance_matched,v3/experiments/server_configs/V3-E__B_variance_matched-11__seed_42.yaml,16672d2df209fe28813e47743183d91043792ef78db12bff9a0143a9c260bb53,E3.3,experiments/v3_results/V3-E__B_variance_matched-11__seed_42,planned,204,36
V3-E__B_variance_matched-12__seed_42,V3-E3-RANDOM,E__B_variance_matched-12,dual_branch,random_feature_coral,supervised_update,42,B_variance_matched-12,B_variance_matched,v3/experiments/server_configs/V3-E__B_variance_matched-12__seed_42.yaml,52cee3b6f352d53934dcaa586b776bfd99ac7b20e7e0449d847790f61d6d5f37,E3.3,experiments/v3_results/V3-E__B_variance_matched-12__seed_42,planned,205,37
V3-E__B_variance_matched-13__seed_42,V3-E3-RANDOM,E__B_variance_matched-13,dual_branch,random_feature_coral,supervised_update,42,B_variance_matched-13,B_variance_matched,v3/experiments/server_configs/V3-E__B_variance_matched-13__seed_42.yaml,a87b11ab4da77cadf920799a5b4560b03ba681fb31f31826fd4320eceae6ba56,E3.3,experiments/v3_results/V3-E__B_variance_matched-13__seed_42,planned,206,38
V3-E__B_variance_matched-14__seed_42,V3-E3-RANDOM,E__B_variance_matched-14,dual_branch,random_feature_coral,supervised_update,42,B_variance_matched-14,B_variance_matched,v3/experiments/server_configs/V3-E__B_variance_matched-14__seed_42.yaml,66ed2e4a840638da553421eb6a58e142215282e70485c1c36bf1dc4cd197081e,E3.3,experiments/v3_results/V3-E__B_variance_matched-14__seed_42,planned,207,39
V3-E__B_variance_matched-15__seed_42,V3-E3-RANDOM,E__B_variance_matched-15,dual_branch,random_feature_coral,supervised_update,42,B_variance_matched-15,B_variance_matched,v3/experiments/server_configs/V3-E__B_variance_matched-15__seed_42.yaml,ce24c40bbf56893f28c0bd724e03340b23a38257a4e92d8d7eb0d3be8a9bdb63,E3.3,experiments/v3_results/V3-E__B_variance_matched-15__seed_42,planned,208,40
V3-E__B_variance_matched-16__seed_42,V3-E3-RANDOM,E__B_variance_matched-16,dual_branch,random_feature_coral,supervised_update,42,B_variance_matched-16,B_variance_matched,v3/experiments/server_configs/V3-E__B_variance_matched-16__seed_42.yaml,4107f0c967e7e49340992d146740fd1afebfe57ac386c20e072f2edd7b117831,E3.3,experiments/v3_results/V3-E__B_variance_matched-16__seed_42,planned,209,41
V3-E__B_variance_matched-17__seed_42,V3-E3-RANDOM,E__B_variance_matched-17,dual_branch,random_feature_coral,supervised_update,42,B_variance_matched-17,B_variance_matched,v3/experiments/server_configs/V3-E__B_variance_matched-17__seed_42.yaml,4da847f48e3d7618fbcc6e0ac6fdc6d40c401f47c150a5a283b7484f7afb6006,E3.3,experiments/v3_results/V3-E__B_variance_matched-17__seed_42,planned,210,42
V3-E__B_variance_matched-18__seed_42,V3-E3-RANDOM,E__B_variance_matched-18,dual_branch,random_feature_coral,supervised_update,42,B_variance_matched-18,B_variance_matched,v3/experiments/server_configs/V3-E__B_variance_matched-18__seed_42.yaml,94880c8d5dbfec4eae6f7e67274403c4f7281c8399bc4cfc80df3aed021517a7,E3.3,experiments/v3_results/V3-E__B_variance_matched-18__seed_42,planned,211,43
V3-E__B_variance_matched-19__seed_42,V3-E3-RANDOM,E__B_variance_matched-19,dual_branch,random_feature_coral,supervised_update,42,B_variance_matched-19,B_variance_matched,v3/experiments/server_configs/V3-E__B_variance_matched-19__seed_42.yaml,577a84229ce47cbf641278fcc830564049cc792d7e9cf7ebc52c05d6eaab0e6d,E3.3,experiments/v3_results/V3-E__B_variance_matched-19__seed_42,planned,212,44
V3-E__C_group_size_matched-01__seed_42,V3-E3-RANDOM,E__C_group_size_matched-01,dual_branch,random_feature_coral,supervised_update,42,C_group_size_matched-01,C_group_size_matched,v3/experiments/server_configs/V3-E__C_group_size_matched-01__seed_42.yaml,604896d303479303f798264dfe3d603a9fa86b34896386a1ccf6ccec5a8d945b,E3.3,experiments/v3_results/V3-E__C_group_size_matched-01__seed_42,planned,213,45
V3-E__C_group_size_matched-02__seed_42,V3-E3-RANDOM,E__C_group_size_matched-02,dual_branch,random_feature_coral,supervised_update,42,C_group_size_matched-02,C_group_size_matched,v3/experiments/server_configs/V3-E__C_group_size_matched-02__seed_42.yaml,79170b34b85e9239002b7f86ccbabcd44533988c2c504873bce02566ef6eedb7,E3.3,experiments/v3_results/V3-E__C_group_size_matched-02__seed_42,planned,214,46
V3-E__C_group_size_matched-03__seed_42,V3-E3-RANDOM,E__C_group_size_matched-03,dual_branch,random_feature_coral,supervised_update,42,C_group_size_matched-03,C_group_size_matched,v3/experiments/server_configs/V3-E__C_group_size_matched-03__seed_42.yaml,fc6542b4e01c6a6825940b5361a7469e4e4098b4c8964d83b1ac4664ea2450fe,E3.3,experiments/v3_results/V3-E__C_group_size_matched-03__seed_42,planned,215,47
V3-E__C_group_size_matched-04__seed_42,V3-E3-RANDOM,E__C_group_size_matched-04,dual_branch,random_feature_coral,supervised_update,42,C_group_size_matched-04,C_group_size_matched,v3/experiments/server_configs/V3-E__C_group_size_matched-04__seed_42.yaml,df4859078704310ae596fd6e50c83e4c7a76bac82bf093db54c38f3ff08f4b8d,E3.3,experiments/v3_results/V3-E__C_group_size_matched-04__seed_42,planned,216,48
V3-E__C_group_size_matched-05__seed_42,V3-E3-RANDOM,E__C_group_size_matched-05,dual_branch,random_feature_coral,supervised_update,42,C_group_size_matched-05,C_group_size_matched,v3/experiments/server_configs/V3-E__C_group_size_matched-05__seed_42.yaml,b9afb1346563ea97301a01954b5d211988ddffc799059891d9ff049369356a86,E3.3,experiments/v3_results/V3-E__C_group_size_matched-05__seed_42,planned,217,49
V3-E__C_group_size_matched-06__seed_42,V3-E3-RANDOM,E__C_group_size_matched-06,dual_branch,random_feature_coral,supervised_update,42,C_group_size_matched-06,C_group_size_matched,v3/experiments/server_configs/V3-E__C_group_size_matched-06__seed_42.yaml,de44cefb28670a2c8069892bf92404eedd0d31a20d4ff9dd85d3a53bc0ee58f7,E3.3,experiments/v3_results/V3-E__C_group_size_matched-06__seed_42,planned,218,50
V3-E__C_group_size_matched-07__seed_42,V3-E3-RANDOM,E__C_group_size_matched-07,dual_branch,random_feature_coral,supervised_update,42,C_group_size_matched-07,C_group_size_matched,v3/experiments/server_configs/V3-E__C_group_size_matched-07__seed_42.yaml,b8af48ebab525dde04131ddcdb3cd6f8765df9edb376fe020dd5f568e7c72753,E3.3,experiments/v3_results/V3-E__C_group_size_matched-07__seed_42,planned,219,51
V3-E__C_group_size_matched-08__seed_42,V3-E3-RANDOM,E__C_group_size_matched-08,dual_branch,random_feature_coral,supervised_update,42,C_group_size_matched-08,C_group_size_matched,v3/experiments/server_configs/V3-E__C_group_size_matched-08__seed_42.yaml,2f559319add25b3f88e4eef34656fcab2556e94657228be9d548342f7cb209b2,E3.3,experiments/v3_results/V3-E__C_group_size_matched-08__seed_42,planned,220,52
V3-E__C_group_size_matched-09__seed_42,V3-E3-RANDOM,E__C_group_size_matched-09,dual_branch,random_feature_coral,supervised_update,42,C_group_size_matched-09,C_group_size_matched,v3/experiments/server_configs/V3-E__C_group_size_matched-09__seed_42.yaml,49d8c8358551ad12723d2bfead652197de74e8ef1d3c4068c17f039ba3ab7c29,E3.3,experiments/v3_results/V3-E__C_group_size_matched-09__seed_42,planned,221,53
V3-E__C_group_size_matched-10__seed_42,V3-E3-RANDOM,E__C_group_size_matched-10,dual_branch,random_feature_coral,supervised_update,42,C_group_size_matched-10,C_group_size_matched,v3/experiments/server_configs/V3-E__C_group_size_matched-10__seed_42.yaml,82796d1cbcad502b4909566e29aa9fa94cef24fdd4aeb46bb4f60e17d038e5ae,E3.3,experiments/v3_results/V3-E__C_group_size_matched-10__seed_42,planned,222,54
V3-E__C_group_size_matched-11__seed_42,V3-E3-RANDOM,E__C_group_size_matched-11,dual_branch,random_feature_coral,supervised_update,42,C_group_size_matched-11,C_group_size_matched,v3/experiments/server_configs/V3-E__C_group_size_matched-11__seed_42.yaml,d86c0a91aa5df9e34f3f4d3730be5ec0aa0e6c3b4ffb920cc0d45318dad7e632,E3.3,experiments/v3_results/V3-E__C_group_size_matched-11__seed_42,planned,223,55
V3-E__C_group_size_matched-12__seed_42,V3-E3-RANDOM,E__C_group_size_matched-12,dual_branch,random_feature_coral,supervised_update,42,C_group_size_matched-12,C_group_size_matched,v3/experiments/server_configs/V3-E__C_group_size_matched-12__seed_42.yaml,9c95bc906a850f0a8eb80ecfae776cf79309aa5862692d51a48ad53c482d6da2,E3.3,experiments/v3_results/V3-E__C_group_size_matched-12__seed_42,planned,224,56
V3-E__C_group_size_matched-13__seed_42,V3-E3-RANDOM,E__C_group_size_matched-13,dual_branch,random_feature_coral,supervised_update,42,C_group_size_matched-13,C_group_size_matched,v3/experiments/server_configs/V3-E__C_group_size_matched-13__seed_42.yaml,56006400e05b005ab993ad1ea331503d8c550c1979dbdb4d04883f0df00af4b4,E3.3,experiments/v3_results/V3-E__C_group_size_matched-13__seed_42,planned,225,57
V3-E__C_group_size_matched-14__seed_42,V3-E3-RANDOM,E__C_group_size_matched-14,dual_branch,random_feature_coral,supervised_update,42,C_group_size_matched-14,C_group_size_matched,v3/experiments/server_configs/V3-E__C_group_size_matched-14__seed_42.yaml,3158ee79818fb3827618c68c6c7fd244c9f31f56c1b5944f8efce0db0e1a2e50,E3.3,experiments/v3_results/V3-E__C_group_size_matched-14__seed_42,planned,226,58
V3-E__C_group_size_matched-15__seed_42,V3-E3-RANDOM,E__C_group_size_matched-15,dual_branch,random_feature_coral,supervised_update,42,C_group_size_matched-15,C_group_size_matched,v3/experiments/server_configs/V3-E__C_group_size_matched-15__seed_42.yaml,529c7bb99bc97a1e0ed2776fafe24b896670c12ee32985167820bdc91368a551,E3.3,experiments/v3_results/V3-E__C_group_size_matched-15__seed_42,planned,227,59
V3-E__C_group_size_matched-16__seed_42,V3-E3-RANDOM,E__C_group_size_matched-16,dual_branch,random_feature_coral,supervised_update,42,C_group_size_matched-16,C_group_size_matched,v3/experiments/server_configs/V3-E__C_group_size_matched-16__seed_42.yaml,cf61e6613ebb0b2803cc99e97415b2b2185b85ffd0b677666ff20f111b8a6c3f,E3.3,experiments/v3_results/V3-E__C_group_size_matched-16__seed_42,planned,228,60
V3-E__C_group_size_matched-17__seed_42,V3-E3-RANDOM,E__C_group_size_matched-17,dual_branch,random_feature_coral,supervised_update,42,C_group_size_matched-17,C_group_size_matched,v3/experiments/server_configs/V3-E__C_group_size_matched-17__seed_42.yaml,4cde0f643806e9f266a412949a6e6dbdee0ed37a55b480c1eca1bb78192028bc,E3.3,experiments/v3_results/V3-E__C_group_size_matched-17__seed_42,planned,229,61
V3-E__C_group_size_matched-18__seed_42,V3-E3-RANDOM,E__C_group_size_matched-18,dual_branch,random_feature_coral,supervised_update,42,C_group_size_matched-18,C_group_size_matched,v3/experiments/server_configs/V3-E__C_group_size_matched-18__seed_42.yaml,eece015f257b4c659232003b1116e3ae972ce434d5a127391585eb6cdc8dcff0,E3.3,experiments/v3_results/V3-E__C_group_size_matched-18__seed_42,planned,230,62
V3-E__C_group_size_matched-19__seed_42,V3-E3-RANDOM,E__C_group_size_matched-19,dual_branch,random_feature_coral,supervised_update,42,C_group_size_matched-19,C_group_size_matched,v3/experiments/server_configs/V3-E__C_group_size_matched-19__seed_42.yaml,29e4578fc1cf270f6379ad95138c1cdef7eebc9977e25a8378ec3ed6c355a7d4,E3.3,experiments/v3_results/V3-E__C_group_size_matched-19__seed_42,planned,231,63
V3-E__D_clinical_type_matched-01__seed_42,V3-E3-RANDOM,E__D_clinical_type_matched-01,dual_branch,random_feature_coral,supervised_update,42,D_clinical_type_matched-01,D_clinical_type_matched,v3/experiments/server_configs/V3-E__D_clinical_type_matched-01__seed_42.yaml,2f1de4f4f0b85c4ef67a46591db2aa953afd2f0e052dedb995357cc792c05bfe,E3.3,experiments/v3_results/V3-E__D_clinical_type_matched-01__seed_42,planned,232,64
V3-E__D_clinical_type_matched-02__seed_42,V3-E3-RANDOM,E__D_clinical_type_matched-02,dual_branch,random_feature_coral,supervised_update,42,D_clinical_type_matched-02,D_clinical_type_matched,v3/experiments/server_configs/V3-E__D_clinical_type_matched-02__seed_42.yaml,3e039db36ca3d3689e7ccea554b0915ba8482046a3a697c172f936da93abf990,E3.3,experiments/v3_results/V3-E__D_clinical_type_matched-02__seed_42,planned,233,65
V3-E__D_clinical_type_matched-03__seed_42,V3-E3-RANDOM,E__D_clinical_type_matched-03,dual_branch,random_feature_coral,supervised_update,42,D_clinical_type_matched-03,D_clinical_type_matched,v3/experiments/server_configs/V3-E__D_clinical_type_matched-03__seed_42.yaml,57cfd54d179b70a5a4ee5d62f55e0387ae62416030baa6a2a7ca37043329b56b,E3.3,experiments/v3_results/V3-E__D_clinical_type_matched-03__seed_42,planned,234,66
V3-E__D_clinical_type_matched-04__seed_42,V3-E3-RANDOM,E__D_clinical_type_matched-04,dual_branch,random_feature_coral,supervised_update,42,D_clinical_type_matched-04,D_clinical_type_matched,v3/experiments/server_configs/V3-E__D_clinical_type_matched-04__seed_42.yaml,b37fcdcaaa82000b868c9a87b684b58de99c673dd825f6e4afa121cb5a436b67,E3.3,experiments/v3_results/V3-E__D_clinical_type_matched-04__seed_42,planned,235,67
V3-E__D_clinical_type_matched-05__seed_42,V3-E3-RANDOM,E__D_clinical_type_matched-05,dual_branch,random_feature_coral,supervised_update,42,D_clinical_type_matched-05,D_clinical_type_matched,v3/experiments/server_configs/V3-E__D_clinical_type_matched-05__seed_42.yaml,4052c7cad9ffbe42a3586a6744db0f347a40ada5e599040182c424c5ee73c164,E3.3,experiments/v3_results/V3-E__D_clinical_type_matched-05__seed_42,planned,236,68
V3-E__D_clinical_type_matched-06__seed_42,V3-E3-RANDOM,E__D_clinical_type_matched-06,dual_branch,random_feature_coral,supervised_update,42,D_clinical_type_matched-06,D_clinical_type_matched,v3/experiments/server_configs/V3-E__D_clinical_type_matched-06__seed_42.yaml,c97b369fa45305bb4c737b830f359d0014d0336680f7c3892012b949bb8973ac,E3.3,experiments/v3_results/V3-E__D_clinical_type_matched-06__seed_42,planned,237,69
V3-E__D_clinical_type_matched-07__seed_42,V3-E3-RANDOM,E__D_clinical_type_matched-07,dual_branch,random_feature_coral,supervised_update,42,D_clinical_type_matched-07,D_clinical_type_matched,v3/experiments/server_configs/V3-E__D_clinical_type_matched-07__seed_42.yaml,c04381ab4b09773bcb370bc0e2a9a94050f0eedb092dd7504596e3bbf9665de0,E3.3,experiments/v3_results/V3-E__D_clinical_type_matched-07__seed_42,planned,238,70
V3-E__D_clinical_type_matched-08__seed_42,V3-E3-RANDOM,E__D_clinical_type_matched-08,dual_branch,random_feature_coral,supervised_update,42,D_clinical_type_matched-08,D_clinical_type_matched,v3/experiments/server_configs/V3-E__D_clinical_type_matched-08__seed_42.yaml,021fba2e69a449d15db73185dec1cdf4527357ad9b38f87e554122aef22998ca,E3.3,experiments/v3_results/V3-E__D_clinical_type_matched-08__seed_42,planned,239,71
V3-E__D_clinical_type_matched-09__seed_42,V3-E3-RANDOM,E__D_clinical_type_matched-09,dual_branch,random_feature_coral,supervised_update,42,D_clinical_type_matched-09,D_clinical_type_matched,v3/experiments/server_configs/V3-E__D_clinical_type_matched-09__seed_42.yaml,4c30cafc7602430700ab99324289a28a7a82d442653a42d9774ee8d1cb1ac3ee,E3.3,experiments/v3_results/V3-E__D_clinical_type_matched-09__seed_42,planned,240,72
V3-E__D_clinical_type_matched-10__seed_42,V3-E3-RANDOM,E__D_clinical_type_matched-10,dual_branch,random_feature_coral,supervised_update,42,D_clinical_type_matched-10,D_clinical_type_matched,v3/experiments/server_configs/V3-E__D_clinical_type_matched-10__seed_42.yaml,a3107f147223ed3b5504a1b6c63a5b86d4cb5bcee936d72d3335d1dccfc07baf,E3.3,experiments/v3_results/V3-E__D_clinical_type_matched-10__seed_42,planned,241,73
V3-E__D_clinical_type_matched-11__seed_42,V3-E3-RANDOM,E__D_clinical_type_matched-11,dual_branch,random_feature_coral,supervised_update,42,D_clinical_type_matched-11,D_clinical_type_matched,v3/experiments/server_configs/V3-E__D_clinical_type_matched-11__seed_42.yaml,ea88542df7b14c7d0f81bba707beb7a56e24c3183249de181482eebe8bf7888b,E3.3,experiments/v3_results/V3-E__D_clinical_type_matched-11__seed_42,planned,242,74
V3-E__D_clinical_type_matched-12__seed_42,V3-E3-RANDOM,E__D_clinical_type_matched-12,dual_branch,random_feature_coral,supervised_update,42,D_clinical_type_matched-12,D_clinical_type_matched,v3/experiments/server_configs/V3-E__D_clinical_type_matched-12__seed_42.yaml,0ec737a2314b551cf8540d7125b9f9a39e7a967b36920147767b953315881286,E3.3,experiments/v3_results/V3-E__D_clinical_type_matched-12__seed_42,planned,243,75
V3-E__D_clinical_type_matched-13__seed_42,V3-E3-RANDOM,E__D_clinical_type_matched-13,dual_branch,random_feature_coral,supervised_update,42,D_clinical_type_matched-13,D_clinical_type_matched,v3/experiments/server_configs/V3-E__D_clinical_type_matched-13__seed_42.yaml,3bdebf7a7495f370b2d4c8dde2c7af33e2293c9d2837815510de2242c16b802d,E3.3,experiments/v3_results/V3-E__D_clinical_type_matched-13__seed_42,planned,244,76
V3-E__D_clinical_type_matched-14__seed_42,V3-E3-RANDOM,E__D_clinical_type_matched-14,dual_branch,random_feature_coral,supervised_update,42,D_clinical_type_matched-14,D_clinical_type_matched,v3/experiments/server_configs/V3-E__D_clinical_type_matched-14__seed_42.yaml,d157093749ab97c59a49a733d1b1395606a55df5d2e89712597d9b9e27e3b7a2,E3.3,experiments/v3_results/V3-E__D_clinical_type_matched-14__seed_42,planned,245,77
V3-E__D_clinical_type_matched-15__seed_42,V3-E3-RANDOM,E__D_clinical_type_matched-15,dual_branch,random_feature_coral,supervised_update,42,D_clinical_type_matched-15,D_clinical_type_matched,v3/experiments/server_configs/V3-E__D_clinical_type_matched-15__seed_42.yaml,26a0d274e063706b2b65e20bf00691b62962cee493eb333420c95c869239f560,E3.3,experiments/v3_results/V3-E__D_clinical_type_matched-15__seed_42,planned,246,78
V3-E__D_clinical_type_matched-16__seed_42,V3-E3-RANDOM,E__D_clinical_type_matched-16,dual_branch,random_feature_coral,supervised_update,42,D_clinical_type_matched-16,D_clinical_type_matched,v3/experiments/server_configs/V3-E__D_clinical_type_matched-16__seed_42.yaml,3eff25ee2a160abd0de9713ba42c6efd92f1d518cd29cae78307d0379cb71bf9,E3.3,experiments/v3_results/V3-E__D_clinical_type_matched-16__seed_42,planned,247,79
V3-E__D_clinical_type_matched-17__seed_42,V3-E3-RANDOM,E__D_clinical_type_matched-17,dual_branch,random_feature_coral,supervised_update,42,D_clinical_type_matched-17,D_clinical_type_matched,v3/experiments/server_configs/V3-E__D_clinical_type_matched-17__seed_42.yaml,7ce4f0f7a54be1a2fd4a1e277a541bcb44217bb97c11697d8476c55173a14b06,E3.3,experiments/v3_results/V3-E__D_clinical_type_matched-17__seed_42,planned,248,80
V3-E__D_clinical_type_matched-18__seed_42,V3-E3-RANDOM,E__D_clinical_type_matched-18,dual_branch,random_feature_coral,supervised_update,42,D_clinical_type_matched-18,D_clinical_type_matched,v3/experiments/server_configs/V3-E__D_clinical_type_matched-18__seed_42.yaml,e1100b65df7f154b143c49c9aa34d2ced5c360dcaf0d1374b2d60bf5453a323d,E3.3,experiments/v3_results/V3-E__D_clinical_type_matched-18__seed_42,planned,249,81
V3-E__D_clinical_type_matched-19__seed_42,V3-E3-RANDOM,E__D_clinical_type_matched-19,dual_branch,random_feature_coral,supervised_update,42,D_clinical_type_matched-19,D_clinical_type_matched,v3/experiments/server_configs/V3-E__D_clinical_type_matched-19__seed_42.yaml,2406c994690547c3cfd80f9ea3d203d443739d3eec7f8143cf67751aeb66193d,E3.3,experiments/v3_results/V3-E__D_clinical_type_matched-19__seed_42,planned,250,82
V3-source_only__seed_42,V3-E3-CONTROLS,source_only,single_encoder,none,source_only,42,,,v3/experiments/server_configs/V3-source_only__seed_42.yaml,290b8013c58b1ba7df64ac5796a03b01596c008f4132b926a69fa4811d9f66e1,E3.1,experiments/v3_results/V3-source_only__seed_42,planned,251,83
V3-A__seed_42,V3-E3-CONTROLS,A,single_encoder,no_alignment,supervised_update,42,,,v3/experiments/server_configs/V3-A__seed_42.yaml,2e6e585ab4afe20c7547133cbc233ce6ba84a468c06dbc1709116f24d07d26b8,E3.1,experiments/v3_results/V3-A__seed_42,planned,252,84
V3-C__seed_99,V3-E3-CONTROLS,C,dual_branch,no_alignment,supervised_update,99,,,v3/experiments/server_configs/V3-C__seed_99.yaml,35bbbcface00d3b87eaa5ed97084dd159b02f0cf89f37b70a99600db75415d31,E3.1,experiments/v3_results/V3-C__seed_99,planned,253,1
V3-D1__seed_99,V3-E3-SELECTIVE,D1,dual_branch,physiology_coral,supervised_update,99,,,v3/experiments/server_configs/V3-D1__seed_99.yaml,c9998e34b611e027459622b2f70ee9977db7ccc7be8dbe0015aac10074cdeb54,E3.2,experiments/v3_results/V3-D1__seed_99,planned,254,2
V3-D2__seed_99,V3-E3-SELECTIVE,D2,dual_branch,treatment_coral,supervised_update,99,,,v3/experiments/server_configs/V3-D2__seed_99.yaml,1c48e9ed0cc7f8016ac1a92af4916dc1cc750151bba92eb04152b01ff66b4ba3,E3.2,experiments/v3_results/V3-D2__seed_99,planned,255,3
V3-F__seed_99,V3-E3-CONTROLS,F,single_encoder,none,target_only,99,,,v3/experiments/server_configs/V3-F__seed_99.yaml,2235468d38c2ad26e0f9069bbd4576298edda4289eddd86345477b985d1d78b3,E3.1,experiments/v3_results/V3-F__seed_99,planned,256,4
V3-G__seed_99,V3-E3-CONTROLS,G,dual_branch,global_coral,supervised_update,99,,,v3/experiments/server_configs/V3-G__seed_99.yaml,6f59728f50acae57800fba958047e65e6da0b707aa51fcf7481326721c031156,E3.1,experiments/v3_results/V3-G__seed_99,planned,257,5
V3-E__A_unrestricted_random-01__seed_99,V3-E3-RANDOM,E__A_unrestricted_random-01,dual_branch,random_feature_coral,supervised_update,99,A_unrestricted_random-01,A_unrestricted_random,v3/experiments/server_configs/V3-E__A_unrestricted_random-01__seed_99.yaml,d0247ebed6f13ab4debfd81057609af9812e73a46b928d8ece2385b503e7ee0d,E3.3,experiments/v3_results/V3-E__A_unrestricted_random-01__seed_99,planned,258,6
V3-E__A_unrestricted_random-02__seed_99,V3-E3-RANDOM,E__A_unrestricted_random-02,dual_branch,random_feature_coral,supervised_update,99,A_unrestricted_random-02,A_unrestricted_random,v3/experiments/server_configs/V3-E__A_unrestricted_random-02__seed_99.yaml,1bb6dc7f5ed6a7306d7b454c475852327ee957d50eb294005e10500d2cca565c,E3.3,experiments/v3_results/V3-E__A_unrestricted_random-02__seed_99,planned,259,7
V3-E__A_unrestricted_random-03__seed_99,V3-E3-RANDOM,E__A_unrestricted_random-03,dual_branch,random_feature_coral,supervised_update,99,A_unrestricted_random-03,A_unrestricted_random,v3/experiments/server_configs/V3-E__A_unrestricted_random-03__seed_99.yaml,107f29a2c64eab1a4260e0626bcff3ff70e9b4df5770b29c124b92f942fb3430,E3.3,experiments/v3_results/V3-E__A_unrestricted_random-03__seed_99,planned,260,8
V3-E__A_unrestricted_random-04__seed_99,V3-E3-RANDOM,E__A_unrestricted_random-04,dual_branch,random_feature_coral,supervised_update,99,A_unrestricted_random-04,A_unrestricted_random,v3/experiments/server_configs/V3-E__A_unrestricted_random-04__seed_99.yaml,926f7aeb8af76e329b3ac97005833c998cb3e4a4c8c67349ab741f423eb32004,E3.3,experiments/v3_results/V3-E__A_unrestricted_random-04__seed_99,planned,261,9
V3-E__A_unrestricted_random-05__seed_99,V3-E3-RANDOM,E__A_unrestricted_random-05,dual_branch,random_feature_coral,supervised_update,99,A_unrestricted_random-05,A_unrestricted_random,v3/experiments/server_configs/V3-E__A_unrestricted_random-05__seed_99.yaml,278c4ba73556ebda1bf3df068fb7653122b56c89b6b9ec846511acfff52e5a08,E3.3,experiments/v3_results/V3-E__A_unrestricted_random-05__seed_99,planned,262,10
V3-E__A_unrestricted_random-06__seed_99,V3-E3-RANDOM,E__A_unrestricted_random-06,dual_branch,random_feature_coral,supervised_update,99,A_unrestricted_random-06,A_unrestricted_random,v3/experiments/server_configs/V3-E__A_unrestricted_random-06__seed_99.yaml,b24bd9f38c474a0e3f51224ec4355fc7ec76083ff7ef1bc1984f3a1236837717,E3.3,experiments/v3_results/V3-E__A_unrestricted_random-06__seed_99,planned,263,11
V3-E__A_unrestricted_random-07__seed_99,V3-E3-RANDOM,E__A_unrestricted_random-07,dual_branch,random_feature_coral,supervised_update,99,A_unrestricted_random-07,A_unrestricted_random,v3/experiments/server_configs/V3-E__A_unrestricted_random-07__seed_99.yaml,1593a420b6e1c618c2695c3cbf37f4b14bc32cd0d71afe1396c88c119b9e92a8,E3.3,experiments/v3_results/V3-E__A_unrestricted_random-07__seed_99,planned,264,12
V3-E__A_unrestricted_random-08__seed_99,V3-E3-RANDOM,E__A_unrestricted_random-08,dual_branch,random_feature_coral,supervised_update,99,A_unrestricted_random-08,A_unrestricted_random,v3/experiments/server_configs/V3-E__A_unrestricted_random-08__seed_99.yaml,446d10fe99ea60b2495f593f7de9a19a9ec1dab53c3df975267db7ccc9b6e61a,E3.3,experiments/v3_results/V3-E__A_unrestricted_random-08__seed_99,planned,265,13
V3-E__A_unrestricted_random-09__seed_99,V3-E3-RANDOM,E__A_unrestricted_random-09,dual_branch,random_feature_coral,supervised_update,99,A_unrestricted_random-09,A_unrestricted_random,v3/experiments/server_configs/V3-E__A_unrestricted_random-09__seed_99.yaml,806cac4467edc2d4ffcc65d3ccfa9e933d434a6b282084bc3c6e1906a2057751,E3.3,experiments/v3_results/V3-E__A_unrestricted_random-09__seed_99,planned,266,14
V3-E__A_unrestricted_random-10__seed_99,V3-E3-RANDOM,E__A_unrestricted_random-10,dual_branch,random_feature_coral,supervised_update,99,A_unrestricted_random-10,A_unrestricted_random,v3/experiments/server_configs/V3-E__A_unrestricted_random-10__seed_99.yaml,e975440cfde94989d7a475b75aa4f97e7c51e9b1765c6208eb007329a274d9a9,E3.3,experiments/v3_results/V3-E__A_unrestricted_random-10__seed_99,planned,267,15
V3-E__A_unrestricted_random-11__seed_99,V3-E3-RANDOM,E__A_unrestricted_random-11,dual_branch,random_feature_coral,supervised_update,99,A_unrestricted_random-11,A_unrestricted_random,v3/experiments/server_configs/V3-E__A_unrestricted_random-11__seed_99.yaml,19bbb47de40858b43a97679af7d026cbd9a0b61f4fc7816fc415691de3b42f3b,E3.3,experiments/v3_results/V3-E__A_unrestricted_random-11__seed_99,planned,268,16
V3-E__A_unrestricted_random-12__seed_99,V3-E3-RANDOM,E__A_unrestricted_random-12,dual_branch,random_feature_coral,supervised_update,99,A_unrestricted_random-12,A_unrestricted_random,v3/experiments/server_configs/V3-E__A_unrestricted_random-12__seed_99.yaml,b0b953fcd8f55f761de290940d54fccd302196771d83617a0dc24df2cf30374b,E3.3,experiments/v3_results/V3-E__A_unrestricted_random-12__seed_99,planned,269,17
V3-E__A_unrestricted_random-13__seed_99,V3-E3-RANDOM,E__A_unrestricted_random-13,dual_branch,random_feature_coral,supervised_update,99,A_unrestricted_random-13,A_unrestricted_random,v3/experiments/server_configs/V3-E__A_unrestricted_random-13__seed_99.yaml,50317f071d8a617ec12c410d01fd3aec3e84e2c2b0a392a2082b20c6a509aa68,E3.3,experiments/v3_results/V3-E__A_unrestricted_random-13__seed_99,planned,270,18
V3-E__A_unrestricted_random-14__seed_99,V3-E3-RANDOM,E__A_unrestricted_random-14,dual_branch,random_feature_coral,supervised_update,99,A_unrestricted_random-14,A_unrestricted_random,v3/experiments/server_configs/V3-E__A_unrestricted_random-14__seed_99.yaml,e2984c5b5fc720dc78fae2167b70e5cf4f7d892ec9ce20e24f946d45ce34aef2,E3.3,experiments/v3_results/V3-E__A_unrestricted_random-14__seed_99,planned,271,19
V3-E__A_unrestricted_random-15__seed_99,V3-E3-RANDOM,E__A_unrestricted_random-15,dual_branch,random_feature_coral,supervised_update,99,A_unrestricted_random-15,A_unrestricted_random,v3/experiments/server_configs/V3-E__A_unrestricted_random-15__seed_99.yaml,39b204cb0184836fb17a906d862cc96017b1f54c297dcf2dbf55a4a6bf0cbacf,E3.3,experiments/v3_results/V3-E__A_unrestricted_random-15__seed_99,planned,272,20
V3-E__A_unrestricted_random-16__seed_99,V3-E3-RANDOM,E__A_unrestricted_random-16,dual_branch,random_feature_coral,supervised_update,99,A_unrestricted_random-16,A_unrestricted_random,v3/experiments/server_configs/V3-E__A_unrestricted_random-16__seed_99.yaml,4590022d494d89859369060ea71dc2d32619c6485c46d9345a9272f43c7031f7,E3.3,experiments/v3_results/V3-E__A_unrestricted_random-16__seed_99,planned,273,21
V3-E__A_unrestricted_random-17__seed_99,V3-E3-RANDOM,E__A_unrestricted_random-17,dual_branch,random_feature_coral,supervised_update,99,A_unrestricted_random-17,A_unrestricted_random,v3/experiments/server_configs/V3-E__A_unrestricted_random-17__seed_99.yaml,a6f0c6ffa6903ed48ebe26326bf797f75918f2e893a41e18306d3aec117e2a76,E3.3,experiments/v3_results/V3-E__A_unrestricted_random-17__seed_99,planned,274,22
V3-E__A_unrestricted_random-18__seed_99,V3-E3-RANDOM,E__A_unrestricted_random-18,dual_branch,random_feature_coral,supervised_update,99,A_unrestricted_random-18,A_unrestricted_random,v3/experiments/server_configs/V3-E__A_unrestricted_random-18__seed_99.yaml,146b39da5f3a5f050c4384fe07b26e065dde3393a7553b2f2d865c1d81bd180f,E3.3,experiments/v3_results/V3-E__A_unrestricted_random-18__seed_99,planned,275,23
V3-E__A_unrestricted_random-19__seed_99,V3-E3-RANDOM,E__A_unrestricted_random-19,dual_branch,random_feature_coral,supervised_update,99,A_unrestricted_random-19,A_unrestricted_random,v3/experiments/server_configs/V3-E__A_unrestricted_random-19__seed_99.yaml,8d8c455e3704e833d0e41ba1f21088c30e0a844d7086c0d1b8de4e3c2f425b06,E3.3,experiments/v3_results/V3-E__A_unrestricted_random-19__seed_99,planned,276,24
V3-E__B_variance_matched-01__seed_99,V3-E3-RANDOM,E__B_variance_matched-01,dual_branch,random_feature_coral,supervised_update,99,B_variance_matched-01,B_variance_matched,v3/experiments/server_configs/V3-E__B_variance_matched-01__seed_99.yaml,5fa885432a996f3146d9e968dc16472ad1c9a0e11166c5faa1205caaf30f958f,E3.3,experiments/v3_results/V3-E__B_variance_matched-01__seed_99,planned,277,25
V3-E__B_variance_matched-02__seed_99,V3-E3-RANDOM,E__B_variance_matched-02,dual_branch,random_feature_coral,supervised_update,99,B_variance_matched-02,B_variance_matched,v3/experiments/server_configs/V3-E__B_variance_matched-02__seed_99.yaml,215ec1b1be42a920b019ef33a35e19b61da496d1435513c53d37f86a527f5df7,E3.3,experiments/v3_results/V3-E__B_variance_matched-02__seed_99,planned,278,26
V3-E__B_variance_matched-03__seed_99,V3-E3-RANDOM,E__B_variance_matched-03,dual_branch,random_feature_coral,supervised_update,99,B_variance_matched-03,B_variance_matched,v3/experiments/server_configs/V3-E__B_variance_matched-03__seed_99.yaml,c2dd21fd0c77e1e3acd7aa407ef8869937b0aacc41b41e3fef51e7a124661d85,E3.3,experiments/v3_results/V3-E__B_variance_matched-03__seed_99,planned,279,27
V3-E__B_variance_matched-04__seed_99,V3-E3-RANDOM,E__B_variance_matched-04,dual_branch,random_feature_coral,supervised_update,99,B_variance_matched-04,B_variance_matched,v3/experiments/server_configs/V3-E__B_variance_matched-04__seed_99.yaml,98e5d3faf58d2814b338250ee372dd58a7b3f514fbd0ba33d40ed9eb0bb2b57f,E3.3,experiments/v3_results/V3-E__B_variance_matched-04__seed_99,planned,280,28
V3-E__B_variance_matched-05__seed_99,V3-E3-RANDOM,E__B_variance_matched-05,dual_branch,random_feature_coral,supervised_update,99,B_variance_matched-05,B_variance_matched,v3/experiments/server_configs/V3-E__B_variance_matched-05__seed_99.yaml,9f04a10901ad3f73b31d4d9b29893fb43cae77aaae62285aafa51765a5ac758e,E3.3,experiments/v3_results/V3-E__B_variance_matched-05__seed_99,planned,281,29
V3-E__B_variance_matched-06__seed_99,V3-E3-RANDOM,E__B_variance_matched-06,dual_branch,random_feature_coral,supervised_update,99,B_variance_matched-06,B_variance_matched,v3/experiments/server_configs/V3-E__B_variance_matched-06__seed_99.yaml,19545a65e2ada5b9c96b454c39db178355bad17c03f80891f131dc566d654727,E3.3,experiments/v3_results/V3-E__B_variance_matched-06__seed_99,planned,282,30
V3-E__B_variance_matched-07__seed_99,V3-E3-RANDOM,E__B_variance_matched-07,dual_branch,random_feature_coral,supervised_update,99,B_variance_matched-07,B_variance_matched,v3/experiments/server_configs/V3-E__B_variance_matched-07__seed_99.yaml,89946b9678de07cdef921c6b0f47448b3de0be4af614f9ffb87b2d62a4e127b0,E3.3,experiments/v3_results/V3-E__B_variance_matched-07__seed_99,planned,283,31
V3-E__B_variance_matched-08__seed_99,V3-E3-RANDOM,E__B_variance_matched-08,dual_branch,random_feature_coral,supervised_update,99,B_variance_matched-08,B_variance_matched,v3/experiments/server_configs/V3-E__B_variance_matched-08__seed_99.yaml,92e2d05eed0cd0aaf8d42979039fba6f049b9b132fb98bf81c0abf6e91eb1e55,E3.3,experiments/v3_results/V3-E__B_variance_matched-08__seed_99,planned,284,32
V3-E__B_variance_matched-09__seed_99,V3-E3-RANDOM,E__B_variance_matched-09,dual_branch,random_feature_coral,supervised_update,99,B_variance_matched-09,B_variance_matched,v3/experiments/server_configs/V3-E__B_variance_matched-09__seed_99.yaml,23e3073e8c50de0046579bfbbb835d22c16133d872cc685677a8729785916bc9,E3.3,experiments/v3_results/V3-E__B_variance_matched-09__seed_99,planned,285,33
V3-E__B_variance_matched-10__seed_99,V3-E3-RANDOM,E__B_variance_matched-10,dual_branch,random_feature_coral,supervised_update,99,B_variance_matched-10,B_variance_matched,v3/experiments/server_configs/V3-E__B_variance_matched-10__seed_99.yaml,18b27cb5e4af46c04150e14dd13d89c0b551829806ae710011b0002820798110,E3.3,experiments/v3_results/V3-E__B_variance_matched-10__seed_99,planned,286,34
V3-E__B_variance_matched-11__seed_99,V3-E3-RANDOM,E__B_variance_matched-11,dual_branch,random_feature_coral,supervised_update,99,B_variance_matched-11,B_variance_matched,v3/experiments/server_configs/V3-E__B_variance_matched-11__seed_99.yaml,8ee2e49448e0a1a648920b7ffd2b096d8bd817ee25d96c3e47bdfbda3669baf4,E3.3,experiments/v3_results/V3-E__B_variance_matched-11__seed_99,planned,287,35
V3-E__B_variance_matched-12__seed_99,V3-E3-RANDOM,E__B_variance_matched-12,dual_branch,random_feature_coral,supervised_update,99,B_variance_matched-12,B_variance_matched,v3/experiments/server_configs/V3-E__B_variance_matched-12__seed_99.yaml,085f36c980795c9c9b7967baf1c6ec9f543edbaad3d8519d073cbe89b7cdf4e6,E3.3,experiments/v3_results/V3-E__B_variance_matched-12__seed_99,planned,288,36
V3-E__B_variance_matched-13__seed_99,V3-E3-RANDOM,E__B_variance_matched-13,dual_branch,random_feature_coral,supervised_update,99,B_variance_matched-13,B_variance_matched,v3/experiments/server_configs/V3-E__B_variance_matched-13__seed_99.yaml,897fa63779b33c19222b48d938a3374967dee177f33f4208b80d375d39b4cb16,E3.3,experiments/v3_results/V3-E__B_variance_matched-13__seed_99,planned,289,37
V3-E__B_variance_matched-14__seed_99,V3-E3-RANDOM,E__B_variance_matched-14,dual_branch,random_feature_coral,supervised_update,99,B_variance_matched-14,B_variance_matched,v3/experiments/server_configs/V3-E__B_variance_matched-14__seed_99.yaml,9b268d2ba0251c49d2267e8a563667ab90225f78116dbcf538da58105d987dea,E3.3,experiments/v3_results/V3-E__B_variance_matched-14__seed_99,planned,290,38
V3-E__B_variance_matched-15__seed_99,V3-E3-RANDOM,E__B_variance_matched-15,dual_branch,random_feature_coral,supervised_update,99,B_variance_matched-15,B_variance_matched,v3/experiments/server_configs/V3-E__B_variance_matched-15__seed_99.yaml,0e27fbc9603f3367ccc2b4b51d91f034426e384869dde3c5d75567bd8e7a5ded,E3.3,experiments/v3_results/V3-E__B_variance_matched-15__seed_99,planned,291,39
V3-E__B_variance_matched-16__seed_99,V3-E3-RANDOM,E__B_variance_matched-16,dual_branch,random_feature_coral,supervised_update,99,B_variance_matched-16,B_variance_matched,v3/experiments/server_configs/V3-E__B_variance_matched-16__seed_99.yaml,fb4c88f63590db301d0c11b6364550130aebba6c18aa9b2d11c7ec288fc7f5a8,E3.3,experiments/v3_results/V3-E__B_variance_matched-16__seed_99,planned,292,40
V3-E__B_variance_matched-17__seed_99,V3-E3-RANDOM,E__B_variance_matched-17,dual_branch,random_feature_coral,supervised_update,99,B_variance_matched-17,B_variance_matched,v3/experiments/server_configs/V3-E__B_variance_matched-17__seed_99.yaml,1d63787efa70304b15d486bceb30fe57e48ee610f516afef229a79c6d788ef28,E3.3,experiments/v3_results/V3-E__B_variance_matched-17__seed_99,planned,293,41
V3-E__B_variance_matched-18__seed_99,V3-E3-RANDOM,E__B_variance_matched-18,dual_branch,random_feature_coral,supervised_update,99,B_variance_matched-18,B_variance_matched,v3/experiments/server_configs/V3-E__B_variance_matched-18__seed_99.yaml,39f52d73d98a32d671a85302a45cd66a604676bc3c539eaf2dcf2ed3d250e97a,E3.3,experiments/v3_results/V3-E__B_variance_matched-18__seed_99,planned,294,42
V3-E__B_variance_matched-19__seed_99,V3-E3-RANDOM,E__B_variance_matched-19,dual_branch,random_feature_coral,supervised_update,99,B_variance_matched-19,B_variance_matched,v3/experiments/server_configs/V3-E__B_variance_matched-19__seed_99.yaml,b5b00d7c3fd343c3b1e9b1ccd3372d0ff1469aa16d4a6c81417dea83d0dc5700,E3.3,experiments/v3_results/V3-E__B_variance_matched-19__seed_99,planned,295,43
V3-E__C_group_size_matched-01__seed_99,V3-E3-RANDOM,E__C_group_size_matched-01,dual_branch,random_feature_coral,supervised_update,99,C_group_size_matched-01,C_group_size_matched,v3/experiments/server_configs/V3-E__C_group_size_matched-01__seed_99.yaml,0c6598573a5c5a16f34e03fa1e59c8d9487a0b315212127db9c5119577f32c99,E3.3,experiments/v3_results/V3-E__C_group_size_matched-01__seed_99,planned,296,44
V3-E__C_group_size_matched-02__seed_99,V3-E3-RANDOM,E__C_group_size_matched-02,dual_branch,random_feature_coral,supervised_update,99,C_group_size_matched-02,C_group_size_matched,v3/experiments/server_configs/V3-E__C_group_size_matched-02__seed_99.yaml,d511cfda07e7f78752a72e614aac83de03850e77b28ea9e874f6270b6bb71894,E3.3,experiments/v3_results/V3-E__C_group_size_matched-02__seed_99,planned,297,45
V3-E__C_group_size_matched-03__seed_99,V3-E3-RANDOM,E__C_group_size_matched-03,dual_branch,random_feature_coral,supervised_update,99,C_group_size_matched-03,C_group_size_matched,v3/experiments/server_configs/V3-E__C_group_size_matched-03__seed_99.yaml,34a311ee503c4440160cb57b227d5f7029ec42eda79abd3cff92930b93433ab6,E3.3,experiments/v3_results/V3-E__C_group_size_matched-03__seed_99,planned,298,46
V3-E__C_group_size_matched-04__seed_99,V3-E3-RANDOM,E__C_group_size_matched-04,dual_branch,random_feature_coral,supervised_update,99,C_group_size_matched-04,C_group_size_matched,v3/experiments/server_configs/V3-E__C_group_size_matched-04__seed_99.yaml,e4aba0490192b0bd65fba615acfbbce14993e818b7f3fbc9118e84c53a162f9b,E3.3,experiments/v3_results/V3-E__C_group_size_matched-04__seed_99,planned,299,47
V3-E__C_group_size_matched-05__seed_99,V3-E3-RANDOM,E__C_group_size_matched-05,dual_branch,random_feature_coral,supervised_update,99,C_group_size_matched-05,C_group_size_matched,v3/experiments/server_configs/V3-E__C_group_size_matched-05__seed_99.yaml,139dcdc0bfe9dfd75cb1e73f0ac943814bbd93c4a8610d511028194ee04c3b48,E3.3,experiments/v3_results/V3-E__C_group_size_matched-05__seed_99,planned,300,48
V3-E__C_group_size_matched-06__seed_99,V3-E3-RANDOM,E__C_group_size_matched-06,dual_branch,random_feature_coral,supervised_update,99,C_group_size_matched-06,C_group_size_matched,v3/experiments/server_configs/V3-E__C_group_size_matched-06__seed_99.yaml,67de56c6fc6ce6e3a3d444fe2fb5ef8491a8773d9de7253d0035b76b3226a6bf,E3.3,experiments/v3_results/V3-E__C_group_size_matched-06__seed_99,planned,301,49
V3-E__C_group_size_matched-07__seed_99,V3-E3-RANDOM,E__C_group_size_matched-07,dual_branch,random_feature_coral,supervised_update,99,C_group_size_matched-07,C_group_size_matched,v3/experiments/server_configs/V3-E__C_group_size_matched-07__seed_99.yaml,50160c62a0ee40c538b7558e0f3b788d5b5826cd4460e858942c44c3f12d943c,E3.3,experiments/v3_results/V3-E__C_group_size_matched-07__seed_99,planned,302,50
V3-E__C_group_size_matched-08__seed_99,V3-E3-RANDOM,E__C_group_size_matched-08,dual_branch,random_feature_coral,supervised_update,99,C_group_size_matched-08,C_group_size_matched,v3/experiments/server_configs/V3-E__C_group_size_matched-08__seed_99.yaml,72cf0f725bbadb8a30eae98206b17374efc6f02ab7ac0ecf98773d4c2d9c4bde,E3.3,experiments/v3_results/V3-E__C_group_size_matched-08__seed_99,planned,303,51
V3-E__C_group_size_matched-09__seed_99,V3-E3-RANDOM,E__C_group_size_matched-09,dual_branch,random_feature_coral,supervised_update,99,C_group_size_matched-09,C_group_size_matched,v3/experiments/server_configs/V3-E__C_group_size_matched-09__seed_99.yaml,4d64be0cc32d1c1b2063385bc53cb30d63df088594d0f2707f4918b28b5f68a7,E3.3,experiments/v3_results/V3-E__C_group_size_matched-09__seed_99,planned,304,52
V3-E__C_group_size_matched-10__seed_99,V3-E3-RANDOM,E__C_group_size_matched-10,dual_branch,random_feature_coral,supervised_update,99,C_group_size_matched-10,C_group_size_matched,v3/experiments/server_configs/V3-E__C_group_size_matched-10__seed_99.yaml,7a91c36f1e2e8bd49a43e9b5ca060491f3f7a974b4eabbbbb99ed3e13c951cad,E3.3,experiments/v3_results/V3-E__C_group_size_matched-10__seed_99,planned,305,53
V3-E__C_group_size_matched-11__seed_99,V3-E3-RANDOM,E__C_group_size_matched-11,dual_branch,random_feature_coral,supervised_update,99,C_group_size_matched-11,C_group_size_matched,v3/experiments/server_configs/V3-E__C_group_size_matched-11__seed_99.yaml,89f21797e649d5f9f8251a517b857c8807d6c793b83ff9c62739e450b8a9fa58,E3.3,experiments/v3_results/V3-E__C_group_size_matched-11__seed_99,planned,306,54
V3-E__C_group_size_matched-12__seed_99,V3-E3-RANDOM,E__C_group_size_matched-12,dual_branch,random_feature_coral,supervised_update,99,C_group_size_matched-12,C_group_size_matched,v3/experiments/server_configs/V3-E__C_group_size_matched-12__seed_99.yaml,422e0801f20bc58928d4c68431fd1066843e10a3a4a74d3549f1d30323b116a9,E3.3,experiments/v3_results/V3-E__C_group_size_matched-12__seed_99,planned,307,55
V3-E__C_group_size_matched-13__seed_99,V3-E3-RANDOM,E__C_group_size_matched-13,dual_branch,random_feature_coral,supervised_update,99,C_group_size_matched-13,C_group_size_matched,v3/experiments/server_configs/V3-E__C_group_size_matched-13__seed_99.yaml,523d010552e144dd61831151b31d72fcb1840bbcfd307a1cfe36ca3a4ab2e529,E3.3,experiments/v3_results/V3-E__C_group_size_matched-13__seed_99,planned,308,56
V3-E__C_group_size_matched-14__seed_99,V3-E3-RANDOM,E__C_group_size_matched-14,dual_branch,random_feature_coral,supervised_update,99,C_group_size_matched-14,C_group_size_matched,v3/experiments/server_configs/V3-E__C_group_size_matched-14__seed_99.yaml,6574b5749eb958b660bd8d14d59371852956377fd2afe9fcce84053f6c1dd186,E3.3,experiments/v3_results/V3-E__C_group_size_matched-14__seed_99,planned,309,57
V3-E__C_group_size_matched-15__seed_99,V3-E3-RANDOM,E__C_group_size_matched-15,dual_branch,random_feature_coral,supervised_update,99,C_group_size_matched-15,C_group_size_matched,v3/experiments/server_configs/V3-E__C_group_size_matched-15__seed_99.yaml,2cf01bea1614a633f42cfe9fed07d3ba371afc66d15274af5f25c6c54ae108c3,E3.3,experiments/v3_results/V3-E__C_group_size_matched-15__seed_99,planned,310,58
V3-E__C_group_size_matched-16__seed_99,V3-E3-RANDOM,E__C_group_size_matched-16,dual_branch,random_feature_coral,supervised_update,99,C_group_size_matched-16,C_group_size_matched,v3/experiments/server_configs/V3-E__C_group_size_matched-16__seed_99.yaml,f178f3c60be8465f28fed975191d207a5f21f3032c7eae32e94f0f6a7ea97567,E3.3,experiments/v3_results/V3-E__C_group_size_matched-16__seed_99,planned,311,59
V3-E__C_group_size_matched-17__seed_99,V3-E3-RANDOM,E__C_group_size_matched-17,dual_branch,random_feature_coral,supervised_update,99,C_group_size_matched-17,C_group_size_matched,v3/experiments/server_configs/V3-E__C_group_size_matched-17__seed_99.yaml,b23358eedb3df7c53f14ecce2c8a8ced732cb6e9658d0139002017d8e805decd,E3.3,experiments/v3_results/V3-E__C_group_size_matched-17__seed_99,planned,312,60
V3-E__C_group_size_matched-18__seed_99,V3-E3-RANDOM,E__C_group_size_matched-18,dual_branch,random_feature_coral,supervised_update,99,C_group_size_matched-18,C_group_size_matched,v3/experiments/server_configs/V3-E__C_group_size_matched-18__seed_99.yaml,0d6aa853bbb2ddffaecce0d6c22093ba3630abd8a2a544a99ffb176c9f55b2cd,E3.3,experiments/v3_results/V3-E__C_group_size_matched-18__seed_99,planned,313,61
V3-E__C_group_size_matched-19__seed_99,V3-E3-RANDOM,E__C_group_size_matched-19,dual_branch,random_feature_coral,supervised_update,99,C_group_size_matched-19,C_group_size_matched,v3/experiments/server_configs/V3-E__C_group_size_matched-19__seed_99.yaml,b242af6109736bbfcd3f5ee01a6645c470fe702812fd2cd5da96be694f1de858,E3.3,experiments/v3_results/V3-E__C_group_size_matched-19__seed_99,planned,314,62
V3-E__D_clinical_type_matched-01__seed_99,V3-E3-RANDOM,E__D_clinical_type_matched-01,dual_branch,random_feature_coral,supervised_update,99,D_clinical_type_matched-01,D_clinical_type_matched,v3/experiments/server_configs/V3-E__D_clinical_type_matched-01__seed_99.yaml,9528238c9bf78d22037386edc7c590ae9974e3240656f35e3e7c207985dfccb1,E3.3,experiments/v3_results/V3-E__D_clinical_type_matched-01__seed_99,planned,315,63
V3-E__D_clinical_type_matched-02__seed_99,V3-E3-RANDOM,E__D_clinical_type_matched-02,dual_branch,random_feature_coral,supervised_update,99,D_clinical_type_matched-02,D_clinical_type_matched,v3/experiments/server_configs/V3-E__D_clinical_type_matched-02__seed_99.yaml,bee34a00b1f6d579ea39e52a3634791f267e3ed0db61c58928dbb5bb1794e68b,E3.3,experiments/v3_results/V3-E__D_clinical_type_matched-02__seed_99,planned,316,64
V3-E__D_clinical_type_matched-03__seed_99,V3-E3-RANDOM,E__D_clinical_type_matched-03,dual_branch,random_feature_coral,supervised_update,99,D_clinical_type_matched-03,D_clinical_type_matched,v3/experiments/server_configs/V3-E__D_clinical_type_matched-03__seed_99.yaml,63d4a93f63510a680bf283a620b4005a16a6daca7b5ed82a0c4ae21ef2d69758,E3.3,experiments/v3_results/V3-E__D_clinical_type_matched-03__seed_99,planned,317,65
V3-E__D_clinical_type_matched-04__seed_99,V3-E3-RANDOM,E__D_clinical_type_matched-04,dual_branch,random_feature_coral,supervised_update,99,D_clinical_type_matched-04,D_clinical_type_matched,v3/experiments/server_configs/V3-E__D_clinical_type_matched-04__seed_99.yaml,1021d2e078732f369a41be0147657a269b1b05de5f0ef824b91969d3de9b589e,E3.3,experiments/v3_results/V3-E__D_clinical_type_matched-04__seed_99,planned,318,66
V3-E__D_clinical_type_matched-05__seed_99,V3-E3-RANDOM,E__D_clinical_type_matched-05,dual_branch,random_feature_coral,supervised_update,99,D_clinical_type_matched-05,D_clinical_type_matched,v3/experiments/server_configs/V3-E__D_clinical_type_matched-05__seed_99.yaml,3c78b89d125b1cf147257562645aab2838405b2f40fe19456b95f63487340040,E3.3,experiments/v3_results/V3-E__D_clinical_type_matched-05__seed_99,planned,319,67
V3-E__D_clinical_type_matched-06__seed_99,V3-E3-RANDOM,E__D_clinical_type_matched-06,dual_branch,random_feature_coral,supervised_update,99,D_clinical_type_matched-06,D_clinical_type_matched,v3/experiments/server_configs/V3-E__D_clinical_type_matched-06__seed_99.yaml,3e28e0d593114b935e1bcda5180e81c75c1eef1aad28b73661f66c8a42f8c6c7,E3.3,experiments/v3_results/V3-E__D_clinical_type_matched-06__seed_99,planned,320,68
V3-E__D_clinical_type_matched-07__seed_99,V3-E3-RANDOM,E__D_clinical_type_matched-07,dual_branch,random_feature_coral,supervised_update,99,D_clinical_type_matched-07,D_clinical_type_matched,v3/experiments/server_configs/V3-E__D_clinical_type_matched-07__seed_99.yaml,903ecd78404d821450c3884097ba47c72e849c8a05df723d8ea63f2828a33e98,E3.3,experiments/v3_results/V3-E__D_clinical_type_matched-07__seed_99,planned,321,69
V3-E__D_clinical_type_matched-08__seed_99,V3-E3-RANDOM,E__D_clinical_type_matched-08,dual_branch,random_feature_coral,supervised_update,99,D_clinical_type_matched-08,D_clinical_type_matched,v3/experiments/server_configs/V3-E__D_clinical_type_matched-08__seed_99.yaml,cfb9f5b076e9af161bc07c629b64dac15682205f5e3fc54fb9ccbaf02273b36d,E3.3,experiments/v3_results/V3-E__D_clinical_type_matched-08__seed_99,planned,322,70
V3-E__D_clinical_type_matched-09__seed_99,V3-E3-RANDOM,E__D_clinical_type_matched-09,dual_branch,random_feature_coral,supervised_update,99,D_clinical_type_matched-09,D_clinical_type_matched,v3/experiments/server_configs/V3-E__D_clinical_type_matched-09__seed_99.yaml,1af4b9c0b3a75dcd7b14632e6cba9dd6acb1ea02bebc1ca4ddfbc6698cdb2d79,E3.3,experiments/v3_results/V3-E__D_clinical_type_matched-09__seed_99,planned,323,71
V3-E__D_clinical_type_matched-10__seed_99,V3-E3-RANDOM,E__D_clinical_type_matched-10,dual_branch,random_feature_coral,supervised_update,99,D_clinical_type_matched-10,D_clinical_type_matched,v3/experiments/server_configs/V3-E__D_clinical_type_matched-10__seed_99.yaml,719e73f1d53613afc4d6f79bce2fa05beff3e68ed4adc0129cecefd58810f5d4,E3.3,experiments/v3_results/V3-E__D_clinical_type_matched-10__seed_99,planned,324,72
V3-E__D_clinical_type_matched-11__seed_99,V3-E3-RANDOM,E__D_clinical_type_matched-11,dual_branch,random_feature_coral,supervised_update,99,D_clinical_type_matched-11,D_clinical_type_matched,v3/experiments/server_configs/V3-E__D_clinical_type_matched-11__seed_99.yaml,6d56da872c5db55d7a00fa736a9605d30631d13542de2ef28efa7f77dfbade39,E3.3,experiments/v3_results/V3-E__D_clinical_type_matched-11__seed_99,planned,325,73
V3-E__D_clinical_type_matched-12__seed_99,V3-E3-RANDOM,E__D_clinical_type_matched-12,dual_branch,random_feature_coral,supervised_update,99,D_clinical_type_matched-12,D_clinical_type_matched,v3/experiments/server_configs/V3-E__D_clinical_type_matched-12__seed_99.yaml,df830636b7f3992f2bf8e113c719d405a80d23ce1de8b23d5851bdf3e0b55701,E3.3,experiments/v3_results/V3-E__D_clinical_type_matched-12__seed_99,planned,326,74
V3-E__D_clinical_type_matched-13__seed_99,V3-E3-RANDOM,E__D_clinical_type_matched-13,dual_branch,random_feature_coral,supervised_update,99,D_clinical_type_matched-13,D_clinical_type_matched,v3/experiments/server_configs/V3-E__D_clinical_type_matched-13__seed_99.yaml,8e4f407a4d04828de44d5f452d311166eef330558f5ac88883276f0ee0889e39,E3.3,experiments/v3_results/V3-E__D_clinical_type_matched-13__seed_99,planned,327,75
V3-E__D_clinical_type_matched-14__seed_99,V3-E3-RANDOM,E__D_clinical_type_matched-14,dual_branch,random_feature_coral,supervised_update,99,D_clinical_type_matched-14,D_clinical_type_matched,v3/experiments/server_configs/V3-E__D_clinical_type_matched-14__seed_99.yaml,e52ee8472e4ae05aad6d458ef6a514deeb86f5dc9c37db508f69c8f5e37cf020,E3.3,experiments/v3_results/V3-E__D_clinical_type_matched-14__seed_99,planned,328,76
V3-E__D_clinical_type_matched-15__seed_99,V3-E3-RANDOM,E__D_clinical_type_matched-15,dual_branch,random_feature_coral,supervised_update,99,D_clinical_type_matched-15,D_clinical_type_matched,v3/experiments/server_configs/V3-E__D_clinical_type_matched-15__seed_99.yaml,ea8bcc1a5021a6621689c2a8dc5dd194dc8d246265ebe13972aa4518c7eaa266,E3.3,experiments/v3_results/V3-E__D_clinical_type_matched-15__seed_99,planned,329,77
V3-E__D_clinical_type_matched-16__seed_99,V3-E3-RANDOM,E__D_clinical_type_matched-16,dual_branch,random_feature_coral,supervised_update,99,D_clinical_type_matched-16,D_clinical_type_matched,v3/experiments/server_configs/V3-E__D_clinical_type_matched-16__seed_99.yaml,276d2e9031665a8c531476d26dd7694d05537bea1de85a73a6a9dc888407c1b6,E3.3,experiments/v3_results/V3-E__D_clinical_type_matched-16__seed_99,planned,330,78
V3-E__D_clinical_type_matched-17__seed_99,V3-E3-RANDOM,E__D_clinical_type_matched-17,dual_branch,random_feature_coral,supervised_update,99,D_clinical_type_matched-17,D_clinical_type_matched,v3/experiments/server_configs/V3-E__D_clinical_type_matched-17__seed_99.yaml,3302572a28a153103d76709ce1947771a73fa03c547dbcb93c5071bd119a6b4b,E3.3,experiments/v3_results/V3-E__D_clinical_type_matched-17__seed_99,planned,331,79
V3-E__D_clinical_type_matched-18__seed_99,V3-E3-RANDOM,E__D_clinical_type_matched-18,dual_branch,random_feature_coral,supervised_update,99,D_clinical_type_matched-18,D_clinical_type_matched,v3/experiments/server_configs/V3-E__D_clinical_type_matched-18__seed_99.yaml,5f611c49435ea65b64a9f22074c23c64a09c88ff85ba3cc8f746025ab928317b,E3.3,experiments/v3_results/V3-E__D_clinical_type_matched-18__seed_99,planned,332,80
V3-E__D_clinical_type_matched-19__seed_99,V3-E3-RANDOM,E__D_clinical_type_matched-19,dual_branch,random_feature_coral,supervised_update,99,D_clinical_type_matched-19,D_clinical_type_matched,v3/experiments/server_configs/V3-E__D_clinical_type_matched-19__seed_99.yaml,ecef97c6698dfe3ba5898796f30ac21d71e0d1ef805b728dad8d0ed1f2aa993d,E3.3,experiments/v3_results/V3-E__D_clinical_type_matched-19__seed_99,planned,333,81
V3-source_only__seed_99,V3-E3-CONTROLS,source_only,single_encoder,none,source_only,99,,,v3/experiments/server_configs/V3-source_only__seed_99.yaml,d2d5700200e6a9e3f80660640043bb8f2a5e5725c211116ade5c76222d32571e,E3.1,experiments/v3_results/V3-source_only__seed_99,planned,334,82
V3-A__seed_99,V3-E3-CONTROLS,A,single_encoder,no_alignment,supervised_update,99,,,v3/experiments/server_configs/V3-A__seed_99.yaml,24cc8eb94429bcc303e969fff6a1b5297ed1536e794d64598c2a0aeaf1488803,E3.1,experiments/v3_results/V3-A__seed_99,planned,335,83
V3-B__seed_99,V3-E3-CONTROLS,B,single_encoder,global_coral,supervised_update,99,,,v3/experiments/server_configs/V3-B__seed_99.yaml,aa89ad1bc77028f9376e078ec4898a0ec5883e5799eb3a747a10267dfcb90597,E3.1,experiments/v3_results/V3-B__seed_99,planned,336,84
V3-D1__seed_2024,V3-E3-SELECTIVE,D1,dual_branch,physiology_coral,supervised_update,2024,,,v3/experiments/server_configs/V3-D1__seed_2024.yaml,e9b5432b86048d388b20bfbdde5e6047539d5a3e32f575cd2fe8af12a5bf2d57,E3.2,experiments/v3_results/V3-D1__seed_2024,planned,337,1
V3-D2__seed_2024,V3-E3-SELECTIVE,D2,dual_branch,treatment_coral,supervised_update,2024,,,v3/experiments/server_configs/V3-D2__seed_2024.yaml,f06646accc93872085ccdad9ed62aec1152ab886e46399a06037bf8c352fd5c1,E3.2,experiments/v3_results/V3-D2__seed_2024,planned,338,2
V3-F__seed_2024,V3-E3-CONTROLS,F,single_encoder,none,target_only,2024,,,v3/experiments/server_configs/V3-F__seed_2024.yaml,0e2391ac04f1d5fc6f077116bec38aa6381ec0d911f1c9a767e6303fe87d4a3b,E3.1,experiments/v3_results/V3-F__seed_2024,planned,339,3
V3-G__seed_2024,V3-E3-CONTROLS,G,dual_branch,global_coral,supervised_update,2024,,,v3/experiments/server_configs/V3-G__seed_2024.yaml,b6bdfc798acd0e65cc41eef9d80a3b5c3525ebff1031c4aa772e438225dae61c,E3.1,experiments/v3_results/V3-G__seed_2024,planned,340,4
V3-E__A_unrestricted_random-01__seed_2024,V3-E3-RANDOM,E__A_unrestricted_random-01,dual_branch,random_feature_coral,supervised_update,2024,A_unrestricted_random-01,A_unrestricted_random,v3/experiments/server_configs/V3-E__A_unrestricted_random-01__seed_2024.yaml,fa5014732d79762ba9f3ba91a58f6036edc820cf8862b1b8ef7746bdcf9dd293,E3.3,experiments/v3_results/V3-E__A_unrestricted_random-01__seed_2024,planned,341,5
V3-E__A_unrestricted_random-02__seed_2024,V3-E3-RANDOM,E__A_unrestricted_random-02,dual_branch,random_feature_coral,supervised_update,2024,A_unrestricted_random-02,A_unrestricted_random,v3/experiments/server_configs/V3-E__A_unrestricted_random-02__seed_2024.yaml,9902afafba383495927c509ffa66b8075a7ca7b22a0a299ce3aeb12930a3de64,E3.3,experiments/v3_results/V3-E__A_unrestricted_random-02__seed_2024,planned,342,6
V3-E__A_unrestricted_random-03__seed_2024,V3-E3-RANDOM,E__A_unrestricted_random-03,dual_branch,random_feature_coral,supervised_update,2024,A_unrestricted_random-03,A_unrestricted_random,v3/experiments/server_configs/V3-E__A_unrestricted_random-03__seed_2024.yaml,425a76703058e5c775bb7dd83b150796f670c9240194ac71564871352e1cf5a3,E3.3,experiments/v3_results/V3-E__A_unrestricted_random-03__seed_2024,planned,343,7
V3-E__A_unrestricted_random-04__seed_2024,V3-E3-RANDOM,E__A_unrestricted_random-04,dual_branch,random_feature_coral,supervised_update,2024,A_unrestricted_random-04,A_unrestricted_random,v3/experiments/server_configs/V3-E__A_unrestricted_random-04__seed_2024.yaml,6d6cbf3556f4ce0bb7f28ba7987fbb0ead9efd7c83e33e0756d5230c23bba5ce,E3.3,experiments/v3_results/V3-E__A_unrestricted_random-04__seed_2024,planned,344,8
V3-E__A_unrestricted_random-05__seed_2024,V3-E3-RANDOM,E__A_unrestricted_random-05,dual_branch,random_feature_coral,supervised_update,2024,A_unrestricted_random-05,A_unrestricted_random,v3/experiments/server_configs/V3-E__A_unrestricted_random-05__seed_2024.yaml,b675d0b1d4338e464bdea2b4a1af4c3a3c4a15fb5ead65d0f87c6de4eb7da492,E3.3,experiments/v3_results/V3-E__A_unrestricted_random-05__seed_2024,planned,345,9
V3-E__A_unrestricted_random-06__seed_2024,V3-E3-RANDOM,E__A_unrestricted_random-06,dual_branch,random_feature_coral,supervised_update,2024,A_unrestricted_random-06,A_unrestricted_random,v3/experiments/server_configs/V3-E__A_unrestricted_random-06__seed_2024.yaml,d1b57c37005fb7d090328dd3429a86a50ae4f9318950d5fcf45b5608d82dd50f,E3.3,experiments/v3_results/V3-E__A_unrestricted_random-06__seed_2024,planned,346,10
V3-E__A_unrestricted_random-07__seed_2024,V3-E3-RANDOM,E__A_unrestricted_random-07,dual_branch,random_feature_coral,supervised_update,2024,A_unrestricted_random-07,A_unrestricted_random,v3/experiments/server_configs/V3-E__A_unrestricted_random-07__seed_2024.yaml,fb9bb92999bb75cc109aa80164ba7578d8e566fcf8fcebc5749427d58b407c59,E3.3,experiments/v3_results/V3-E__A_unrestricted_random-07__seed_2024,planned,347,11
V3-E__A_unrestricted_random-08__seed_2024,V3-E3-RANDOM,E__A_unrestricted_random-08,dual_branch,random_feature_coral,supervised_update,2024,A_unrestricted_random-08,A_unrestricted_random,v3/experiments/server_configs/V3-E__A_unrestricted_random-08__seed_2024.yaml,8d92babc7c5166c135ec6a323292cc9503bb6647ff992a573fa16091b123940f,E3.3,experiments/v3_results/V3-E__A_unrestricted_random-08__seed_2024,planned,348,12
V3-E__A_unrestricted_random-09__seed_2024,V3-E3-RANDOM,E__A_unrestricted_random-09,dual_branch,random_feature_coral,supervised_update,2024,A_unrestricted_random-09,A_unrestricted_random,v3/experiments/server_configs/V3-E__A_unrestricted_random-09__seed_2024.yaml,711d2caff87d9644a16d3077229f7e5a4e7380044519429ed519cba7e0534fb1,E3.3,experiments/v3_results/V3-E__A_unrestricted_random-09__seed_2024,planned,349,13
V3-E__A_unrestricted_random-10__seed_2024,V3-E3-RANDOM,E__A_unrestricted_random-10,dual_branch,random_feature_coral,supervised_update,2024,A_unrestricted_random-10,A_unrestricted_random,v3/experiments/server_configs/V3-E__A_unrestricted_random-10__seed_2024.yaml,1ddd304ad1a2ceed6b3437596d5449cb0dc2fb36888f018f7cea47d84a78c645,E3.3,experiments/v3_results/V3-E__A_unrestricted_random-10__seed_2024,planned,350,14
V3-E__A_unrestricted_random-11__seed_2024,V3-E3-RANDOM,E__A_unrestricted_random-11,dual_branch,random_feature_coral,supervised_update,2024,A_unrestricted_random-11,A_unrestricted_random,v3/experiments/server_configs/V3-E__A_unrestricted_random-11__seed_2024.yaml,1ae0f2a7b9d4f0d9c6507cb491d629177f5c1fb79e9eb6756ecca746a3e56596,E3.3,experiments/v3_results/V3-E__A_unrestricted_random-11__seed_2024,planned,351,15
V3-E__A_unrestricted_random-12__seed_2024,V3-E3-RANDOM,E__A_unrestricted_random-12,dual_branch,random_feature_coral,supervised_update,2024,A_unrestricted_random-12,A_unrestricted_random,v3/experiments/server_configs/V3-E__A_unrestricted_random-12__seed_2024.yaml,06d6420ac331c6f6e31d16ed534fc83a0dbd90f8ddb6c2e428d2eae5979ab34d,E3.3,experiments/v3_results/V3-E__A_unrestricted_random-12__seed_2024,planned,352,16
V3-E__A_unrestricted_random-13__seed_2024,V3-E3-RANDOM,E__A_unrestricted_random-13,dual_branch,random_feature_coral,supervised_update,2024,A_unrestricted_random-13,A_unrestricted_random,v3/experiments/server_configs/V3-E__A_unrestricted_random-13__seed_2024.yaml,9637c7e99abc02436289f3361a1165efccbac366adca58c9c5696f69f75511f6,E3.3,experiments/v3_results/V3-E__A_unrestricted_random-13__seed_2024,planned,353,17
V3-E__A_unrestricted_random-14__seed_2024,V3-E3-RANDOM,E__A_unrestricted_random-14,dual_branch,random_feature_coral,supervised_update,2024,A_unrestricted_random-14,A_unrestricted_random,v3/experiments/server_configs/V3-E__A_unrestricted_random-14__seed_2024.yaml,2387aed920b6db5f831fa24fc67d3ae5b20744f096171948ba59fe9432906cd7,E3.3,experiments/v3_results/V3-E__A_unrestricted_random-14__seed_2024,planned,354,18
V3-E__A_unrestricted_random-15__seed_2024,V3-E3-RANDOM,E__A_unrestricted_random-15,dual_branch,random_feature_coral,supervised_update,2024,A_unrestricted_random-15,A_unrestricted_random,v3/experiments/server_configs/V3-E__A_unrestricted_random-15__seed_2024.yaml,2ddd8274b880f80660fa8138adebdf1d1a4a5f817aa4e244dc8cd947b28ef7a9,E3.3,experiments/v3_results/V3-E__A_unrestricted_random-15__seed_2024,planned,355,19
V3-E__A_unrestricted_random-16__seed_2024,V3-E3-RANDOM,E__A_unrestricted_random-16,dual_branch,random_feature_coral,supervised_update,2024,A_unrestricted_random-16,A_unrestricted_random,v3/experiments/server_configs/V3-E__A_unrestricted_random-16__seed_2024.yaml,84630eb833e895807eaf83d8446708a92715b8601852d8ef24b556574898afd8,E3.3,experiments/v3_results/V3-E__A_unrestricted_random-16__seed_2024,planned,356,20
V3-E__A_unrestricted_random-17__seed_2024,V3-E3-RANDOM,E__A_unrestricted_random-17,dual_branch,random_feature_coral,supervised_update,2024,A_unrestricted_random-17,A_unrestricted_random,v3/experiments/server_configs/V3-E__A_unrestricted_random-17__seed_2024.yaml,28c2fa4362693b6a6df1190a19d039c3271ccb1ceed9c6d20315e4b400d85444,E3.3,experiments/v3_results/V3-E__A_unrestricted_random-17__seed_2024,planned,357,21
V3-E__A_unrestricted_random-18__seed_2024,V3-E3-RANDOM,E__A_unrestricted_random-18,dual_branch,random_feature_coral,supervised_update,2024,A_unrestricted_random-18,A_unrestricted_random,v3/experiments/server_configs/V3-E__A_unrestricted_random-18__seed_2024.yaml,a8bfd98f10ac695cb0bf56fdf53512f8e8f2b81d3846fd02b0acb7418acb1b73,E3.3,experiments/v3_results/V3-E__A_unrestricted_random-18__seed_2024,planned,358,22
V3-E__A_unrestricted_random-19__seed_2024,V3-E3-RANDOM,E__A_unrestricted_random-19,dual_branch,random_feature_coral,supervised_update,2024,A_unrestricted_random-19,A_unrestricted_random,v3/experiments/server_configs/V3-E__A_unrestricted_random-19__seed_2024.yaml,03e2b2d9db2ecce05465d5b84f0ad682b00e64c8f60cfb7dc602fee063c7d300,E3.3,experiments/v3_results/V3-E__A_unrestricted_random-19__seed_2024,planned,359,23
V3-E__B_variance_matched-01__seed_2024,V3-E3-RANDOM,E__B_variance_matched-01,dual_branch,random_feature_coral,supervised_update,2024,B_variance_matched-01,B_variance_matched,v3/experiments/server_configs/V3-E__B_variance_matched-01__seed_2024.yaml,fc7508e1e657e4f0af7d972c47de6a0acc374a27a60e0c78394a700645f72f18,E3.3,experiments/v3_results/V3-E__B_variance_matched-01__seed_2024,planned,360,24
V3-E__B_variance_matched-02__seed_2024,V3-E3-RANDOM,E__B_variance_matched-02,dual_branch,random_feature_coral,supervised_update,2024,B_variance_matched-02,B_variance_matched,v3/experiments/server_configs/V3-E__B_variance_matched-02__seed_2024.yaml,2bd65d8d9019fc6ef89c88b3ef51bbced8089c6f55e62b0c56aa1d2870eacbdf,E3.3,experiments/v3_results/V3-E__B_variance_matched-02__seed_2024,planned,361,25
V3-E__B_variance_matched-03__seed_2024,V3-E3-RANDOM,E__B_variance_matched-03,dual_branch,random_feature_coral,supervised_update,2024,B_variance_matched-03,B_variance_matched,v3/experiments/server_configs/V3-E__B_variance_matched-03__seed_2024.yaml,71a5e6882116914d6a8b4cba9551782becef48be7afcd4e1b5e50baac6f8700e,E3.3,experiments/v3_results/V3-E__B_variance_matched-03__seed_2024,planned,362,26
V3-E__B_variance_matched-04__seed_2024,V3-E3-RANDOM,E__B_variance_matched-04,dual_branch,random_feature_coral,supervised_update,2024,B_variance_matched-04,B_variance_matched,v3/experiments/server_configs/V3-E__B_variance_matched-04__seed_2024.yaml,86cc31a47b72124aec2e37e26b204afd315bad8a13e422042498ff602703e7ba,E3.3,experiments/v3_results/V3-E__B_variance_matched-04__seed_2024,planned,363,27
V3-E__B_variance_matched-05__seed_2024,V3-E3-RANDOM,E__B_variance_matched-05,dual_branch,random_feature_coral,supervised_update,2024,B_variance_matched-05,B_variance_matched,v3/experiments/server_configs/V3-E__B_variance_matched-05__seed_2024.yaml,d9063c8d6011e99ebc13e0924e1ca7e8b68ab8c07d3bc8a08b2bb62185302c42,E3.3,experiments/v3_results/V3-E__B_variance_matched-05__seed_2024,planned,364,28
V3-E__B_variance_matched-06__seed_2024,V3-E3-RANDOM,E__B_variance_matched-06,dual_branch,random_feature_coral,supervised_update,2024,B_variance_matched-06,B_variance_matched,v3/experiments/server_configs/V3-E__B_variance_matched-06__seed_2024.yaml,2ae34537b6ec962421a9664f601bc1688c2675e7f9c5f90b9d8a4f0f22ee9923,E3.3,experiments/v3_results/V3-E__B_variance_matched-06__seed_2024,planned,365,29
V3-E__B_variance_matched-07__seed_2024,V3-E3-RANDOM,E__B_variance_matched-07,dual_branch,random_feature_coral,supervised_update,2024,B_variance_matched-07,B_variance_matched,v3/experiments/server_configs/V3-E__B_variance_matched-07__seed_2024.yaml,33d569934a1a465536de909502943ca3b8f0b004aaf3a9f4d60c685adaf79d6f,E3.3,experiments/v3_results/V3-E__B_variance_matched-07__seed_2024,planned,366,30
V3-E__B_variance_matched-08__seed_2024,V3-E3-RANDOM,E__B_variance_matched-08,dual_branch,random_feature_coral,supervised_update,2024,B_variance_matched-08,B_variance_matched,v3/experiments/server_configs/V3-E__B_variance_matched-08__seed_2024.yaml,98b4629b6e8dc0d962c8a806f14f3d1fc42794182f5347adc063475cbbf92a47,E3.3,experiments/v3_results/V3-E__B_variance_matched-08__seed_2024,planned,367,31
V3-E__B_variance_matched-09__seed_2024,V3-E3-RANDOM,E__B_variance_matched-09,dual_branch,random_feature_coral,supervised_update,2024,B_variance_matched-09,B_variance_matched,v3/experiments/server_configs/V3-E__B_variance_matched-09__seed_2024.yaml,6eb27e4fc0e21e35a0872bc7ead308e1f3003d6d7b28fb45a7d629a00057ce54,E3.3,experiments/v3_results/V3-E__B_variance_matched-09__seed_2024,planned,368,32
V3-E__B_variance_matched-10__seed_2024,V3-E3-RANDOM,E__B_variance_matched-10,dual_branch,random_feature_coral,supervised_update,2024,B_variance_matched-10,B_variance_matched,v3/experiments/server_configs/V3-E__B_variance_matched-10__seed_2024.yaml,39ac3ba9be98ccef00cce9371f24eb20afba6b885168fa17d5048e62afba738c,E3.3,experiments/v3_results/V3-E__B_variance_matched-10__seed_2024,planned,369,33
V3-E__B_variance_matched-11__seed_2024,V3-E3-RANDOM,E__B_variance_matched-11,dual_branch,random_feature_coral,supervised_update,2024,B_variance_matched-11,B_variance_matched,v3/experiments/server_configs/V3-E__B_variance_matched-11__seed_2024.yaml,036c67b2cdf1af7186a41c5d8e773af0d0cdc54197c3bc86ca8fae5ae74c601e,E3.3,experiments/v3_results/V3-E__B_variance_matched-11__seed_2024,planned,370,34
V3-E__B_variance_matched-12__seed_2024,V3-E3-RANDOM,E__B_variance_matched-12,dual_branch,random_feature_coral,supervised_update,2024,B_variance_matched-12,B_variance_matched,v3/experiments/server_configs/V3-E__B_variance_matched-12__seed_2024.yaml,5ecc08e4462d195df53ac817814e6242f27504276108f6682cdc6e01187f9876,E3.3,experiments/v3_results/V3-E__B_variance_matched-12__seed_2024,planned,371,35
V3-E__B_variance_matched-13__seed_2024,V3-E3-RANDOM,E__B_variance_matched-13,dual_branch,random_feature_coral,supervised_update,2024,B_variance_matched-13,B_variance_matched,v3/experiments/server_configs/V3-E__B_variance_matched-13__seed_2024.yaml,ad158fccdc2151b3f72b7b9b3e7707d3eb490580fc883d2faada91bfc91b3e6d,E3.3,experiments/v3_results/V3-E__B_variance_matched-13__seed_2024,planned,372,36
V3-E__B_variance_matched-14__seed_2024,V3-E3-RANDOM,E__B_variance_matched-14,dual_branch,random_feature_coral,supervised_update,2024,B_variance_matched-14,B_variance_matched,v3/experiments/server_configs/V3-E__B_variance_matched-14__seed_2024.yaml,e9599b6fd23dbc0c37c931f60a34bfdfdca64390285ecd16ca9dc931b38fd282,E3.3,experiments/v3_results/V3-E__B_variance_matched-14__seed_2024,planned,373,37
V3-E__B_variance_matched-15__seed_2024,V3-E3-RANDOM,E__B_variance_matched-15,dual_branch,random_feature_coral,supervised_update,2024,B_variance_matched-15,B_variance_matched,v3/experiments/server_configs/V3-E__B_variance_matched-15__seed_2024.yaml,24f6b46aeed7d1a0fb7c1696d7a867972435cc0da0fa487493cbf9049e861eae,E3.3,experiments/v3_results/V3-E__B_variance_matched-15__seed_2024,planned,374,38
V3-E__B_variance_matched-16__seed_2024,V3-E3-RANDOM,E__B_variance_matched-16,dual_branch,random_feature_coral,supervised_update,2024,B_variance_matched-16,B_variance_matched,v3/experiments/server_configs/V3-E__B_variance_matched-16__seed_2024.yaml,2eb471ec2ab199a3909ce24a60f2f6c6daf4124ae9bbab2a9bf059ca745c26a9,E3.3,experiments/v3_results/V3-E__B_variance_matched-16__seed_2024,planned,375,39
V3-E__B_variance_matched-17__seed_2024,V3-E3-RANDOM,E__B_variance_matched-17,dual_branch,random_feature_coral,supervised_update,2024,B_variance_matched-17,B_variance_matched,v3/experiments/server_configs/V3-E__B_variance_matched-17__seed_2024.yaml,10cd96b171db217fa2b638741dfc13afd7e19c28799a186738fdeab61603fadb,E3.3,experiments/v3_results/V3-E__B_variance_matched-17__seed_2024,planned,376,40
V3-E__B_variance_matched-18__seed_2024,V3-E3-RANDOM,E__B_variance_matched-18,dual_branch,random_feature_coral,supervised_update,2024,B_variance_matched-18,B_variance_matched,v3/experiments/server_configs/V3-E__B_variance_matched-18__seed_2024.yaml,529fc9b0d9fcd58993fbcc4b2dc5efdcfa865c3cac99f159be011bd346033f16,E3.3,experiments/v3_results/V3-E__B_variance_matched-18__seed_2024,planned,377,41
V3-E__B_variance_matched-19__seed_2024,V3-E3-RANDOM,E__B_variance_matched-19,dual_branch,random_feature_coral,supervised_update,2024,B_variance_matched-19,B_variance_matched,v3/experiments/server_configs/V3-E__B_variance_matched-19__seed_2024.yaml,ca8ca010b69ab2c0c73595daa7b71cb41ba5898dd43dc499d35e5e5d9aed2ed9,E3.3,experiments/v3_results/V3-E__B_variance_matched-19__seed_2024,planned,378,42
V3-E__C_group_size_matched-01__seed_2024,V3-E3-RANDOM,E__C_group_size_matched-01,dual_branch,random_feature_coral,supervised_update,2024,C_group_size_matched-01,C_group_size_matched,v3/experiments/server_configs/V3-E__C_group_size_matched-01__seed_2024.yaml,17a5a1dd192e287acdc6536b9186ad668278e8363e717408c410bff6e83ef125,E3.3,experiments/v3_results/V3-E__C_group_size_matched-01__seed_2024,planned,379,43
V3-E__C_group_size_matched-02__seed_2024,V3-E3-RANDOM,E__C_group_size_matched-02,dual_branch,random_feature_coral,supervised_update,2024,C_group_size_matched-02,C_group_size_matched,v3/experiments/server_configs/V3-E__C_group_size_matched-02__seed_2024.yaml,68d8adb6194c9fd63a7c4c4e096631c1782d3f79554e27c1fcddc220a00cffab,E3.3,experiments/v3_results/V3-E__C_group_size_matched-02__seed_2024,planned,380,44
V3-E__C_group_size_matched-03__seed_2024,V3-E3-RANDOM,E__C_group_size_matched-03,dual_branch,random_feature_coral,supervised_update,2024,C_group_size_matched-03,C_group_size_matched,v3/experiments/server_configs/V3-E__C_group_size_matched-03__seed_2024.yaml,911596299d09f49507f42117dbf4a8ca68e144677757e04bf2f39a0aac529da6,E3.3,experiments/v3_results/V3-E__C_group_size_matched-03__seed_2024,planned,381,45
V3-E__C_group_size_matched-04__seed_2024,V3-E3-RANDOM,E__C_group_size_matched-04,dual_branch,random_feature_coral,supervised_update,2024,C_group_size_matched-04,C_group_size_matched,v3/experiments/server_configs/V3-E__C_group_size_matched-04__seed_2024.yaml,7a8f7cb70685f461f8d5ce3acad712bc800b96d593a96ba7caa32f54ea334aeb,E3.3,experiments/v3_results/V3-E__C_group_size_matched-04__seed_2024,planned,382,46
V3-E__C_group_size_matched-05__seed_2024,V3-E3-RANDOM,E__C_group_size_matched-05,dual_branch,random_feature_coral,supervised_update,2024,C_group_size_matched-05,C_group_size_matched,v3/experiments/server_configs/V3-E__C_group_size_matched-05__seed_2024.yaml,5175f291cec4486fd7626b2cb8cf84fc0d832254edc205581df42d7014ee7329,E3.3,experiments/v3_results/V3-E__C_group_size_matched-05__seed_2024,planned,383,47
V3-E__C_group_size_matched-06__seed_2024,V3-E3-RANDOM,E__C_group_size_matched-06,dual_branch,random_feature_coral,supervised_update,2024,C_group_size_matched-06,C_group_size_matched,v3/experiments/server_configs/V3-E__C_group_size_matched-06__seed_2024.yaml,0311b9417e7e26bc8560987b0442206d0d327901b77a3bc2144f75281c0e8150,E3.3,experiments/v3_results/V3-E__C_group_size_matched-06__seed_2024,planned,384,48
V3-E__C_group_size_matched-07__seed_2024,V3-E3-RANDOM,E__C_group_size_matched-07,dual_branch,random_feature_coral,supervised_update,2024,C_group_size_matched-07,C_group_size_matched,v3/experiments/server_configs/V3-E__C_group_size_matched-07__seed_2024.yaml,fbcb4af24b5065b30b7117c8907b2356a8f920ee8734f4160a4605c37c11b826,E3.3,experiments/v3_results/V3-E__C_group_size_matched-07__seed_2024,planned,385,49
V3-E__C_group_size_matched-08__seed_2024,V3-E3-RANDOM,E__C_group_size_matched-08,dual_branch,random_feature_coral,supervised_update,2024,C_group_size_matched-08,C_group_size_matched,v3/experiments/server_configs/V3-E__C_group_size_matched-08__seed_2024.yaml,68eb80afad6499eda75a46882e0b1b4eb5cb995600d159388cb10848a77c5e89,E3.3,experiments/v3_results/V3-E__C_group_size_matched-08__seed_2024,planned,386,50
V3-E__C_group_size_matched-09__seed_2024,V3-E3-RANDOM,E__C_group_size_matched-09,dual_branch,random_feature_coral,supervised_update,2024,C_group_size_matched-09,C_group_size_matched,v3/experiments/server_configs/V3-E__C_group_size_matched-09__seed_2024.yaml,9688b2b2ad922e7af1968dfef4cd1bc6a15932749ea26fa6b5835053d44b8a0a,E3.3,experiments/v3_results/V3-E__C_group_size_matched-09__seed_2024,planned,387,51
V3-E__C_group_size_matched-10__seed_2024,V3-E3-RANDOM,E__C_group_size_matched-10,dual_branch,random_feature_coral,supervised_update,2024,C_group_size_matched-10,C_group_size_matched,v3/experiments/server_configs/V3-E__C_group_size_matched-10__seed_2024.yaml,253416fe5c29f7a35ca021054007c7af0b27cb3f998d6b9d9869345ddcf4481f,E3.3,experiments/v3_results/V3-E__C_group_size_matched-10__seed_2024,planned,388,52
V3-E__C_group_size_matched-11__seed_2024,V3-E3-RANDOM,E__C_group_size_matched-11,dual_branch,random_feature_coral,supervised_update,2024,C_group_size_matched-11,C_group_size_matched,v3/experiments/server_configs/V3-E__C_group_size_matched-11__seed_2024.yaml,c6751cf8997cb66f51f6ace6afeb43ea4cf890f6756d3462b454bbbea19d1f93,E3.3,experiments/v3_results/V3-E__C_group_size_matched-11__seed_2024,planned,389,53
V3-E__C_group_size_matched-12__seed_2024,V3-E3-RANDOM,E__C_group_size_matched-12,dual_branch,random_feature_coral,supervised_update,2024,C_group_size_matched-12,C_group_size_matched,v3/experiments/server_configs/V3-E__C_group_size_matched-12__seed_2024.yaml,abd201391b730b386dda88bdacd8dd6b3dc70071cf20b118008643863113366d,E3.3,experiments/v3_results/V3-E__C_group_size_matched-12__seed_2024,planned,390,54
V3-E__C_group_size_matched-13__seed_2024,V3-E3-RANDOM,E__C_group_size_matched-13,dual_branch,random_feature_coral,supervised_update,2024,C_group_size_matched-13,C_group_size_matched,v3/experiments/server_configs/V3-E__C_group_size_matched-13__seed_2024.yaml,fb9b009933f5579152061dbe8a27309de9393c50553d32dd1dfbd039ddbe7777,E3.3,experiments/v3_results/V3-E__C_group_size_matched-13__seed_2024,planned,391,55
V3-E__C_group_size_matched-14__seed_2024,V3-E3-RANDOM,E__C_group_size_matched-14,dual_branch,random_feature_coral,supervised_update,2024,C_group_size_matched-14,C_group_size_matched,v3/experiments/server_configs/V3-E__C_group_size_matched-14__seed_2024.yaml,549c362dfbb3d0eca3d4a769b7b31edf50d6cb5994ec9c706d2e4805a7b0bd92,E3.3,experiments/v3_results/V3-E__C_group_size_matched-14__seed_2024,planned,392,56
V3-E__C_group_size_matched-15__seed_2024,V3-E3-RANDOM,E__C_group_size_matched-15,dual_branch,random_feature_coral,supervised_update,2024,C_group_size_matched-15,C_group_size_matched,v3/experiments/server_configs/V3-E__C_group_size_matched-15__seed_2024.yaml,c050c60ac2f0c0d117b2f24d6d8a11305c354a67b93702b811967b670da3dc4d,E3.3,experiments/v3_results/V3-E__C_group_size_matched-15__seed_2024,planned,393,57
V3-E__C_group_size_matched-16__seed_2024,V3-E3-RANDOM,E__C_group_size_matched-16,dual_branch,random_feature_coral,supervised_update,2024,C_group_size_matched-16,C_group_size_matched,v3/experiments/server_configs/V3-E__C_group_size_matched-16__seed_2024.yaml,739c133cfc4cfc9c39ce3e5ad3b0407fb0f16d099780920259379653c7789bf6,E3.3,experiments/v3_results/V3-E__C_group_size_matched-16__seed_2024,planned,394,58
V3-E__C_group_size_matched-17__seed_2024,V3-E3-RANDOM,E__C_group_size_matched-17,dual_branch,random_feature_coral,supervised_update,2024,C_group_size_matched-17,C_group_size_matched,v3/experiments/server_configs/V3-E__C_group_size_matched-17__seed_2024.yaml,0ea288093ef78cbb1b34d3ac4dbd9bada9e44312a2a417c99ec7e1d5d8c6872c,E3.3,experiments/v3_results/V3-E__C_group_size_matched-17__seed_2024,planned,395,59
V3-E__C_group_size_matched-18__seed_2024,V3-E3-RANDOM,E__C_group_size_matched-18,dual_branch,random_feature_coral,supervised_update,2024,C_group_size_matched-18,C_group_size_matched,v3/experiments/server_configs/V3-E__C_group_size_matched-18__seed_2024.yaml,7a2b67ce2aa082dfce8b8c5592f27cc97ff950e34cef797ae16645cc5044862f,E3.3,experiments/v3_results/V3-E__C_group_size_matched-18__seed_2024,planned,396,60
V3-E__C_group_size_matched-19__seed_2024,V3-E3-RANDOM,E__C_group_size_matched-19,dual_branch,random_feature_coral,supervised_update,2024,C_group_size_matched-19,C_group_size_matched,v3/experiments/server_configs/V3-E__C_group_size_matched-19__seed_2024.yaml,a5f5f40e5f5f05e87250d540a7261bde4371dd0012beec904edd6ff99649dd0f,E3.3,experiments/v3_results/V3-E__C_group_size_matched-19__seed_2024,planned,397,61
V3-E__D_clinical_type_matched-01__seed_2024,V3-E3-RANDOM,E__D_clinical_type_matched-01,dual_branch,random_feature_coral,supervised_update,2024,D_clinical_type_matched-01,D_clinical_type_matched,v3/experiments/server_configs/V3-E__D_clinical_type_matched-01__seed_2024.yaml,8025137dc22c0b9ff532486d7b6c90019ca4fee8ac778497ce886138f2d95ee2,E3.3,experiments/v3_results/V3-E__D_clinical_type_matched-01__seed_2024,planned,398,62
V3-E__D_clinical_type_matched-02__seed_2024,V3-E3-RANDOM,E__D_clinical_type_matched-02,dual_branch,random_feature_coral,supervised_update,2024,D_clinical_type_matched-02,D_clinical_type_matched,v3/experiments/server_configs/V3-E__D_clinical_type_matched-02__seed_2024.yaml,369c1452fa296afc69dacec29e4cf45d545c9a5d5b93882f171ab3f848e82e86,E3.3,experiments/v3_results/V3-E__D_clinical_type_matched-02__seed_2024,planned,399,63
V3-E__D_clinical_type_matched-03__seed_2024,V3-E3-RANDOM,E__D_clinical_type_matched-03,dual_branch,random_feature_coral,supervised_update,2024,D_clinical_type_matched-03,D_clinical_type_matched,v3/experiments/server_configs/V3-E__D_clinical_type_matched-03__seed_2024.yaml,a542ee4ffe68c211f8f658dae772d6e87f7339665b32152dae5f002742be1d4a,E3.3,experiments/v3_results/V3-E__D_clinical_type_matched-03__seed_2024,planned,400,64
V3-E__D_clinical_type_matched-04__seed_2024,V3-E3-RANDOM,E__D_clinical_type_matched-04,dual_branch,random_feature_coral,supervised_update,2024,D_clinical_type_matched-04,D_clinical_type_matched,v3/experiments/server_configs/V3-E__D_clinical_type_matched-04__seed_2024.yaml,cfa8fa4e08d92cb4a518d827e103a9da3c4d502e7e2843443672d7a2c0f3a2e8,E3.3,experiments/v3_results/V3-E__D_clinical_type_matched-04__seed_2024,planned,401,65
V3-E__D_clinical_type_matched-05__seed_2024,V3-E3-RANDOM,E__D_clinical_type_matched-05,dual_branch,random_feature_coral,supervised_update,2024,D_clinical_type_matched-05,D_clinical_type_matched,v3/experiments/server_configs/V3-E__D_clinical_type_matched-05__seed_2024.yaml,37d49206450d03204b663999c326ce755f38a89d2343d78275737046def50a0b,E3.3,experiments/v3_results/V3-E__D_clinical_type_matched-05__seed_2024,planned,402,66
V3-E__D_clinical_type_matched-06__seed_2024,V3-E3-RANDOM,E__D_clinical_type_matched-06,dual_branch,random_feature_coral,supervised_update,2024,D_clinical_type_matched-06,D_clinical_type_matched,v3/experiments/server_configs/V3-E__D_clinical_type_matched-06__seed_2024.yaml,97646d757ed129f7b3e1b157e7e2465ff4646e4d8672536f83ac5ef9ebe5a8f9,E3.3,experiments/v3_results/V3-E__D_clinical_type_matched-06__seed_2024,planned,403,67
V3-E__D_clinical_type_matched-07__seed_2024,V3-E3-RANDOM,E__D_clinical_type_matched-07,dual_branch,random_feature_coral,supervised_update,2024,D_clinical_type_matched-07,D_clinical_type_matched,v3/experiments/server_configs/V3-E__D_clinical_type_matched-07__seed_2024.yaml,80e40839d5a9585937341feb3d4fd705b87495781240450b2512baa1e10d8afc,E3.3,experiments/v3_results/V3-E__D_clinical_type_matched-07__seed_2024,planned,404,68
V3-E__D_clinical_type_matched-08__seed_2024,V3-E3-RANDOM,E__D_clinical_type_matched-08,dual_branch,random_feature_coral,supervised_update,2024,D_clinical_type_matched-08,D_clinical_type_matched,v3/experiments/server_configs/V3-E__D_clinical_type_matched-08__seed_2024.yaml,1b7170fa8cd2246269bc687c41534ce2ceb37d3539cd5e759635a9d9ec10097c,E3.3,experiments/v3_results/V3-E__D_clinical_type_matched-08__seed_2024,planned,405,69
V3-E__D_clinical_type_matched-09__seed_2024,V3-E3-RANDOM,E__D_clinical_type_matched-09,dual_branch,random_feature_coral,supervised_update,2024,D_clinical_type_matched-09,D_clinical_type_matched,v3/experiments/server_configs/V3-E__D_clinical_type_matched-09__seed_2024.yaml,431e250fe265f94180bd27a4cbe1b4be52c68dc874a0f4d730c9667622a79a2c,E3.3,experiments/v3_results/V3-E__D_clinical_type_matched-09__seed_2024,planned,406,70
V3-E__D_clinical_type_matched-10__seed_2024,V3-E3-RANDOM,E__D_clinical_type_matched-10,dual_branch,random_feature_coral,supervised_update,2024,D_clinical_type_matched-10,D_clinical_type_matched,v3/experiments/server_configs/V3-E__D_clinical_type_matched-10__seed_2024.yaml,a39c421d0fdebf0a22dbb91d1cfc5063a9f1d38556b849eb5a5e6c161a5f35f3,E3.3,experiments/v3_results/V3-E__D_clinical_type_matched-10__seed_2024,planned,407,71
V3-E__D_clinical_type_matched-11__seed_2024,V3-E3-RANDOM,E__D_clinical_type_matched-11,dual_branch,random_feature_coral,supervised_update,2024,D_clinical_type_matched-11,D_clinical_type_matched,v3/experiments/server_configs/V3-E__D_clinical_type_matched-11__seed_2024.yaml,8ee3c2177756f93665ecbaf91171fd7dfa836859a48eb48854a5dc2cd47230fa,E3.3,experiments/v3_results/V3-E__D_clinical_type_matched-11__seed_2024,planned,408,72
V3-E__D_clinical_type_matched-12__seed_2024,V3-E3-RANDOM,E__D_clinical_type_matched-12,dual_branch,random_feature_coral,supervised_update,2024,D_clinical_type_matched-12,D_clinical_type_matched,v3/experiments/server_configs/V3-E__D_clinical_type_matched-12__seed_2024.yaml,5be92843036540b5643fbc123c79aeb536465ce79787126c9d9803d552b402a4,E3.3,experiments/v3_results/V3-E__D_clinical_type_matched-12__seed_2024,planned,409,73
V3-E__D_clinical_type_matched-13__seed_2024,V3-E3-RANDOM,E__D_clinical_type_matched-13,dual_branch,random_feature_coral,supervised_update,2024,D_clinical_type_matched-13,D_clinical_type_matched,v3/experiments/server_configs/V3-E__D_clinical_type_matched-13__seed_2024.yaml,a15899dc794891b904ad24d2f9f881f7544543ba42836358ba9aca8a8136f037,E3.3,experiments/v3_results/V3-E__D_clinical_type_matched-13__seed_2024,planned,410,74
V3-E__D_clinical_type_matched-14__seed_2024,V3-E3-RANDOM,E__D_clinical_type_matched-14,dual_branch,random_feature_coral,supervised_update,2024,D_clinical_type_matched-14,D_clinical_type_matched,v3/experiments/server_configs/V3-E__D_clinical_type_matched-14__seed_2024.yaml,3362046d5fa801959d64c1223da040f4b95880ac1c0441b6fec85ca3f3eb2b50,E3.3,experiments/v3_results/V3-E__D_clinical_type_matched-14__seed_2024,planned,411,75
V3-E__D_clinical_type_matched-15__seed_2024,V3-E3-RANDOM,E__D_clinical_type_matched-15,dual_branch,random_feature_coral,supervised_update,2024,D_clinical_type_matched-15,D_clinical_type_matched,v3/experiments/server_configs/V3-E__D_clinical_type_matched-15__seed_2024.yaml,415aebc0a5d9405d08f13ed700ec825175a024a23a8be09fff8fd9b8524f0d69,E3.3,experiments/v3_results/V3-E__D_clinical_type_matched-15__seed_2024,planned,412,76
V3-E__D_clinical_type_matched-16__seed_2024,V3-E3-RANDOM,E__D_clinical_type_matched-16,dual_branch,random_feature_coral,supervised_update,2024,D_clinical_type_matched-16,D_clinical_type_matched,v3/experiments/server_configs/V3-E__D_clinical_type_matched-16__seed_2024.yaml,b729fa20e2d7c80f0c7f6c816726e9e993b4f79f88dcc1f372950795e6440c34,E3.3,experiments/v3_results/V3-E__D_clinical_type_matched-16__seed_2024,planned,413,77
V3-E__D_clinical_type_matched-17__seed_2024,V3-E3-RANDOM,E__D_clinical_type_matched-17,dual_branch,random_feature_coral,supervised_update,2024,D_clinical_type_matched-17,D_clinical_type_matched,v3/experiments/server_configs/V3-E__D_clinical_type_matched-17__seed_2024.yaml,f108fa2165e9e5ee4a13eeaf18f587d3939962682e139717d9df8319e816ae3e,E3.3,experiments/v3_results/V3-E__D_clinical_type_matched-17__seed_2024,planned,414,78
V3-E__D_clinical_type_matched-18__seed_2024,V3-E3-RANDOM,E__D_clinical_type_matched-18,dual_branch,random_feature_coral,supervised_update,2024,D_clinical_type_matched-18,D_clinical_type_matched,v3/experiments/server_configs/V3-E__D_clinical_type_matched-18__seed_2024.yaml,72baacc5e6e2f082d182a9a5d6ea8c670abe64d67080ca185726bc8bba2f854d,E3.3,experiments/v3_results/V3-E__D_clinical_type_matched-18__seed_2024,planned,415,79
V3-E__D_clinical_type_matched-19__seed_2024,V3-E3-RANDOM,E__D_clinical_type_matched-19,dual_branch,random_feature_coral,supervised_update,2024,D_clinical_type_matched-19,D_clinical_type_matched,v3/experiments/server_configs/V3-E__D_clinical_type_matched-19__seed_2024.yaml,d63c88c9e12a69b207cdb7aaa513f29a22b9f554723c31d8d657394261acd976,E3.3,experiments/v3_results/V3-E__D_clinical_type_matched-19__seed_2024,planned,416,80
V3-source_only__seed_2024,V3-E3-CONTROLS,source_only,single_encoder,none,source_only,2024,,,v3/experiments/server_configs/V3-source_only__seed_2024.yaml,2f96d9e6f2d7965056d6233234e5b299ab545bb8ca1870ef69b7e19d651b5c0c,E3.1,experiments/v3_results/V3-source_only__seed_2024,planned,417,81
V3-A__seed_2024,V3-E3-CONTROLS,A,single_encoder,no_alignment,supervised_update,2024,,,v3/experiments/server_configs/V3-A__seed_2024.yaml,a3ddd1257e6e05d72059df5b240c3feab6012775dc5c3d3cc01790923ae65280,E3.1,experiments/v3_results/V3-A__seed_2024,planned,418,82
V3-B__seed_2024,V3-E3-CONTROLS,B,single_encoder,global_coral,supervised_update,2024,,,v3/experiments/server_configs/V3-B__seed_2024.yaml,64138feb39354d084e351e0a2679ac2833c9c336b589bc3d517d7cbb8c46a738,E3.1,experiments/v3_results/V3-B__seed_2024,planned,419,83
V3-C__seed_2024,V3-E3-CONTROLS,C,dual_branch,no_alignment,supervised_update,2024,,,v3/experiments/server_configs/V3-C__seed_2024.yaml,ee96c1b9eaf8315f1e4ec657f521a907f24083ee98e222077f5645d972ad0735,E3.1,experiments/v3_results/V3-C__seed_2024,planned,420,84
