figure,panel,endpoint,series,metric,x,value,lower,upper,n,seed,run_id,evidence_id,artifact,artifact_sha256,submission_figure
Fig1,A,,Source,sessions,,211452.0,,,,,,dual_binary_hemodynamic_v1_frozen_20260719,experiments/audit/binary_data_preflight.json,17e04feb534548e5dfacf6dd1342d0aa0c9eeaf841ae585d6f9dfe904d43180d,Figure 1
Fig1,A,,Source,patients,,1628.0,,,,,,dual_binary_hemodynamic_v1_frozen_20260719,experiments/audit/binary_data_preflight.json,17e04feb534548e5dfacf6dd1342d0aa0c9eeaf841ae585d6f9dfe904d43180d,Figure 1
Fig1,B,IDH,Source,event_rate_percent,,14.515823922214025,,,211452,,,dual_binary_hemodynamic_v1_frozen_20260719,experiments/audit/binary_data_preflight.json,17e04feb534548e5dfacf6dd1342d0aa0c9eeaf841ae585d6f9dfe904d43180d,Figure 1
Fig1,B,IH,Source,event_rate_percent,,28.36482984317954,,,211452,,,dual_binary_hemodynamic_v1_frozen_20260719,experiments/audit/binary_data_preflight.json,17e04feb534548e5dfacf6dd1342d0aa0c9eeaf841ae585d6f9dfe904d43180d,Figure 1
Fig1,A,,Target,sessions,,74947.0,,,,,,dual_binary_hemodynamic_v1_frozen_20260719,experiments/audit/binary_data_preflight.json,17e04feb534548e5dfacf6dd1342d0aa0c9eeaf841ae585d6f9dfe904d43180d,Figure 1
Fig1,A,,Target,patients,,430.0,,,,,,dual_binary_hemodynamic_v1_frozen_20260719,experiments/audit/binary_data_preflight.json,17e04feb534548e5dfacf6dd1342d0aa0c9eeaf841ae585d6f9dfe904d43180d,Figure 1
Fig1,B,IDH,Target,event_rate_percent,,38.535231563638305,,,74947,,,dual_binary_hemodynamic_v1_frozen_20260719,experiments/audit/binary_data_preflight.json,17e04feb534548e5dfacf6dd1342d0aa0c9eeaf841ae585d6f9dfe904d43180d,Figure 1
Fig1,B,IH,Target,event_rate_percent,,11.957783500340241,,,74947,,,dual_binary_hemodynamic_v1_frozen_20260719,experiments/audit/binary_data_preflight.json,17e04feb534548e5dfacf6dd1342d0aa0c9eeaf841ae585d6f9dfe904d43180d,Figure 1
Fig1,C,,Update,patients,,219.0,,,,20260715,binary_20260719_044949_c6c955a30fc2,binary_20260719_044949_c6c955a30fc2,experiments/final_results/main_mechanism_aware/split_manifest.json,6552a9085aed3f4b82ce3964768503d74ae28c038864b8d71c38af102513e568,Figure 1
Fig1,C,,Update,sessions,,38483.0,,,,20260715,binary_20260719_044949_c6c955a30fc2,binary_20260719_044949_c6c955a30fc2,experiments/final_results/main_mechanism_aware/split_manifest.json,6552a9085aed3f4b82ce3964768503d74ae28c038864b8d71c38af102513e568,Figure 1
Fig1,C,,Validation,patients,,39.0,,,,20260715,binary_20260719_044949_c6c955a30fc2,binary_20260719_044949_c6c955a30fc2,experiments/final_results/main_mechanism_aware/split_manifest.json,6552a9085aed3f4b82ce3964768503d74ae28c038864b8d71c38af102513e568,Figure 1
Fig1,C,,Validation,sessions,,6598.0,,,,20260715,binary_20260719_044949_c6c955a30fc2,binary_20260719_044949_c6c955a30fc2,experiments/final_results/main_mechanism_aware/split_manifest.json,6552a9085aed3f4b82ce3964768503d74ae28c038864b8d71c38af102513e568,Figure 1
Fig1,C,,Held-out test,patients,,172.0,,,,20260715,binary_20260719_044949_c6c955a30fc2,binary_20260719_044949_c6c955a30fc2,experiments/final_results/main_mechanism_aware/split_manifest.json,6552a9085aed3f4b82ce3964768503d74ae28c038864b8d71c38af102513e568,Figure 1
Fig1,C,,Held-out test,sessions,,29866.0,,,,20260715,binary_20260719_044949_c6c955a30fc2,binary_20260719_044949_c6c955a30fc2,experiments/final_results/main_mechanism_aware/split_manifest.json,6552a9085aed3f4b82ce3964768503d74ae28c038864b8d71c38af102513e568,Figure 1
Fig1,D,IDH,physiology_history,coral_alignment_applied,,1.0,,,20,2024,binary_20260719_044949_c6c955a30fc2,binary_20260719_044949_c6c955a30fc2,experiments/final_results/main_mechanism_aware/config.yaml,07120fb605ee8ee0a04ab7b5717a45f6cd7441e78faf8b8f592547427f0ffdfa,Figure 1
Fig1,D,IDH,treatment_context,coral_alignment_applied,,0.0,,,4,2024,binary_20260719_044949_c6c955a30fc2,binary_20260719_044949_c6c955a30fc2,experiments/final_results/main_mechanism_aware/config.yaml,07120fb605ee8ee0a04ab7b5717a45f6cd7441e78faf8b8f592547427f0ffdfa,Figure 1
Fig1,E,IH,treatment_context,coral_alignment_applied,,1.0,,,4,2024,binary_20260719_044949_c6c955a30fc2,binary_20260719_044949_c6c955a30fc2,experiments/final_results/main_mechanism_aware/config.yaml,07120fb605ee8ee0a04ab7b5717a45f6cd7441e78faf8b8f592547427f0ffdfa,Figure 1
Fig1,E,IH,physiology_history,coral_alignment_applied,,0.0,,,20,2024,binary_20260719_044949_c6c955a30fc2,binary_20260719_044949_c6c955a30fc2,experiments/final_results/main_mechanism_aware/config.yaml,07120fb605ee8ee0a04ab7b5717a45f6cd7441e78faf8b8f592547427f0ffdfa,Figure 1
Fig5,IDH_ROC,IDH,Source MLP,roc_curve,0.0,0.0,,,,2024,binary_20260719_044949_c6c955a30fc2,binary_20260719_044949_c6c955a30fc2,experiments/binary_results/binary_20260719_044949_c6c955a30fc2/test_predictions.csv,f0578c61cfb8f0bbef7c58d8ab338b9d31850912e618d5abe81846aa15e5c298,Figure 4
Fig5,IDH_ROC,IDH,Source MLP,roc_curve,0.001366792411568531,0.0536501079913606,,,,2024,binary_20260719_044949_c6c955a30fc2,binary_20260719_044949_c6c955a30fc2,experiments/binary_results/binary_20260719_044949_c6c955a30fc2/test_predictions.csv,f0578c61cfb8f0bbef7c58d8ab338b9d31850912e618d5abe81846aa15e5c298,Figure 4
Fig5,IDH_ROC,IDH,Source MLP,roc_curve,0.002788256519599803,0.0852699784017278,,,,2024,binary_20260719_044949_c6c955a30fc2,binary_20260719_044949_c6c955a30fc2,experiments/binary_results/binary_20260719_044949_c6c955a30fc2/test_predictions.csv,f0578c61cfb8f0bbef7c58d8ab338b9d31850912e618d5abe81846aa15e5c298,Figure 4
Fig5,IDH_ROC,IDH,Source MLP,roc_curve,0.004319064020556558,0.1178401727861771,,,,2024,binary_20260719_044949_c6c955a30fc2,binary_20260719_044949_c6c955a30fc2,experiments/binary_results/binary_20260719_044949_c6c955a30fc2/test_predictions.csv,f0578c61cfb8f0bbef7c58d8ab338b9d31850912e618d5abe81846aa15e5c298,Figure 4
Fig5,IDH_ROC,IDH,Source MLP,roc_curve,0.0057405281285878304,0.1472138228941684,,,,2024,binary_20260719_044949_c6c955a30fc2,binary_20260719_044949_c6c955a30fc2,experiments/binary_results/binary_20260719_044949_c6c955a30fc2/test_predictions.csv,f0578c61cfb8f0bbef7c58d8ab338b9d31850912e618d5abe81846aa15e5c298,Figure 4
Fig5,IDH_ROC,IDH,Source MLP,roc_curve,0.007271335629544585,0.166133909287257,,,,2024,binary_20260719_044949_c6c955a30fc2,binary_20260719_044949_c6c955a30fc2,experiments/binary_results/binary_20260719_044949_c6c955a30fc2/test_predictions.csv,f0578c61cfb8f0bbef7c58d8ab338b9d31850912e618d5abe81846aa15e5c298,Figure 4
Fig5,IDH_ROC,IDH,Source MLP,roc_curve,0.009130173309277788,0.1862634989200864,,,,2024,binary_20260719_044949_c6c955a30fc2,binary_20260719_044949_c6c955a30fc2,experiments/binary_results/binary_20260719_044949_c6c955a30fc2/test_predictions.csv,f0578c61cfb8f0bbef7c58d8ab338b9d31850912e618d5abe81846aa15e5c298,Figure 4
Fig5,IDH_ROC,IDH,Source MLP,roc_curve,0.010770324203160025,0.1975809935205183,,,,2024,binary_20260719_044949_c6c955a30fc2,binary_20260719_044949_c6c955a30fc2,experiments/binary_results/binary_20260719_044949_c6c955a30fc2/test_predictions.csv,f0578c61cfb8f0bbef7c58d8ab338b9d31850912e618d5abe81846aa15e5c298,Figure 4
Fig5,IDH_ROC,IDH,Source MLP,roc_curve,0.012246460007654038,0.2096760259179265,,,,2024,binary_20260719_044949_c6c955a30fc2,binary_20260719_044949_c6c955a30fc2,experiments/binary_results/binary_20260719_044949_c6c955a30fc2/test_predictions.csv,f0578c61cfb8f0bbef7c58d8ab338b9d31850912e618d5abe81846aa15e5c298,Figure 4
Fig5,IDH_ROC,IDH,Source MLP,roc_curve,0.013831939205073534,0.2216846652267818,,,,2024,binary_20260719_044949_c6c955a30fc2,binary_20260719_044949_c6c955a30fc2,experiments/binary_results/binary_20260719_044949_c6c955a30fc2/test_predictions.csv,f0578c61cfb8f0bbef7c58d8ab338b9d31850912e618d5abe81846aa15e5c298,Figure 4
Fig5,IDH_ROC,IDH,Source MLP,roc_curve,0.016073478760045924,0.2321382289416846,,,,2024,binary_20260719_044949_c6c955a30fc2,binary_20260719_044949_c6c955a30fc2,experiments/binary_results/binary_20260719_044949_c6c955a30fc2/test_predictions.csv,f0578c61cfb8f0bbef7c58d8ab338b9d31850912e618d5abe81846aa15e5c298,Figure 4
Fig5,IDH_ROC,IDH,Source MLP,roc_curve,0.017877644743316386,0.2444924406047516,,,,2024,binary_20260719_044949_c6c955a30fc2,binary_20260719_044949_c6c955a30fc2,experiments/binary_results/binary_20260719_044949_c6c955a30fc2/test_predictions.csv,f0578c61cfb8f0bbef7c58d8ab338b9d31850912e618d5abe81846aa15e5c298,Figure 4
Fig5,IDH_ROC,IDH,Source MLP,roc_curve,0.01946312394073588,0.2558099352051836,,,,2024,binary_20260719_044949_c6c955a30fc2,binary_20260719_044949_c6c955a30fc2,experiments/binary_results/binary_20260719_044949_c6c955a30fc2/test_predictions.csv,f0578c61cfb8f0bbef7c58d8ab338b9d31850912e618d5abe81846aa15e5c298,Figure 4
Fig5,IDH_ROC,IDH,Source MLP,roc_curve,0.021376633316931824,0.2652267818574514,,,,2024,binary_20260719_044949_c6c955a30fc2,binary_20260719_044949_c6c955a30fc2,experiments/binary_results/binary_20260719_044949_c6c955a30fc2/test_predictions.csv,f0578c61cfb8f0bbef7c58d8ab338b9d31850912e618d5abe81846aa15e5c298,Figure 4
Fig5,IDH_ROC,IDH,Source MLP,roc_curve,0.023071455907276803,0.2761123110151188,,,,2024,binary_20260719_044949_c6c955a30fc2,binary_20260719_044949_c6c955a30fc2,experiments/binary_results/binary_20260719_044949_c6c955a30fc2/test_predictions.csv,f0578c61cfb8f0bbef7c58d8ab338b9d31850912e618d5abe81846aa15e5c298,Figure 4
Fig5,IDH_ROC,IDH,Source MLP,roc_curve,0.02471160680115904,0.286133909287257,,,,2024,binary_20260719_044949_c6c955a30fc2,binary_20260719_044949_c6c955a30fc2,experiments/binary_results/binary_20260719_044949_c6c955a30fc2/test_predictions.csv,f0578c61cfb8f0bbef7c58d8ab338b9d31850912e618d5abe81846aa15e5c298,Figure 4
Fig5,IDH_ROC,IDH,Source MLP,roc_curve,0.027062489749056912,0.2969330453563715,,,,2024,binary_20260719_044949_c6c955a30fc2,binary_20260719_044949_c6c955a30fc2,experiments/binary_results/binary_20260719_044949_c6c955a30fc2/test_predictions.csv,f0578c61cfb8f0bbef7c58d8ab338b9d31850912e618d5abe81846aa15e5c298,Figure 4
Fig5,IDH_ROC,IDH,Source MLP,roc_curve,0.028975999125252856,0.3062634989200864,,,,2024,binary_20260719_044949_c6c955a30fc2,binary_20260719_044949_c6c955a30fc2,experiments/binary_results/binary_20260719_044949_c6c955a30fc2/test_predictions.csv,f0578c61cfb8f0bbef7c58d8ab338b9d31850912e618d5abe81846aa15e5c298,Figure 4
Fig5,IDH_ROC,IDH,Source MLP,roc_curve,0.030780165108523317,0.3122246220302376,,,,2024,binary_20260719_044949_c6c955a30fc2,binary_20260719_044949_c6c955a30fc2,experiments/binary_results/binary_20260719_044949_c6c955a30fc2/test_predictions.csv,f0578c61cfb8f0bbef7c58d8ab338b9d31850912e618d5abe81846aa15e5c298,Figure 4
Fig5,IDH_ROC,IDH,Source MLP,roc_curve,0.03263900278825652,0.3221598272138229,,,,2024,binary_20260719_044949_c6c955a30fc2,binary_20260719_044949_c6c955a30fc2,experiments/binary_results/binary_20260719_044949_c6c955a30fc2/test_predictions.csv,f0578c61cfb8f0bbef7c58d8ab338b9d31850912e618d5abe81846aa15e5c298,Figure 4
Fig5,IDH_ROC,IDH,Source MLP,roc_curve,0.03466185555737795,0.3354643628509719,,,,2024,binary_20260719_044949_c6c955a30fc2,binary_20260719_044949_c6c955a30fc2,experiments/binary_results/binary_20260719_044949_c6c955a30fc2/test_predictions.csv,f0578c61cfb8f0bbef7c58d8ab338b9d31850912e618d5abe81846aa15e5c298,Figure 4
Fig5,IDH_ROC,IDH,Source MLP,roc_curve,0.036794051719424854,0.3459179265658747,,,,2024,binary_20260719_044949_c6c955a30fc2,binary_20260719_044949_c6c955a30fc2,experiments/binary_results/binary_20260719_044949_c6c955a30fc2/test_predictions.csv,f0578c61cfb8f0bbef7c58d8ab338b9d31850912e618d5abe81846aa15e5c298,Figure 4
Fig5,IDH_ROC,IDH,Source MLP,roc_curve,0.03903559127439724,0.3531749460043196,,,,2024,binary_20260719_044949_c6c955a30fc2,binary_20260719_044949_c6c955a30fc2,experiments/binary_results/binary_20260719_044949_c6c955a30fc2/test_predictions.csv,f0578c61cfb8f0bbef7c58d8ab338b9d31850912e618d5abe81846aa15e5c298,Figure 4
Fig5,IDH_ROC,IDH,Source MLP,roc_curve,0.04133180252583238,0.3619870410367171,,,,2024,binary_20260719_044949_c6c955a30fc2,binary_20260719_044949_c6c955a30fc2,experiments/binary_results/binary_20260719_044949_c6c955a30fc2/test_predictions.csv,f0578c61cfb8f0bbef7c58d8ab338b9d31850912e618d5abe81846aa15e5c298,Figure 4
Fig5,IDH_ROC,IDH,Source MLP,roc_curve,0.04286261002678913,0.368120950323974,,,,2024,binary_20260719_044949_c6c955a30fc2,binary_20260719_044949_c6c955a30fc2,experiments/binary_results/binary_20260719_044949_c6c955a30fc2/test_predictions.csv,f0578c61cfb8f0bbef7c58d8ab338b9d31850912e618d5abe81846aa15e5c298,Figure 4
Fig5,IDH_ROC,IDH,Source MLP,roc_curve,0.045158821278224265,0.3781425485961123,,,,2024,binary_20260719_044949_c6c955a30fc2,binary_20260719_044949_c6c955a30fc2,experiments/binary_results/binary_20260719_044949_c6c955a30fc2/test_predictions.csv,f0578c61cfb8f0bbef7c58d8ab338b9d31850912e618d5abe81846aa15e5c298,Figure 4
Fig5,IDH_ROC,IDH,Source MLP,roc_curve,0.04723634574380843,0.3860043196544276,,,,2024,binary_20260719_044949_c6c955a30fc2,binary_20260719_044949_c6c955a30fc2,experiments/binary_results/binary_20260719_044949_c6c955a30fc2/test_predictions.csv,f0578c61cfb8f0bbef7c58d8ab338b9d31850912e618d5abe81846aa15e5c298,Figure 4
Fig5,IDH_ROC,IDH,Source MLP,roc_curve,0.04898584003061615,0.3942116630669546,,,,2024,binary_20260719_044949_c6c955a30fc2,binary_20260719_044949_c6c955a30fc2,experiments/binary_results/binary_20260719_044949_c6c955a30fc2/test_predictions.csv,f0578c61cfb8f0bbef7c58d8ab338b9d31850912e618d5abe81846aa15e5c298,Figure 4
Fig5,IDH_ROC,IDH,Source MLP,roc_curve,0.051008692799737576,0.4025053995680345,,,,2024,binary_20260719_044949_c6c955a30fc2,binary_20260719_044949_c6c955a30fc2,experiments/binary_results/binary_20260719_044949_c6c955a30fc2/test_predictions.csv,f0578c61cfb8f0bbef7c58d8ab338b9d31850912e618d5abe81846aa15e5c298,Figure 4
Fig5,IDH_ROC,IDH,Source MLP,roc_curve,0.05297687387239626,0.4076889848812095,,,,2024,binary_20260719_044949_c6c955a30fc2,binary_20260719_044949_c6c955a30fc2,experiments/binary_results/binary_20260719_044949_c6c955a30fc2/test_predictions.csv,f0578c61cfb8f0bbef7c58d8ab338b9d31850912e618d5abe81846aa15e5c298,Figure 4
Fig5,IDH_ROC,IDH,Source MLP,roc_curve,0.054999726641517685,0.4140820734341253,,,,2024,binary_20260719_044949_c6c955a30fc2,binary_20260719_044949_c6c955a30fc2,experiments/binary_results/binary_20260719_044949_c6c955a30fc2/test_predictions.csv,f0578c61cfb8f0bbef7c58d8ab338b9d31850912e618d5abe81846aa15e5c298,Figure 4
Fig5,IDH_ROC,IDH,Source MLP,roc_curve,0.05724126619649008,0.4207343412526997,,,,2024,binary_20260719_044949_c6c955a30fc2,binary_20260719_044949_c6c955a30fc2,experiments/binary_results/binary_20260719_044949_c6c955a30fc2/test_predictions.csv,f0578c61cfb8f0bbef7c58d8ab338b9d31850912e618d5abe81846aa15e5c298,Figure 4
Fig5,IDH_ROC,IDH,Source MLP,roc_curve,0.05910010387622328,0.4265226781857451,,,,2024,binary_20260719_044949_c6c955a30fc2,binary_20260719_044949_c6c955a30fc2,experiments/binary_results/binary_20260719_044949_c6c955a30fc2/test_predictions.csv,f0578c61cfb8f0bbef7c58d8ab338b9d31850912e618d5abe81846aa15e5c298,Figure 4
Fig5,IDH_ROC,IDH,Source MLP,roc_curve,0.061013613252419226,0.4331749460043196,,,,2024,binary_20260719_044949_c6c955a30fc2,binary_20260719_044949_c6c955a30fc2,experiments/binary_results/binary_20260719_044949_c6c955a30fc2/test_predictions.csv,f0578c61cfb8f0bbef7c58d8ab338b9d31850912e618d5abe81846aa15e5c298,Figure 4
Fig5,IDH_ROC,IDH,Source MLP,roc_curve,0.06303646602154064,0.4394816414686825,,,,2024,binary_20260719_044949_c6c955a30fc2,binary_20260719_044949_c6c955a30fc2,experiments/binary_results/binary_20260719_044949_c6c955a30fc2/test_predictions.csv,f0578c61cfb8f0bbef7c58d8ab338b9d31850912e618d5abe81846aa15e5c298,Figure 4
Fig5,IDH_ROC,IDH,Source MLP,roc_curve,0.06571537914821497,0.4438012958963283,,,,2024,binary_20260719_044949_c6c955a30fc2,binary_20260719_044949_c6c955a30fc2,experiments/binary_results/binary_20260719_044949_c6c955a30fc2/test_predictions.csv,f0578c61cfb8f0bbef7c58d8ab338b9d31850912e618d5abe81846aa15e5c298,Figure 4
Fig5,IDH_ROC,IDH,Source MLP,roc_curve,0.0680115903996501,0.4492440604751619,,,,2024,binary_20260719_044949_c6c955a30fc2,binary_20260719_044949_c6c955a30fc2,experiments/binary_results/binary_20260719_044949_c6c955a30fc2/test_predictions.csv,f0578c61cfb8f0bbef7c58d8ab338b9d31850912e618d5abe81846aa15e5c298,Figure 4
Fig5,IDH_ROC,IDH,Source MLP,roc_curve,0.07036247334754797,0.4557235421166307,,,,2024,binary_20260719_044949_c6c955a30fc2,binary_20260719_044949_c6c955a30fc2,experiments/binary_results/binary_20260719_044949_c6c955a30fc2/test_predictions.csv,f0578c61cfb8f0bbef7c58d8ab338b9d31850912e618d5abe81846aa15e5c298,Figure 4
Fig5,IDH_ROC,IDH,Source MLP,roc_curve,0.0726586845989831,0.4613390928725702,,,,2024,binary_20260719_044949_c6c955a30fc2,binary_20260719_044949_c6c955a30fc2,experiments/binary_results/binary_20260719_044949_c6c955a30fc2/test_predictions.csv,f0578c61cfb8f0bbef7c58d8ab338b9d31850912e618d5abe81846aa15e5c298,Figure 4
Fig5,IDH_ROC,IDH,Source MLP,roc_curve,0.07511891093980647,0.4674730021598272,,,,2024,binary_20260719_044949_c6c955a30fc2,binary_20260719_044949_c6c955a30fc2,experiments/binary_results/binary_20260719_044949_c6c955a30fc2/test_predictions.csv,f0578c61cfb8f0bbef7c58d8ab338b9d31850912e618d5abe81846aa15e5c298,Figure 4
Fig5,IDH_ROC,IDH,Source MLP,roc_curve,0.07752446558416708,0.4747300215982721,,,,2024,binary_20260719_044949_c6c955a30fc2,binary_20260719_044949_c6c955a30fc2,experiments/binary_results/binary_20260719_044949_c6c955a30fc2/test_predictions.csv,f0578c61cfb8f0bbef7c58d8ab338b9d31850912e618d5abe81846aa15e5c298,Figure 4
Fig5,IDH_ROC,IDH,Source MLP,roc_curve,0.07965666174621398,0.4822462203023758,,,,2024,binary_20260719_044949_c6c955a30fc2,binary_20260719_044949_c6c955a30fc2,experiments/binary_results/binary_20260719_044949_c6c955a30fc2/test_predictions.csv,f0578c61cfb8f0bbef7c58d8ab338b9d31850912e618d5abe81846aa15e5c298,Figure 4
Fig5,IDH_ROC,IDH,Source MLP,roc_curve,0.08200754469411185,0.4865658747300216,,,,2024,binary_20260719_044949_c6c955a30fc2,binary_20260719_044949_c6c955a30fc2,experiments/binary_results/binary_20260719_044949_c6c955a30fc2/test_predictions.csv,f0578c61cfb8f0bbef7c58d8ab338b9d31850912e618d5abe81846aa15e5c298,Figure 4
Fig5,IDH_ROC,IDH,Source MLP,roc_curve,0.0839210540703078,0.4928725701943844,,,,2024,binary_20260719_044949_c6c955a30fc2,binary_20260719_044949_c6c955a30fc2,experiments/binary_results/binary_20260719_044949_c6c955a30fc2/test_predictions.csv,f0578c61cfb8f0bbef7c58d8ab338b9d31850912e618d5abe81846aa15e5c298,Figure 4
Fig5,IDH_ROC,IDH,Source MLP,roc_curve,0.08627193701820568,0.4992656587473002,,,,2024,binary_20260719_044949_c6c955a30fc2,binary_20260719_044949_c6c955a30fc2,experiments/binary_results/binary_20260719_044949_c6c955a30fc2/test_predictions.csv,f0578c61cfb8f0bbef7c58d8ab338b9d31850912e618d5abe81846aa15e5c298,Figure 4
Fig5,IDH_ROC,IDH,Source MLP,roc_curve,0.08851347657317807,0.5034989200863931,,,,2024,binary_20260719_044949_c6c955a30fc2,binary_20260719_044949_c6c955a30fc2,experiments/binary_results/binary_20260719_044949_c6c955a30fc2/test_predictions.csv,f0578c61cfb8f0bbef7c58d8ab338b9d31850912e618d5abe81846aa15e5c298,Figure 4
Fig5,IDH_ROC,IDH,Source MLP,roc_curve,0.09037231425291127,0.5078185745140389,,,,2024,binary_20260719_044949_c6c955a30fc2,binary_20260719_044949_c6c955a30fc2,experiments/binary_results/binary_20260719_044949_c6c955a30fc2/test_predictions.csv,f0578c61cfb8f0bbef7c58d8ab338b9d31850912e618d5abe81846aa15e5c298,Figure 4
Fig5,IDH_ROC,IDH,Source MLP,roc_curve,0.09299655568312284,0.5133477321814255,,,,2024,binary_20260719_044949_c6c955a30fc2,binary_20260719_044949_c6c955a30fc2,experiments/binary_results/binary_20260719_044949_c6c955a30fc2/test_predictions.csv,f0578c61cfb8f0bbef7c58d8ab338b9d31850912e618d5abe81846aa15e5c298,Figure 4
Fig5,IDH_ROC,IDH,Source MLP,roc_curve,0.09534743863102071,0.5180129589632829,,,,2024,binary_20260719_044949_c6c955a30fc2,binary_20260719_044949_c6c955a30fc2,experiments/binary_results/binary_20260719_044949_c6c955a30fc2/test_predictions.csv,f0578c61cfb8f0bbef7c58d8ab338b9d31850912e618d5abe81846aa15e5c298,Figure 4
Fig5,IDH_ROC,IDH,Source MLP,roc_curve,0.0979716800612323,0.5235421166306695,,,,2024,binary_20260719_044949_c6c955a30fc2,binary_20260719_044949_c6c955a30fc2,experiments/binary_results/binary_20260719_044949_c6c955a30fc2/test_predictions.csv,f0578c61cfb8f0bbef7c58d8ab338b9d31850912e618d5abe81846aa15e5c298,Figure 4
Fig5,IDH_ROC,IDH,Source MLP,roc_curve,0.10037723470559291,0.5285529157667387,,,,2024,binary_20260719_044949_c6c955a30fc2,binary_20260719_044949_c6c955a30fc2,experiments/binary_results/binary_20260719_044949_c6c955a30fc2/test_predictions.csv,f0578c61cfb8f0bbef7c58d8ab338b9d31850912e618d5abe81846aa15e5c298,Figure 4
Fig5,IDH_ROC,IDH,Source MLP,roc_curve,0.10305614783226724,0.5328725701943845,,,,2024,binary_20260719_044949_c6c955a30fc2,binary_20260719_044949_c6c955a30fc2,experiments/binary_results/binary_20260719_044949_c6c955a30fc2/test_predictions.csv,f0578c61cfb8f0bbef7c58d8ab338b9d31850912e618d5abe81846aa15e5c298,Figure 4
Fig5,IDH_ROC,IDH,Source MLP,roc_curve,0.10562571756601608,0.5373650107991361,,,,2024,binary_20260719_044949_c6c955a30fc2,binary_20260719_044949_c6c955a30fc2,experiments/binary_results/binary_20260719_044949_c6c955a30fc2/test_predictions.csv,f0578c61cfb8f0bbef7c58d8ab338b9d31850912e618d5abe81846aa15e5c298,Figure 4
Fig5,IDH_ROC,IDH,Source MLP,roc_curve,0.10753922694221202,0.5420302375809936,,,,2024,binary_20260719_044949_c6c955a30fc2,binary_20260719_044949_c6c955a30fc2,experiments/binary_results/binary_20260719_044949_c6c955a30fc2/test_predictions.csv,f0578c61cfb8f0bbef7c58d8ab338b9d31850912e618d5abe81846aa15e5c298,Figure 4
Fig5,IDH_ROC,IDH,Source MLP,roc_curve,0.10945273631840796,0.5461771058315334,,,,2024,binary_20260719_044949_c6c955a30fc2,binary_20260719_044949_c6c955a30fc2,experiments/binary_results/binary_20260719_044949_c6c955a30fc2/test_predictions.csv,f0578c61cfb8f0bbef7c58d8ab338b9d31850912e618d5abe81846aa15e5c298,Figure 4
Fig5,IDH_ROC,IDH,Source MLP,roc_curve,0.11218632114154502,0.550755939524838,,,,2024,binary_20260719_044949_c6c955a30fc2,binary_20260719_044949_c6c955a30fc2,experiments/binary_results/binary_20260719_044949_c6c955a30fc2/test_predictions.csv,f0578c61cfb8f0bbef7c58d8ab338b9d31850912e618d5abe81846aa15e5c298,Figure 4
Fig5,IDH_ROC,IDH,Source MLP,roc_curve,0.11486523426821935,0.5561987041036717,,,,2024,binary_20260719_044949_c6c955a30fc2,binary_20260719_044949_c6c955a30fc2,experiments/binary_results/binary_20260719_044949_c6c955a30fc2/test_predictions.csv,f0578c61cfb8f0bbef7c58d8ab338b9d31850912e618d5abe81846aa15e5c298,Figure 4
Fig5,IDH_ROC,IDH,Source MLP,roc_curve,0.11781750587720737,0.5604319654427645,,,,2024,binary_20260719_044949_c6c955a30fc2,binary_20260719_044949_c6c955a30fc2,experiments/binary_results/binary_20260719_044949_c6c955a30fc2/test_predictions.csv,f0578c61cfb8f0bbef7c58d8ab338b9d31850912e618d5abe81846aa15e5c298,Figure 4
Fig5,IDH_ROC,IDH,Source MLP,roc_curve,0.12082444918265814,0.5655291576673867,,,,2024,binary_20260719_044949_c6c955a30fc2,binary_20260719_044949_c6c955a30fc2,experiments/binary_results/binary_20260719_044949_c6c955a30fc2/test_predictions.csv,f0578c61cfb8f0bbef7c58d8ab338b9d31850912e618d5abe81846aa15e5c298,Figure 4
Fig5,IDH_ROC,IDH,Source MLP,roc_curve,0.12333934721994423,0.5710583153347732,,,,2024,binary_20260719_044949_c6c955a30fc2,binary_20260719_044949_c6c955a30fc2,experiments/binary_results/binary_20260719_044949_c6c955a30fc2/test_predictions.csv,f0578c61cfb8f0bbef7c58d8ab338b9d31850912e618d5abe81846aa15e5c298,Figure 4
Fig5,IDH_ROC,IDH,Source MLP,roc_curve,0.12629161882893225,0.5741684665226782,,,,2024,binary_20260719_044949_c6c955a30fc2,binary_20260719_044949_c6c955a30fc2,experiments/binary_results/binary_20260719_044949_c6c955a30fc2/test_predictions.csv,f0578c61cfb8f0bbef7c58d8ab338b9d31850912e618d5abe81846aa15e5c298,Figure 4
Fig5,IDH_ROC,IDH,Source MLP,roc_curve,0.12984527909901045,0.5788336933045356,,,,2024,binary_20260719_044949_c6c955a30fc2,binary_20260719_044949_c6c955a30fc2,experiments/binary_results/binary_20260719_044949_c6c955a30fc2/test_predictions.csv,f0578c61cfb8f0bbef7c58d8ab338b9d31850912e618d5abe81846aa15e5c298,Figure 4
Fig5,IDH_ROC,IDH,Source MLP,roc_curve,0.13257886392214752,0.5833261339092872,,,,2024,binary_20260719_044949_c6c955a30fc2,binary_20260719_044949_c6c955a30fc2,experiments/binary_results/binary_20260719_044949_c6c955a30fc2/test_predictions.csv,f0578c61cfb8f0bbef7c58d8ab338b9d31850912e618d5abe81846aa15e5c298,Figure 4
Fig5,IDH_ROC,IDH,Source MLP,roc_curve,0.1353671204417473,0.5885097192224622,,,,2024,binary_20260719_044949_c6c955a30fc2,binary_20260719_044949_c6c955a30fc2,experiments/binary_results/binary_20260719_044949_c6c955a30fc2/test_predictions.csv,f0578c61cfb8f0bbef7c58d8ab338b9d31850912e618d5abe81846aa15e5c298,Figure 4
Fig5,IDH_ROC,IDH,Source MLP,roc_curve,0.13837406374719807,0.5913606911447085,,,,2024,binary_20260719_044949_c6c955a30fc2,binary_20260719_044949_c6c955a30fc2,experiments/binary_results/binary_20260719_044949_c6c955a30fc2/test_predictions.csv,f0578c61cfb8f0bbef7c58d8ab338b9d31850912e618d5abe81846aa15e5c298,Figure 4
Fig5,IDH_ROC,IDH,Source MLP,roc_curve,0.1414356787491116,0.5961123110151187,,,,2024,binary_20260719_044949_c6c955a30fc2,binary_20260719_044949_c6c955a30fc2,experiments/binary_results/binary_20260719_044949_c6c955a30fc2/test_predictions.csv,f0578c61cfb8f0bbef7c58d8ab338b9d31850912e618d5abe81846aa15e5c298,Figure 4
Fig5,IDH_ROC,IDH,Source MLP,roc_curve,0.1435678749111585,0.5997408207343412,,,,2024,binary_20260719_044949_c6c955a30fc2,binary_20260719_044949_c6c955a30fc2,experiments/binary_results/binary_20260719_044949_c6c955a30fc2/test_predictions.csv,f0578c61cfb8f0bbef7c58d8ab338b9d31850912e618d5abe81846aa15e5c298,Figure 4
Fig5,IDH_ROC,IDH,Source MLP,roc_curve,0.1462467880378328,0.6033693304535637,,,,2024,binary_20260719_044949_c6c955a30fc2,binary_20260719_044949_c6c955a30fc2,experiments/binary_results/binary_20260719_044949_c6c955a30fc2/test_predictions.csv,f0578c61cfb8f0bbef7c58d8ab338b9d31850912e618d5abe81846aa15e5c298,Figure 4
Fig5,IDH_ROC,IDH,Source MLP,roc_curve,0.1491443879503581,0.6068250539956803,,,,2024,binary_20260719_044949_c6c955a30fc2,binary_20260719_044949_c6c955a30fc2,experiments/binary_results/binary_20260719_044949_c6c955a30fc2/test_predictions.csv,f0578c61cfb8f0bbef7c58d8ab338b9d31850912e618d5abe81846aa15e5c298,Figure 4
Fig5,IDH_ROC,IDH,Source MLP,roc_curve,0.15253403313104805,0.6118358531317495,,,,2024,binary_20260719_044949_c6c955a30fc2,binary_20260719_044949_c6c955a30fc2,experiments/binary_results/binary_20260719_044949_c6c955a30fc2/test_predictions.csv,f0578c61cfb8f0bbef7c58d8ab338b9d31850912e618d5abe81846aa15e5c298,Figure 4
Fig5,IDH_ROC,IDH,Source MLP,roc_curve,0.1564157235799027,0.6157235421166307,,,,2024,binary_20260719_044949_c6c955a30fc2,binary_20260719_044949_c6c955a30fc2,experiments/binary_results/binary_20260719_044949_c6c955a30fc2/test_predictions.csv,f0578c61cfb8f0bbef7c58d8ab338b9d31850912e618d5abe81846aa15e5c298,Figure 4
Fig5,IDH_ROC,IDH,Source MLP,roc_curve,0.1594773385818162,0.6213390928725702,,,,2024,binary_20260719_044949_c6c955a30fc2,binary_20260719_044949_c6c955a30fc2,experiments/binary_results/binary_20260719_044949_c6c955a30fc2/test_predictions.csv,f0578c61cfb8f0bbef7c58d8ab338b9d31850912e618d5abe81846aa15e5c298,Figure 4
Fig5,IDH_ROC,IDH,Source MLP,roc_curve,0.16275764036958068,0.6251403887688984,,,,2024,binary_20260719_044949_c6c955a30fc2,binary_20260719_044949_c6c955a30fc2,experiments/binary_results/binary_20260719_044949_c6c955a30fc2/test_predictions.csv,f0578c61cfb8f0bbef7c58d8ab338b9d31850912e618d5abe81846aa15e5c298,Figure 4
Fig5,IDH_ROC,IDH,Source MLP,roc_curve,0.16592859876441965,0.6288552915766739,,,,2024,binary_20260719_044949_c6c955a30fc2,binary_20260719_044949_c6c955a30fc2,experiments/binary_results/binary_20260719_044949_c6c955a30fc2/test_predictions.csv,f0578c61cfb8f0bbef7c58d8ab338b9d31850912e618d5abe81846aa15e5c298,Figure 4
Fig5,IDH_ROC,IDH,Source MLP,roc_curve,0.16778743644415287,0.6324838012958963,,,,2024,binary_20260719_044949_c6c955a30fc2,binary_20260719_044949_c6c955a30fc2,experiments/binary_results/binary_20260719_044949_c6c955a30fc2/test_predictions.csv,f0578c61cfb8f0bbef7c58d8ab338b9d31850912e618d5abe81846aa15e5c298,Figure 4
Fig5,IDH_ROC,IDH,Source MLP,roc_curve,0.17205182876824668,0.6365442764578834,,,,2024,binary_20260719_044949_c6c955a30fc2,binary_20260719_044949_c6c955a30fc2,experiments/binary_results/binary_20260719_044949_c6c955a30fc2/test_predictions.csv,f0578c61cfb8f0bbef7c58d8ab338b9d31850912e618d5abe81846aa15e5c298,Figure 4
Fig5,IDH_ROC,IDH,Source MLP,roc_curve,0.17555081734186212,0.641036717062635,,,,2024,binary_20260719_044949_c6c955a30fc2,binary_20260719_044949_c6c955a30fc2,experiments/binary_results/binary_20260719_044949_c6c955a30fc2/test_predictions.csv,f0578c61cfb8f0bbef7c58d8ab338b9d31850912e618d5abe81846aa15e5c298,Figure 4
Fig5,IDH_ROC,IDH,Source MLP,roc_curve,0.1791044776119403,0.6447516198704104,,,,2024,binary_20260719_044949_c6c955a30fc2,binary_20260719_044949_c6c955a30fc2,experiments/binary_results/binary_20260719_044949_c6c955a30fc2/test_predictions.csv,f0578c61cfb8f0bbef7c58d8ab338b9d31850912e618d5abe81846aa15e5c298,Figure 4
Fig5,IDH_ROC,IDH,Source MLP,roc_curve,0.1816193756492264,0.6495896328293737,,,,2024,binary_20260719_044949_c6c955a30fc2,binary_20260719_044949_c6c955a30fc2,experiments/binary_results/binary_20260719_044949_c6c955a30fc2/test_predictions.csv,f0578c61cfb8f0bbef7c58d8ab338b9d31850912e618d5abe81846aa15e5c298,Figure 4
Fig5,IDH_ROC,IDH,Source MLP,roc_curve,0.18500902082991635,0.6534773218142549,,,,2024,binary_20260719_044949_c6c955a30fc2,binary_20260719_044949_c6c955a30fc2,experiments/binary_results/binary_20260719_044949_c6c955a30fc2/test_predictions.csv,f0578c61cfb8f0bbef7c58d8ab338b9d31850912e618d5abe81846aa15e5c298,Figure 4
Fig5,IDH_ROC,IDH,Source MLP,roc_curve,0.18828932261768083,0.6575377969762419,,,,2024,binary_20260719_044949_c6c955a30fc2,binary_20260719_044949_c6c955a30fc2,experiments/binary_results/binary_20260719_044949_c6c955a30fc2/test_predictions.csv,f0578c61cfb8f0bbef7c58d8ab338b9d31850912e618d5abe81846aa15e5c298,Figure 4
Fig5,IDH_ROC,IDH,Source MLP,roc_curve,0.19107757913728063,0.6611663066954644,,,,2024,binary_20260719_044949_c6c955a30fc2,binary_20260719_044949_c6c955a30fc2,experiments/binary_results/binary_20260719_044949_c6c955a30fc2/test_predictions.csv,f0578c61cfb8f0bbef7c58d8ab338b9d31850912e618d5abe81846aa15e5c298,Figure 4
Fig5,IDH_ROC,IDH,Source MLP,roc_curve,0.19534197146137444,0.6649676025917927,,,,2024,binary_20260719_044949_c6c955a30fc2,binary_20260719_044949_c6c955a30fc2,experiments/binary_results/binary_20260719_044949_c6c955a30fc2/test_predictions.csv,f0578c61cfb8f0bbef7c58d8ab338b9d31850912e618d5abe81846aa15e5c298,Figure 4
Fig5,IDH_ROC,IDH,Source MLP,roc_curve,0.19813022798097424,0.6682505399568035,,,,2024,binary_20260719_044949_c6c955a30fc2,binary_20260719_044949_c6c955a30fc2,experiments/binary_results/binary_20260719_044949_c6c955a30fc2/test_predictions.csv,f0578c61cfb8f0bbef7c58d8ab338b9d31850912e618d5abe81846aa15e5c298,Figure 4
Fig5,IDH_ROC,IDH,Source MLP,roc_curve,0.20157454485812695,0.671792656587473,,,,2024,binary_20260719_044949_c6c955a30fc2,binary_20260719_044949_c6c955a30fc2,experiments/binary_results/binary_20260719_044949_c6c955a30fc2/test_predictions.csv,f0578c61cfb8f0bbef7c58d8ab338b9d31850912e618d5abe81846aa15e5c298,Figure 4
Fig5,IDH_ROC,IDH,Source MLP,roc_curve,0.20485484664589143,0.6763714902807776,,,,2024,binary_20260719_044949_c6c955a30fc2,binary_20260719_044949_c6c955a30fc2,experiments/binary_results/binary_20260719_044949_c6c955a30fc2/test_predictions.csv,f0578c61cfb8f0bbef7c58d8ab338b9d31850912e618d5abe81846aa15e5c298,Figure 4
Fig5,IDH_ROC,IDH,Source MLP,roc_curve,0.20862719370182056,0.6799136069114471,,,,2024,binary_20260719_044949_c6c955a30fc2,binary_20260719_044949_c6c955a30fc2,experiments/binary_results/binary_20260719_044949_c6c955a30fc2/test_predictions.csv,f0578c61cfb8f0bbef7c58d8ab338b9d31850912e618d5abe81846aa15e5c298,Figure 4
Fig5,IDH_ROC,IDH,Source MLP,roc_curve,0.21207151057897328,0.6834557235421166,,,,2024,binary_20260719_044949_c6c955a30fc2,binary_20260719_044949_c6c955a30fc2,experiments/binary_results/binary_20260719_044949_c6c955a30fc2/test_predictions.csv,f0578c61cfb8f0bbef7c58d8ab338b9d31850912e618d5abe81846aa15e5c298,Figure 4
Fig5,IDH_ROC,IDH,Source MLP,roc_curve,0.21557049915258872,0.687084233261339,,,,2024,binary_20260719_044949_c6c955a30fc2,binary_20260719_044949_c6c955a30fc2,experiments/binary_results/binary_20260719_044949_c6c955a30fc2/test_predictions.csv,f0578c61cfb8f0bbef7c58d8ab338b9d31850912e618d5abe81846aa15e5c298,Figure 4
Fig5,IDH_ROC,IDH,Source MLP,roc_curve,0.21945218960144333,0.6911447084233261,,,,2024,binary_20260719_044949_c6c955a30fc2,binary_20260719_044949_c6c955a30fc2,experiments/binary_results/binary_20260719_044949_c6c955a30fc2/test_predictions.csv,f0578c61cfb8f0bbef7c58d8ab338b9d31850912e618d5abe81846aa15e5c298,Figure 4
Fig5,IDH_ROC,IDH,Source MLP,roc_curve,0.22256847629981957,0.6948596112311015,,,,2024,binary_20260719_044949_c6c955a30fc2,binary_20260719_044949_c6c955a30fc2,experiments/binary_results/binary_20260719_044949_c6c955a30fc2/test_predictions.csv,f0578c61cfb8f0bbef7c58d8ab338b9d31850912e618d5abe81846aa15e5c298,Figure 4
Fig5,IDH_ROC,IDH,Source MLP,roc_curve,0.22546607621234488,0.6983153347732182,,,,2024,binary_20260719_044949_c6c955a30fc2,binary_20260719_044949_c6c955a30fc2,experiments/binary_results/binary_20260719_044949_c6c955a30fc2/test_predictions.csv,f0578c61cfb8f0bbef7c58d8ab338b9d31850912e618d5abe81846aa15e5c298,Figure 4
Fig5,IDH_ROC,IDH,Source MLP,roc_curve,0.22978514023290142,0.7011663066954643,,,,2024,binary_20260719_044949_c6c955a30fc2,binary_20260719_044949_c6c955a30fc2,experiments/binary_results/binary_20260719_044949_c6c955a30fc2/test_predictions.csv,f0578c61cfb8f0bbef7c58d8ab338b9d31850912e618d5abe81846aa15e5c298,Figure 4
Fig5,IDH_ROC,IDH,Source MLP,roc_curve,0.23377617407468154,0.7051403887688985,,,,2024,binary_20260719_044949_c6c955a30fc2,binary_20260719_044949_c6c955a30fc2,experiments/binary_results/binary_20260719_044949_c6c955a30fc2/test_predictions.csv,f0578c61cfb8f0bbef7c58d8ab338b9d31850912e618d5abe81846aa15e5c298,Figure 4
Fig5,IDH_ROC,IDH,Source MLP,roc_curve,0.23814990979170084,0.7085097192224622,,,,2024,binary_20260719_044949_c6c955a30fc2,binary_20260719_044949_c6c955a30fc2,experiments/binary_results/binary_20260719_044949_c6c955a30fc2/test_predictions.csv,f0578c61cfb8f0bbef7c58d8ab338b9d31850912e618d5abe81846aa15e5c298,Figure 4
Fig5,IDH_ROC,IDH,Source MLP,roc_curve,0.24143021157946531,0.7114470842332613,,,,2024,binary_20260719_044949_c6c955a30fc2,binary_20260719_044949_c6c955a30fc2,experiments/binary_results/binary_20260719_044949_c6c955a30fc2/test_predictions.csv,f0578c61cfb8f0bbef7c58d8ab338b9d31850912e618d5abe81846aa15e5c298,Figure 4
Fig5,IDH_ROC,IDH,Source MLP,roc_curve,0.24498387184954348,0.7146436285097192,,,,2024,binary_20260719_044949_c6c955a30fc2,binary_20260719_044949_c6c955a30fc2,experiments/binary_results/binary_20260719_044949_c6c955a30fc2/test_predictions.csv,f0578c61cfb8f0bbef7c58d8ab338b9d31850912e618d5abe81846aa15e5c298,Figure 4
Fig5,IDH_ROC,IDH,Source MLP,roc_curve,0.25132578863922145,0.718012958963283,,,,2024,binary_20260719_044949_c6c955a30fc2,binary_20260719_044949_c6c955a30fc2,experiments/binary_results/binary_20260719_044949_c6c955a30fc2/test_predictions.csv,f0578c61cfb8f0bbef7c58d8ab338b9d31850912e618d5abe81846aa15e5c298,Figure 4
Fig5,IDH_ROC,IDH,Source MLP,roc_curve,0.2552074790880761,0.7212958963282937,,,,2024,binary_20260719_044949_c6c955a30fc2,binary_20260719_044949_c6c955a30fc2,experiments/binary_results/binary_20260719_044949_c6c955a30fc2/test_predictions.csv,f0578c61cfb8f0bbef7c58d8ab338b9d31850912e618d5abe81846aa15e5c298,Figure 4
Fig5,IDH_ROC,IDH,Source MLP,roc_curve,0.2593625280192444,0.7248380129589633,,,,2024,binary_20260719_044949_c6c955a30fc2,binary_20260719_044949_c6c955a30fc2,experiments/binary_results/binary_20260719_044949_c6c955a30fc2/test_predictions.csv,f0578c61cfb8f0bbef7c58d8ab338b9d31850912e618d5abe81846aa15e5c298,Figure 4
Fig5,IDH_ROC,IDH,Source MLP,roc_curve,0.26455633918320487,0.7287257019438445,,,,2024,binary_20260719_044949_c6c955a30fc2,binary_20260719_044949_c6c955a30fc2,experiments/binary_results/binary_20260719_044949_c6c955a30fc2/test_predictions.csv,f0578c61cfb8f0bbef7c58d8ab338b9d31850912e618d5abe81846aa15e5c298,Figure 4
Fig5,IDH_ROC,IDH,Source MLP,roc_curve,0.26893007490022414,0.7318358531317495,,,,2024,binary_20260719_044949_c6c955a30fc2,binary_20260719_044949_c6c955a30fc2,experiments/binary_results/binary_20260719_044949_c6c955a30fc2/test_predictions.csv,f0578c61cfb8f0bbef7c58d8ab338b9d31850912e618d5abe81846aa15e5c298,Figure 4
Fig5,IDH_ROC,IDH,Source MLP,roc_curve,0.27423322945711004,0.734427645788337,,,,2024,binary_20260719_044949_c6c955a30fc2,binary_20260719_044949_c6c955a30fc2,experiments/binary_results/binary_20260719_044949_c6c955a30fc2/test_predictions.csv,f0578c61cfb8f0bbef7c58d8ab338b9d31850912e618d5abe81846aa15e5c298,Figure 4
Fig5,IDH_ROC,IDH,Source MLP,roc_curve,0.2787163085670548,0.7377105831533477,,,,2024,binary_20260719_044949_c6c955a30fc2,binary_20260719_044949_c6c955a30fc2,experiments/binary_results/binary_20260719_044949_c6c955a30fc2/test_predictions.csv,f0578c61cfb8f0bbef7c58d8ab338b9d31850912e618d5abe81846aa15e5c298,Figure 4
Fig5,IDH_ROC,IDH,Source MLP,roc_curve,0.2830353725876114,0.7407343412526998,,,,2024,binary_20260719_044949_c6c955a30fc2,binary_20260719_044949_c6c955a30fc2,experiments/binary_results/binary_20260719_044949_c6c955a30fc2/test_predictions.csv,f0578c61cfb8f0bbef7c58d8ab338b9d31850912e618d5abe81846aa15e5c298,Figure 4
Fig5,IDH_ROC,IDH,Source MLP,roc_curve,0.2888852441091247,0.7439308855291576,,,,2024,binary_20260719_044949_c6c955a30fc2,binary_20260719_044949_c6c955a30fc2,experiments/binary_results/binary_20260719_044949_c6c955a30fc2/test_predictions.csv,f0578c61cfb8f0bbef7c58d8ab338b9d31850912e618d5abe81846aa15e5c298,Figure 4
Fig5,IDH_ROC,IDH,Source MLP,roc_curve,0.2941883986660106,0.7474730021598273,,,,2024,binary_20260719_044949_c6c955a30fc2,binary_20260719_044949_c6c955a30fc2,experiments/binary_results/binary_20260719_044949_c6c955a30fc2/test_predictions.csv,f0578c61cfb8f0bbef7c58d8ab338b9d31850912e618d5abe81846aa15e5c298,Figure 4
Fig5,IDH_ROC,IDH,Source MLP,roc_curve,0.2989448362582691,0.7504103671706264,,,,2024,binary_20260719_044949_c6c955a30fc2,binary_20260719_044949_c6c955a30fc2,experiments/binary_results/binary_20260719_044949_c6c955a30fc2/test_predictions.csv,f0578c61cfb8f0bbef7c58d8ab338b9d31850912e618d5abe81846aa15e5c298,Figure 4
Fig5,IDH_ROC,IDH,Source MLP,roc_curve,0.3058881417090372,0.753866090712743,,,,2024,binary_20260719_044949_c6c955a30fc2,binary_20260719_044949_c6c955a30fc2,experiments/binary_results/binary_20260719_044949_c6c955a30fc2/test_predictions.csv,f0578c61cfb8f0bbef7c58d8ab338b9d31850912e618d5abe81846aa15e5c298,Figure 4
Fig5,IDH_ROC,IDH,Source MLP,roc_curve,0.3117926849270133,0.7571490280777537,,,,2024,binary_20260719_044949_c6c955a30fc2,binary_20260719_044949_c6c955a30fc2,experiments/binary_results/binary_20260719_044949_c6c955a30fc2/test_predictions.csv,f0578c61cfb8f0bbef7c58d8ab338b9d31850912e618d5abe81846aa15e5c298,Figure 4
Fig5,IDH_ROC,IDH,Source MLP,roc_curve,0.3179159149308403,0.7604319654427646,,,,2024,binary_20260719_044949_c6c955a30fc2,binary_20260719_044949_c6c955a30fc2,experiments/binary_results/binary_20260719_044949_c6c955a30fc2/test_predictions.csv,f0578c61cfb8f0bbef7c58d8ab338b9d31850912e618d5abe81846aa15e5c298,Figure 4
Fig5,IDH_ROC,IDH,Source MLP,roc_curve,0.3232190694877262,0.7631965442764579,,,,2024,binary_20260719_044949_c6c955a30fc2,binary_20260719_044949_c6c955a30fc2,experiments/binary_results/binary_20260719_044949_c6c955a30fc2/test_predictions.csv,f0578c61cfb8f0bbef7c58d8ab338b9d31850912e618d5abe81846aa15e5c298,Figure 4
Fig5,IDH_ROC,IDH,Source MLP,roc_curve,0.3307637635995845,0.7657883369330454,,,,2024,binary_20260719_044949_c6c955a30fc2,binary_20260719_044949_c6c955a30fc2,experiments/binary_results/binary_20260719_044949_c6c955a30fc2/test_predictions.csv,f0578c61cfb8f0bbef7c58d8ab338b9d31850912e618d5abe81846aa15e5c298,Figure 4
Fig5,IDH_ROC,IDH,Source MLP,roc_curve,0.336996336996337,0.7687257019438445,,,,2024,binary_20260719_044949_c6c955a30fc2,binary_20260719_044949_c6c955a30fc2,experiments/binary_results/binary_20260719_044949_c6c955a30fc2/test_predictions.csv,f0578c61cfb8f0bbef7c58d8ab338b9d31850912e618d5abe81846aa15e5c298,Figure 4
Fig5,IDH_ROC,IDH,Source MLP,roc_curve,0.34262752173199934,0.7714038876889849,,,,2024,binary_20260719_044949_c6c955a30fc2,binary_20260719_044949_c6c955a30fc2,experiments/binary_results/binary_20260719_044949_c6c955a30fc2/test_predictions.csv,f0578c61cfb8f0bbef7c58d8ab338b9d31850912e618d5abe81846aa15e5c298,Figure 4
Fig5,IDH_ROC,IDH,Source MLP,roc_curve,0.3480946913782735,0.7750323974082074,,,,2024,binary_20260719_044949_c6c955a30fc2,binary_20260719_044949_c6c955a30fc2,experiments/binary_results/binary_20260719_044949_c6c955a30fc2/test_predictions.csv,f0578c61cfb8f0bbef7c58d8ab338b9d31850912e618d5abe81846aa15e5c298,Figure 4
Fig5,IDH_ROC,IDH,Source MLP,roc_curve,0.3533431742386966,0.7784017278617711,,,,2024,binary_20260719_044949_c6c955a30fc2,binary_20260719_044949_c6c955a30fc2,experiments/binary_results/binary_20260719_044949_c6c955a30fc2/test_predictions.csv,f0578c61cfb8f0bbef7c58d8ab338b9d31850912e618d5abe81846aa15e5c298,Figure 4
Fig5,IDH_ROC,IDH,Source MLP,roc_curve,0.3585916570991198,0.7822030237580994,,,,2024,binary_20260719_044949_c6c955a30fc2,binary_20260719_044949_c6c955a30fc2,experiments/binary_results/binary_20260719_044949_c6c955a30fc2/test_predictions.csv,f0578c61cfb8f0bbef7c58d8ab338b9d31850912e618d5abe81846aa15e5c298,Figure 4
Fig5,IDH_ROC,IDH,Source MLP,roc_curve,0.3661910229074408,0.7848812095032397,,,,2024,binary_20260719_044949_c6c955a30fc2,binary_20260719_044949_c6c955a30fc2,experiments/binary_results/binary_20260719_044949_c6c955a30fc2/test_predictions.csv,f0578c61cfb8f0bbef7c58d8ab338b9d31850912e618d5abe81846aa15e5c298,Figure 4
Fig5,IDH_ROC,IDH,Source MLP,roc_curve,0.3717675359466404,0.7875593952483801,,,,2024,binary_20260719_044949_c6c955a30fc2,binary_20260719_044949_c6c955a30fc2,experiments/binary_results/binary_20260719_044949_c6c955a30fc2/test_predictions.csv,f0578c61cfb8f0bbef7c58d8ab338b9d31850912e618d5abe81846aa15e5c298,Figure 4
Fig5,IDH_ROC,IDH,Source MLP,roc_curve,0.379038871576185,0.7906695464362851,,,,2024,binary_20260719_044949_c6c955a30fc2,binary_20260719_044949_c6c955a30fc2,experiments/binary_results/binary_20260719_044949_c6c955a30fc2/test_predictions.csv,f0578c61cfb8f0bbef7c58d8ab338b9d31850912e618d5abe81846aa15e5c298,Figure 4
Fig5,IDH_ROC,IDH,Source MLP,roc_curve,0.3840139959542945,0.7931749460043197,,,,2024,binary_20260719_044949_c6c955a30fc2,binary_20260719_044949_c6c955a30fc2,experiments/binary_results/binary_20260719_044949_c6c955a30fc2/test_predictions.csv,f0578c61cfb8f0bbef7c58d8ab338b9d31850912e618d5abe81846aa15e5c298,Figure 4
Fig5,IDH_ROC,IDH,Source MLP,roc_curve,0.39057459952982343,0.7955939524838013,,,,2024,binary_20260719_044949_c6c955a30fc2,binary_20260719_044949_c6c955a30fc2,experiments/binary_results/binary_20260719_044949_c6c955a30fc2/test_predictions.csv,f0578c61cfb8f0bbef7c58d8ab338b9d31850912e618d5abe81846aa15e5c298,Figure 4
Fig5,IDH_ROC,IDH,Source MLP,roc_curve,0.39806462194521897,0.7986177105831533,,,,2024,binary_20260719_044949_c6c955a30fc2,binary_20260719_044949_c6c955a30fc2,experiments/binary_results/binary_20260719_044949_c6c955a30fc2/test_predictions.csv,f0578c61cfb8f0bbef7c58d8ab338b9d31850912e618d5abe81846aa15e5c298,Figure 4
Fig5,IDH_ROC,IDH,Source MLP,roc_curve,0.40260237275162647,0.8014686825053996,,,,2024,binary_20260719_044949_c6c955a30fc2,binary_20260719_044949_c6c955a30fc2,experiments/binary_results/binary_20260719_044949_c6c955a30fc2/test_predictions.csv,f0578c61cfb8f0bbef7c58d8ab338b9d31850912e618d5abe81846aa15e5c298,Figure 4
Fig5,IDH_ROC,IDH,Source MLP,roc_curve,0.40828822918375157,0.8042332613390929,,,,2024,binary_20260719_044949_c6c955a30fc2,binary_20260719_044949_c6c955a30fc2,experiments/binary_results/binary_20260719_044949_c6c955a30fc2/test_predictions.csv,f0578c61cfb8f0bbef7c58d8ab338b9d31850912e618d5abe81846aa15e5c298,Figure 4
Fig5,IDH_ROC,IDH,Source MLP,roc_curve,0.41605161008146085,0.8069114470842332,,,,2024,binary_20260719_044949_c6c955a30fc2,binary_20260719_044949_c6c955a30fc2,experiments/binary_results/binary_20260719_044949_c6c955a30fc2/test_predictions.csv,f0578c61cfb8f0bbef7c58d8ab338b9d31850912e618d5abe81846aa15e5c298,Figure 4
Fig5,IDH_ROC,IDH,Source MLP,roc_curve,0.42272155704991526,0.8095896328293737,,,,2024,binary_20260719_044949_c6c955a30fc2,binary_20260719_044949_c6c955a30fc2,experiments/binary_results/binary_20260719_044949_c6c955a30fc2/test_predictions.csv,f0578c61cfb8f0bbef7c58d8ab338b9d31850912e618d5abe81846aa15e5c298,Figure 4
Fig5,IDH_ROC,IDH,Source MLP,roc_curve,0.43070362473347545,0.8125269978401728,,,,2024,binary_20260719_044949_c6c955a30fc2,binary_20260719_044949_c6c955a30fc2,experiments/binary_results/binary_20260719_044949_c6c955a30fc2/test_predictions.csv,f0578c61cfb8f0bbef7c58d8ab338b9d31850912e618d5abe81846aa15e5c298,Figure 4
Fig5,IDH_ROC,IDH,Source MLP,roc_curve,0.43688152643376527,0.8150323974082073,,,,2024,binary_20260719_044949_c6c955a30fc2,binary_20260719_044949_c6c955a30fc2,experiments/binary_results/binary_20260719_044949_c6c955a30fc2/test_predictions.csv,f0578c61cfb8f0bbef7c58d8ab338b9d31850912e618d5abe81846aa15e5c298,Figure 4
Fig5,IDH_ROC,IDH,Source MLP,roc_curve,0.4427860696517413,0.8172786177105832,,,,2024,binary_20260719_044949_c6c955a30fc2,binary_20260719_044949_c6c955a30fc2,experiments/binary_results/binary_20260719_044949_c6c955a30fc2/test_predictions.csv,f0578c61cfb8f0bbef7c58d8ab338b9d31850912e618d5abe81846aa15e5c298,Figure 4
Fig5,IDH_ROC,IDH,Source MLP,roc_curve,0.4513695259963917,0.8199568034557235,,,,2024,binary_20260719_044949_c6c955a30fc2,binary_20260719_044949_c6c955a30fc2,experiments/binary_results/binary_20260719_044949_c6c955a30fc2/test_predictions.csv,f0578c61cfb8f0bbef7c58d8ab338b9d31850912e618d5abe81846aa15e5c298,Figure 4
Fig5,IDH_ROC,IDH,Source MLP,roc_curve,0.4595156087693401,0.8228077753779698,,,,2024,binary_20260719_044949_c6c955a30fc2,binary_20260719_044949_c6c955a30fc2,experiments/binary_results/binary_20260719_044949_c6c955a30fc2/test_predictions.csv,f0578c61cfb8f0bbef7c58d8ab338b9d31850912e618d5abe81846aa15e5c298,Figure 4
Fig5,IDH_ROC,IDH,Source MLP,roc_curve,0.46563883877316714,0.8254859611231101,,,,2024,binary_20260719_044949_c6c955a30fc2,binary_20260719_044949_c6c955a30fc2,experiments/binary_results/binary_20260719_044949_c6c955a30fc2/test_predictions.csv,f0578c61cfb8f0bbef7c58d8ab338b9d31850912e618d5abe81846aa15e5c298,Figure 4
Fig5,IDH_ROC,IDH,Source MLP,roc_curve,0.47203542725930786,0.8279913606911448,,,,2024,binary_20260719_044949_c6c955a30fc2,binary_20260719_044949_c6c955a30fc2,experiments/binary_results/binary_20260719_044949_c6c955a30fc2/test_predictions.csv,f0578c61cfb8f0bbef7c58d8ab338b9d31850912e618d5abe81846aa15e5c298,Figure 4
Fig5,IDH_ROC,IDH,Source MLP,roc_curve,0.47651850636925264,0.8307559395248381,,,,2024,binary_20260719_044949_c6c955a30fc2,binary_20260719_044949_c6c955a30fc2,experiments/binary_results/binary_20260719_044949_c6c955a30fc2/test_predictions.csv,f0578c61cfb8f0bbef7c58d8ab338b9d31850912e618d5abe81846aa15e5c298,Figure 4
Fig5,IDH_ROC,IDH,Source MLP,roc_curve,0.4837351703023345,0.832829373650108,,,,2024,binary_20260719_044949_c6c955a30fc2,binary_20260719_044949_c6c955a30fc2,experiments/binary_results/binary_20260719_044949_c6c955a30fc2/test_predictions.csv,f0578c61cfb8f0bbef7c58d8ab338b9d31850912e618d5abe81846aa15e5c298,Figure 4
Fig5,IDH_ROC,IDH,Source MLP,roc_curve,0.4884369361981302,0.8363714902807775,,,,2024,binary_20260719_044949_c6c955a30fc2,binary_20260719_044949_c6c955a30fc2,experiments/binary_results/binary_20260719_044949_c6c955a30fc2/test_predictions.csv,f0578c61cfb8f0bbef7c58d8ab338b9d31850912e618d5abe81846aa15e5c298,Figure 4
Fig5,IDH_ROC,IDH,Source MLP,roc_curve,0.49510688316658463,0.8387041036717062,,,,2024,binary_20260719_044949_c6c955a30fc2,binary_20260719_044949_c6c955a30fc2,experiments/binary_results/binary_20260719_044949_c6c955a30fc2/test_predictions.csv,f0578c61cfb8f0bbef7c58d8ab338b9d31850912e618d5abe81846aa15e5c298,Figure 4
Fig5,IDH_ROC,IDH,Source MLP,roc_curve,0.500738067902247,0.8412958963282937,,,,2024,binary_20260719_044949_c6c955a30fc2,binary_20260719_044949_c6c955a30fc2,experiments/binary_results/binary_20260719_044949_c6c955a30fc2/test_predictions.csv,f0578c61cfb8f0bbef7c58d8ab338b9d31850912e618d5abe81846aa15e5c298,Figure 4
Fig5,IDH_ROC,IDH,Source MLP,roc_curve,0.507079984691925,0.8438876889848812,,,,2024,binary_20260719_044949_c6c955a30fc2,binary_20260719_044949_c6c955a30fc2,experiments/binary_results/binary_20260719_044949_c6c955a30fc2/test_predictions.csv,f0578c61cfb8f0bbef7c58d8ab338b9d31850912e618d5abe81846aa15e5c298,Figure 4
Fig5,IDH_ROC,IDH,Source MLP,roc_curve,0.5127658411240501,0.8466522678185745,,,,2024,binary_20260719_044949_c6c955a30fc2,binary_20260719_044949_c6c955a30fc2,experiments/binary_results/binary_20260719_044949_c6c955a30fc2/test_predictions.csv,f0578c61cfb8f0bbef7c58d8ab338b9d31850912e618d5abe81846aa15e5c298,Figure 4
Fig5,IDH_ROC,IDH,Source MLP,roc_curve,0.520802580504073,0.849244060475162,,,,2024,binary_20260719_044949_c6c955a30fc2,binary_20260719_044949_c6c955a30fc2,experiments/binary_results/binary_20260719_044949_c6c955a30fc2/test_predictions.csv,f0578c61cfb8f0bbef7c58d8ab338b9d31850912e618d5abe81846aa15e5c298,Figure 4
Fig5,IDH_ROC,IDH,Source MLP,roc_curve,0.5292220217593352,0.8514038876889849,,,,2024,binary_20260719_044949_c6c955a30fc2,binary_20260719_044949_c6c955a30fc2,experiments/binary_results/binary_20260719_044949_c6c955a30fc2/test_predictions.csv,f0578c61cfb8f0bbef7c58d8ab338b9d31850912e618d5abe81846aa15e5c298,Figure 4
Fig5,IDH_ROC,IDH,Source MLP,roc_curve,0.5343064895303701,0.8539956803455724,,,,2024,binary_20260719_044949_c6c955a30fc2,binary_20260719_044949_c6c955a30fc2,experiments/binary_results/binary_20260719_044949_c6c955a30fc2/test_predictions.csv,f0578c61cfb8f0bbef7c58d8ab338b9d31850912e618d5abe81846aa15e5c298,Figure 4
Fig5,IDH_ROC,IDH,Source MLP,roc_curve,0.5417965119457657,0.8565010799136069,,,,2024,binary_20260719_044949_c6c955a30fc2,binary_20260719_044949_c6c955a30fc2,experiments/binary_results/binary_20260719_044949_c6c955a30fc2/test_predictions.csv,f0578c61cfb8f0bbef7c58d8ab338b9d31850912e618d5abe81846aa15e5c298,Figure 4
Fig5,IDH_ROC,IDH,Source MLP,roc_curve,0.5485211306106829,0.8586609071274298,,,,2024,binary_20260719_044949_c6c955a30fc2,binary_20260719_044949_c6c955a30fc2,experiments/binary_results/binary_20260719_044949_c6c955a30fc2/test_predictions.csv,f0578c61cfb8f0bbef7c58d8ab338b9d31850912e618d5abe81846aa15e5c298,Figure 4
Fig5,IDH_ROC,IDH,Source MLP,roc_curve,0.5561751681154666,0.8613390928725702,,,,2024,binary_20260719_044949_c6c955a30fc2,binary_20260719_044949_c6c955a30fc2,experiments/binary_results/binary_20260719_044949_c6c955a30fc2/test_predictions.csv,f0578c61cfb8f0bbef7c58d8ab338b9d31850912e618d5abe81846aa15e5c298,Figure 4
Fig5,IDH_ROC,IDH,Source MLP,roc_curve,0.5612596358865015,0.8640172786177106,,,,2024,binary_20260719_044949_c6c955a30fc2,binary_20260719_044949_c6c955a30fc2,experiments/binary_results/binary_20260719_044949_c6c955a30fc2/test_predictions.csv,f0578c61cfb8f0bbef7c58d8ab338b9d31850912e618d5abe81846aa15e5c298,Figure 4
Fig5,IDH_ROC,IDH,Source MLP,roc_curve,0.5686403149089716,0.8665226781857451,,,,2024,binary_20260719_044949_c6c955a30fc2,binary_20260719_044949_c6c955a30fc2,experiments/binary_results/binary_20260719_044949_c6c955a30fc2/test_predictions.csv,f0578c61cfb8f0bbef7c58d8ab338b9d31850912e618d5abe81846aa15e5c298,Figure 4
Fig5,IDH_ROC,IDH,Source MLP,roc_curve,0.5741074845552457,0.8688552915766738,,,,2024,binary_20260719_044949_c6c955a30fc2,binary_20260719_044949_c6c955a30fc2,experiments/binary_results/binary_20260719_044949_c6c955a30fc2/test_predictions.csv,f0578c61cfb8f0bbef7c58d8ab338b9d31850912e618d5abe81846aa15e5c298,Figure 4
Fig5,IDH_ROC,IDH,Source MLP,roc_curve,0.5796293258979827,0.8717062634989201,,,,2024,binary_20260719_044949_c6c955a30fc2,binary_20260719_044949_c6c955a30fc2,experiments/binary_results/binary_20260719_044949_c6c955a30fc2/test_predictions.csv,f0578c61cfb8f0bbef7c58d8ab338b9d31850912e618d5abe81846aa15e5c298,Figure 4
Fig5,IDH_ROC,IDH,Source MLP,roc_curve,0.5876660652780056,0.8744708423326134,,,,2024,binary_20260719_044949_c6c955a30fc2,binary_20260719_044949_c6c955a30fc2,experiments/binary_results/binary_20260719_044949_c6c955a30fc2/test_predictions.csv,f0578c61cfb8f0bbef7c58d8ab338b9d31850912e618d5abe81846aa15e5c298,Figure 4
Fig5,IDH_ROC,IDH,Source MLP,roc_curve,0.596249521622656,0.8771490280777537,,,,2024,binary_20260719_044949_c6c955a30fc2,binary_20260719_044949_c6c955a30fc2,experiments/binary_results/binary_20260719_044949_c6c955a30fc2/test_predictions.csv,f0578c61cfb8f0bbef7c58d8ab338b9d31850912e618d5abe81846aa15e5c298,Figure 4
Fig5,IDH_ROC,IDH,Source MLP,roc_curve,0.6039582308239024,0.8793952483801296,,,,2024,binary_20260719_044949_c6c955a30fc2,binary_20260719_044949_c6c955a30fc2,experiments/binary_results/binary_20260719_044949_c6c955a30fc2/test_predictions.csv,f0578c61cfb8f0bbef7c58d8ab338b9d31850912e618d5abe81846aa15e5c298,Figure 4
Fig5,IDH_ROC,IDH,Source MLP,roc_curve,0.6107375211852824,0.8823326133909287,,,,2024,binary_20260719_044949_c6c955a30fc2,binary_20260719_044949_c6c955a30fc2,experiments/binary_results/binary_20260719_044949_c6c955a30fc2/test_predictions.csv,f0578c61cfb8f0bbef7c58d8ab338b9d31850912e618d5abe81846aa15e5c298,Figure 4
Fig5,IDH_ROC,IDH,Source MLP,roc_curve,0.6176808266360505,0.8854427645788336,,,,2024,binary_20260719_044949_c6c955a30fc2,binary_20260719_044949_c6c955a30fc2,experiments/binary_results/binary_20260719_044949_c6c955a30fc2/test_predictions.csv,f0578c61cfb8f0bbef7c58d8ab338b9d31850912e618d5abe81846aa15e5c298,Figure 4
Fig5,IDH_ROC,IDH,Source MLP,roc_curve,0.624350773604505,0.8882937365010799,,,,2024,binary_20260719_044949_c6c955a30fc2,binary_20260719_044949_c6c955a30fc2,experiments/binary_results/binary_20260719_044949_c6c955a30fc2/test_predictions.csv,f0578c61cfb8f0bbef7c58d8ab338b9d31850912e618d5abe81846aa15e5c298,Figure 4
Fig5,IDH_ROC,IDH,Source MLP,roc_curve,0.631512765841124,0.8908855291576674,,,,2024,binary_20260719_044949_c6c955a30fc2,binary_20260719_044949_c6c955a30fc2,experiments/binary_results/binary_20260719_044949_c6c955a30fc2/test_predictions.csv,f0578c61cfb8f0bbef7c58d8ab338b9d31850912e618d5abe81846aa15e5c298,Figure 4
Fig5,IDH_ROC,IDH,Source MLP,roc_curve,0.6392761467388333,0.8939956803455723,,,,2024,binary_20260719_044949_c6c955a30fc2,binary_20260719_044949_c6c955a30fc2,experiments/binary_results/binary_20260719_044949_c6c955a30fc2/test_predictions.csv,f0578c61cfb8f0bbef7c58d8ab338b9d31850912e618d5abe81846aa15e5c298,Figure 4
Fig5,IDH_ROC,IDH,Source MLP,roc_curve,0.6453447050461976,0.8969330453563715,,,,2024,binary_20260719_044949_c6c955a30fc2,binary_20260719_044949_c6c955a30fc2,experiments/binary_results/binary_20260719_044949_c6c955a30fc2/test_predictions.csv,f0578c61cfb8f0bbef7c58d8ab338b9d31850912e618d5abe81846aa15e5c298,Figure 4
Fig5,IDH_ROC,IDH,Source MLP,roc_curve,0.652452025586354,0.8997840172786177,,,,2024,binary_20260719_044949_c6c955a30fc2,binary_20260719_044949_c6c955a30fc2,experiments/binary_results/binary_20260719_044949_c6c955a30fc2/test_predictions.csv,f0578c61cfb8f0bbef7c58d8ab338b9d31850912e618d5abe81846aa15e5c298,Figure 4
Fig5,IDH_ROC,IDH,Source MLP,roc_curve,0.656880432999836,0.902548596112311,,,,2024,binary_20260719_044949_c6c955a30fc2,binary_20260719_044949_c6c955a30fc2,experiments/binary_results/binary_20260719_044949_c6c955a30fc2/test_predictions.csv,f0578c61cfb8f0bbef7c58d8ab338b9d31850912e618d5abe81846aa15e5c298,Figure 4
Fig5,IDH_ROC,IDH,Source MLP,roc_curve,0.6626756328248865,0.904708423326134,,,,2024,binary_20260719_044949_c6c955a30fc2,binary_20260719_044949_c6c955a30fc2,experiments/binary_results/binary_20260719_044949_c6c955a30fc2/test_predictions.csv,f0578c61cfb8f0bbef7c58d8ab338b9d31850912e618d5abe81846aa15e5c298,Figure 4
Fig5,IDH_ROC,IDH,Source MLP,roc_curve,0.6704390137225958,0.9078185745140388,,,,2024,binary_20260719_044949_c6c955a30fc2,binary_20260719_044949_c6c955a30fc2,experiments/binary_results/binary_20260719_044949_c6c955a30fc2/test_predictions.csv,f0578c61cfb8f0bbef7c58d8ab338b9d31850912e618d5abe81846aa15e5c298,Figure 4
Fig5,IDH_ROC,IDH,Source MLP,roc_curve,0.6758515116724072,0.9106695464362852,,,,2024,binary_20260719_044949_c6c955a30fc2,binary_20260719_044949_c6c955a30fc2,experiments/binary_results/binary_20260719_044949_c6c955a30fc2/test_predictions.csv,f0578c61cfb8f0bbef7c58d8ab338b9d31850912e618d5abe81846aa15e5c298,Figure 4
Fig5,IDH_ROC,IDH,Source MLP,roc_curve,0.6845443114099831,0.9136933045356372,,,,2024,binary_20260719_044949_c6c955a30fc2,binary_20260719_044949_c6c955a30fc2,experiments/binary_results/binary_20260719_044949_c6c955a30fc2/test_predictions.csv,f0578c61cfb8f0bbef7c58d8ab338b9d31850912e618d5abe81846aa15e5c298,Figure 4
Fig5,IDH_ROC,IDH,Source MLP,roc_curve,0.692581050790006,0.9164578833693304,,,,2024,binary_20260719_044949_c6c955a30fc2,binary_20260719_044949_c6c955a30fc2,experiments/binary_results/binary_20260719_044949_c6c955a30fc2/test_predictions.csv,f0578c61cfb8f0bbef7c58d8ab338b9d31850912e618d5abe81846aa15e5c298,Figure 4
Fig5,IDH_ROC,IDH,Source MLP,roc_curve,0.698922967579684,0.9187904967602591,,,,2024,binary_20260719_044949_c6c955a30fc2,binary_20260719_044949_c6c955a30fc2,experiments/binary_results/binary_20260719_044949_c6c955a30fc2/test_predictions.csv,f0578c61cfb8f0bbef7c58d8ab338b9d31850912e618d5abe81846aa15e5c298,Figure 4
Fig5,IDH_ROC,IDH,Source MLP,roc_curve,0.7044994806188836,0.921987041036717,,,,2024,binary_20260719_044949_c6c955a30fc2,binary_20260719_044949_c6c955a30fc2,experiments/binary_results/binary_20260719_044949_c6c955a30fc2/test_predictions.csv,f0578c61cfb8f0bbef7c58d8ab338b9d31850912e618d5abe81846aa15e5c298,Figure 4
Fig5,IDH_ROC,IDH,Source MLP,roc_curve,0.7125362199989066,0.9244924406047516,,,,2024,binary_20260719_044949_c6c955a30fc2,binary_20260719_044949_c6c955a30fc2,experiments/binary_results/binary_20260719_044949_c6c955a30fc2/test_predictions.csv,f0578c61cfb8f0bbef7c58d8ab338b9d31850912e618d5abe81846aa15e5c298,Figure 4
Fig5,IDH_ROC,IDH,Source MLP,roc_curve,0.7194795254496748,0.927084233261339,,,,2024,binary_20260719_044949_c6c955a30fc2,binary_20260719_044949_c6c955a30fc2,experiments/binary_results/binary_20260719_044949_c6c955a30fc2/test_predictions.csv,f0578c61cfb8f0bbef7c58d8ab338b9d31850912e618d5abe81846aa15e5c298,Figure 4
Fig5,IDH_ROC,IDH,Source MLP,roc_curve,0.7248373517030233,0.9297624190064796,,,,2024,binary_20260719_044949_c6c955a30fc2,binary_20260719_044949_c6c955a30fc2,experiments/binary_results/binary_20260719_044949_c6c955a30fc2/test_predictions.csv,f0578c61cfb8f0bbef7c58d8ab338b9d31850912e618d5abe81846aa15e5c298,Figure 4
Fig5,IDH_ROC,IDH,Source MLP,roc_curve,0.7311245967962385,0.9326997840172786,,,,2024,binary_20260719_044949_c6c955a30fc2,binary_20260719_044949_c6c955a30fc2,experiments/binary_results/binary_20260719_044949_c6c955a30fc2/test_predictions.csv,f0578c61cfb8f0bbef7c58d8ab338b9d31850912e618d5abe81846aa15e5c298,Figure 4
Fig5,IDH_ROC,IDH,Source MLP,roc_curve,0.7378492154611558,0.935291576673866,,,,2024,binary_20260719_044949_c6c955a30fc2,binary_20260719_044949_c6c955a30fc2,experiments/binary_results/binary_20260719_044949_c6c955a30fc2/test_predictions.csv,f0578c61cfb8f0bbef7c58d8ab338b9d31850912e618d5abe81846aa15e5c298,Figure 4
Fig5,IDH_ROC,IDH,Source MLP,roc_curve,0.7441911322508338,0.9378833693304536,,,,2024,binary_20260719_044949_c6c955a30fc2,binary_20260719_044949_c6c955a30fc2,experiments/binary_results/binary_20260719_044949_c6c955a30fc2/test_predictions.csv,f0578c61cfb8f0bbef7c58d8ab338b9d31850912e618d5abe81846aa15e5c298,Figure 4
Fig5,IDH_ROC,IDH,Source MLP,roc_curve,0.7516264829697665,0.9407343412526998,,,,2024,binary_20260719_044949_c6c955a30fc2,binary_20260719_044949_c6c955a30fc2,experiments/binary_results/binary_20260719_044949_c6c955a30fc2/test_predictions.csv,f0578c61cfb8f0bbef7c58d8ab338b9d31850912e618d5abe81846aa15e5c298,Figure 4
Fig5,IDH_ROC,IDH,Source MLP,roc_curve,0.7577497129735936,0.9431533477321814,,,,2024,binary_20260719_044949_c6c955a30fc2,binary_20260719_044949_c6c955a30fc2,experiments/binary_results/binary_20260719_044949_c6c955a30fc2/test_predictions.csv,f0578c61cfb8f0bbef7c58d8ab338b9d31850912e618d5abe81846aa15e5c298,Figure 4
Fig5,IDH_ROC,IDH,Source MLP,roc_curve,0.7666065278005576,0.9457451403887688,,,,2024,binary_20260719_044949_c6c955a30fc2,binary_20260719_044949_c6c955a30fc2,experiments/binary_results/binary_20260719_044949_c6c955a30fc2/test_predictions.csv,f0578c61cfb8f0bbef7c58d8ab338b9d31850912e618d5abe81846aa15e5c298,Figure 4
Fig5,IDH_ROC,IDH,Source MLP,roc_curve,0.7734404898584003,0.9489416846652268,,,,2024,binary_20260719_044949_c6c955a30fc2,binary_20260719_044949_c6c955a30fc2,experiments/binary_results/binary_20260719_044949_c6c955a30fc2/test_predictions.csv,f0578c61cfb8f0bbef7c58d8ab338b9d31850912e618d5abe81846aa15e5c298,Figure 4
Fig5,IDH_ROC,IDH,Source MLP,roc_curve,0.7808758405773332,0.95170626349892,,,,2024,binary_20260719_044949_c6c955a30fc2,binary_20260719_044949_c6c955a30fc2,experiments/binary_results/binary_20260719_044949_c6c955a30fc2/test_predictions.csv,f0578c61cfb8f0bbef7c58d8ab338b9d31850912e618d5abe81846aa15e5c298,Figure 4
Fig5,IDH_ROC,IDH,Source MLP,roc_curve,0.7871084139740856,0.9540388768898488,,,,2024,binary_20260719_044949_c6c955a30fc2,binary_20260719_044949_c6c955a30fc2,experiments/binary_results/binary_20260719_044949_c6c955a30fc2/test_predictions.csv,f0578c61cfb8f0bbef7c58d8ab338b9d31850912e618d5abe81846aa15e5c298,Figure 4
Fig5,IDH_ROC,IDH,Source MLP,roc_curve,0.7978787381772456,0.9574082073434124,,,,2024,binary_20260719_044949_c6c955a30fc2,binary_20260719_044949_c6c955a30fc2,experiments/binary_results/binary_20260719_044949_c6c955a30fc2/test_predictions.csv,f0578c61cfb8f0bbef7c58d8ab338b9d31850912e618d5abe81846aa15e5c298,Figure 4
Fig5,IDH_ROC,IDH,Source MLP,roc_curve,0.804986058717402,0.9600863930885528,,,,2024,binary_20260719_044949_c6c955a30fc2,binary_20260719_044949_c6c955a30fc2,experiments/binary_results/binary_20260719_044949_c6c955a30fc2/test_predictions.csv,f0578c61cfb8f0bbef7c58d8ab338b9d31850912e618d5abe81846aa15e5c298,Figure 4
Fig5,IDH_ROC,IDH,Source MLP,roc_curve,0.8120387075610956,0.9626781857451404,,,,2024,binary_20260719_044949_c6c955a30fc2,binary_20260719_044949_c6c955a30fc2,experiments/binary_results/binary_20260719_044949_c6c955a30fc2/test_predictions.csv,f0578c61cfb8f0bbef7c58d8ab338b9d31850912e618d5abe81846aa15e5c298,Figure 4
Fig5,IDH_ROC,IDH,Source MLP,roc_curve,0.8198567601552676,0.9654427645788336,,,,2024,binary_20260719_044949_c6c955a30fc2,binary_20260719_044949_c6c955a30fc2,experiments/binary_results/binary_20260719_044949_c6c955a30fc2/test_predictions.csv,f0578c61cfb8f0bbef7c58d8ab338b9d31850912e618d5abe81846aa15e5c298,Figure 4
Fig5,IDH_ROC,IDH,Source MLP,roc_curve,0.8284948881963807,0.9677753779697624,,,,2024,binary_20260719_044949_c6c955a30fc2,binary_20260719_044949_c6c955a30fc2,experiments/binary_results/binary_20260719_044949_c6c955a30fc2/test_predictions.csv,f0578c61cfb8f0bbef7c58d8ab338b9d31850912e618d5abe81846aa15e5c298,Figure 4
Fig5,IDH_ROC,IDH,Source MLP,roc_curve,0.8352741785577606,0.970194384449244,,,,2024,binary_20260719_044949_c6c955a30fc2,binary_20260719_044949_c6c955a30fc2,experiments/binary_results/binary_20260719_044949_c6c955a30fc2/test_predictions.csv,f0578c61cfb8f0bbef7c58d8ab338b9d31850912e618d5abe81846aa15e5c298,Figure 4
Fig5,IDH_ROC,IDH,Source MLP,roc_curve,0.8439669782953365,0.9726133909287256,,,,2024,binary_20260719_044949_c6c955a30fc2,binary_20260719_044949_c6c955a30fc2,experiments/binary_results/binary_20260719_044949_c6c955a30fc2/test_predictions.csv,f0578c61cfb8f0bbef7c58d8ab338b9d31850912e618d5abe81846aa15e5c298,Figure 4
Fig5,IDH_ROC,IDH,Source MLP,roc_curve,0.8506915969602536,0.9750323974082074,,,,2024,binary_20260719_044949_c6c955a30fc2,binary_20260719_044949_c6c955a30fc2,experiments/binary_results/binary_20260719_044949_c6c955a30fc2/test_predictions.csv,f0578c61cfb8f0bbef7c58d8ab338b9d31850912e618d5abe81846aa15e5c298,Figure 4
Fig5,IDH_ROC,IDH,Source MLP,roc_curve,0.863922147504237,0.9779697624190063,,,,2024,binary_20260719_044949_c6c955a30fc2,binary_20260719_044949_c6c955a30fc2,experiments/binary_results/binary_20260719_044949_c6c955a30fc2/test_predictions.csv,f0578c61cfb8f0bbef7c58d8ab338b9d31850912e618d5abe81846aa15e5c298,Figure 4
Fig5,IDH_ROC,IDH,Source MLP,roc_curve,0.8745284566180088,0.9802159827213824,,,,2024,binary_20260719_044949_c6c955a30fc2,binary_20260719_044949_c6c955a30fc2,experiments/binary_results/binary_20260719_044949_c6c955a30fc2/test_predictions.csv,f0578c61cfb8f0bbef7c58d8ab338b9d31850912e618d5abe81846aa15e5c298,Figure 4
Fig5,IDH_ROC,IDH,Source MLP,roc_curve,0.885900169482259,0.982634989200864,,,,2024,binary_20260719_044949_c6c955a30fc2,binary_20260719_044949_c6c955a30fc2,experiments/binary_results/binary_20260719_044949_c6c955a30fc2/test_predictions.csv,f0578c61cfb8f0bbef7c58d8ab338b9d31850912e618d5abe81846aa15e5c298,Figure 4
Fig5,IDH_ROC,IDH,Source MLP,roc_curve,0.8997867803837953,0.9853131749460045,,,,2024,binary_20260719_044949_c6c955a30fc2,binary_20260719_044949_c6c955a30fc2,experiments/binary_results/binary_20260719_044949_c6c955a30fc2/test_predictions.csv,f0578c61cfb8f0bbef7c58d8ab338b9d31850912e618d5abe81846aa15e5c298,Figure 4
Fig5,IDH_ROC,IDH,Source MLP,roc_curve,0.9121972554808375,0.9879049676025918,,,,2024,binary_20260719_044949_c6c955a30fc2,binary_20260719_044949_c6c955a30fc2,experiments/binary_results/binary_20260719_044949_c6c955a30fc2/test_predictions.csv,f0578c61cfb8f0bbef7c58d8ab338b9d31850912e618d5abe81846aa15e5c298,Figure 4
Fig5,IDH_ROC,IDH,Source MLP,roc_curve,0.9299655568312285,0.9905831533477322,,,,2024,binary_20260719_044949_c6c955a30fc2,binary_20260719_044949_c6c955a30fc2,experiments/binary_results/binary_20260719_044949_c6c955a30fc2/test_predictions.csv,f0578c61cfb8f0bbef7c58d8ab338b9d31850912e618d5abe81846aa15e5c298,Figure 4
Fig5,IDH_ROC,IDH,Source MLP,roc_curve,0.9460390355912744,0.992829373650108,,,,2024,binary_20260719_044949_c6c955a30fc2,binary_20260719_044949_c6c955a30fc2,experiments/binary_results/binary_20260719_044949_c6c955a30fc2/test_predictions.csv,f0578c61cfb8f0bbef7c58d8ab338b9d31850912e618d5abe81846aa15e5c298,Figure 4
Fig5,IDH_ROC,IDH,Source MLP,roc_curve,0.9641900388169045,0.9951619870410368,,,,2024,binary_20260719_044949_c6c955a30fc2,binary_20260719_044949_c6c955a30fc2,experiments/binary_results/binary_20260719_044949_c6c955a30fc2/test_predictions.csv,f0578c61cfb8f0bbef7c58d8ab338b9d31850912e618d5abe81846aa15e5c298,Figure 4
Fig5,IDH_ROC,IDH,Source MLP,roc_curve,0.9821770269531463,0.9976673866090712,,,,2024,binary_20260719_044949_c6c955a30fc2,binary_20260719_044949_c6c955a30fc2,experiments/binary_results/binary_20260719_044949_c6c955a30fc2/test_predictions.csv,f0578c61cfb8f0bbef7c58d8ab338b9d31850912e618d5abe81846aa15e5c298,Figure 4
Fig5,IDH_ROC,IDH,Source MLP,roc_curve,1.0,1.0,,,,2024,binary_20260719_044949_c6c955a30fc2,binary_20260719_044949_c6c955a30fc2,experiments/binary_results/binary_20260719_044949_c6c955a30fc2/test_predictions.csv,f0578c61cfb8f0bbef7c58d8ab338b9d31850912e618d5abe81846aa15e5c298,Figure 4
Fig5,IDH_PR,IDH,Source MLP,precision_recall_curve,1.0,0.3875644545637179,,,,2024,binary_20260719_044949_c6c955a30fc2,binary_20260719_044949_c6c955a30fc2,experiments/binary_results/binary_20260719_044949_c6c955a30fc2/test_predictions.csv,f0578c61cfb8f0bbef7c58d8ab338b9d31850912e618d5abe81846aa15e5c298,Figure 4
Fig5,IDH_PR,IDH,Source MLP,precision_recall_curve,0.9991360691144708,0.3891711814786149,,,,2024,binary_20260719_044949_c6c955a30fc2,binary_20260719_044949_c6c955a30fc2,experiments/binary_results/binary_20260719_044949_c6c955a30fc2/test_predictions.csv,f0578c61cfb8f0bbef7c58d8ab338b9d31850912e618d5abe81846aa15e5c298,Figure 4
Fig5,IDH_PR,IDH,Source MLP,precision_recall_curve,0.9980993520518359,0.390726461038961,,,,2024,binary_20260719_044949_c6c955a30fc2,binary_20260719_044949_c6c955a30fc2,experiments/binary_results/binary_20260719_044949_c6c955a30fc2/test_predictions.csv,f0578c61cfb8f0bbef7c58d8ab338b9d31850912e618d5abe81846aa15e5c298,Figure 4
Fig5,IDH_PR,IDH,Source MLP,precision_recall_curve,0.9968898488120951,0.3922295115401611,,,,2024,binary_20260719_044949_c6c955a30fc2,binary_20260719_044949_c6c955a30fc2,experiments/binary_results/binary_20260719_044949_c6c955a30fc2/test_predictions.csv,f0578c61cfb8f0bbef7c58d8ab338b9d31850912e618d5abe81846aa15e5c298,Figure 4
Fig5,IDH_PR,IDH,Source MLP,precision_recall_curve,0.9961123110151188,0.3939186880765288,,,,2024,binary_20260719_044949_c6c955a30fc2,binary_20260719_044949_c6c955a30fc2,experiments/binary_results/binary_20260719_044949_c6c955a30fc2/test_predictions.csv,f0578c61cfb8f0bbef7c58d8ab338b9d31850912e618d5abe81846aa15e5c298,Figure 4
Fig5,IDH_PR,IDH,Source MLP,precision_recall_curve,0.994816414686825,0.3954191133546238,,,,2024,binary_20260719_044949_c6c955a30fc2,binary_20260719_044949_c6c955a30fc2,experiments/binary_results/binary_20260719_044949_c6c955a30fc2/test_predictions.csv,f0578c61cfb8f0bbef7c58d8ab338b9d31850912e618d5abe81846aa15e5c298,Figure 4
Fig5,IDH_PR,IDH,Source MLP,precision_recall_curve,0.9935205183585313,0.3969349716968107,,,,2024,binary_20260719_044949_c6c955a30fc2,binary_20260719_044949_c6c955a30fc2,experiments/binary_results/binary_20260719_044949_c6c955a30fc2/test_predictions.csv,f0578c61cfb8f0bbef7c58d8ab338b9d31850912e618d5abe81846aa15e5c298,Figure 4
Fig5,IDH_PR,IDH,Source MLP,precision_recall_curve,0.9929157667386609,0.398744058564341,,,,2024,binary_20260719_044949_c6c955a30fc2,binary_20260719_044949_c6c955a30fc2,experiments/binary_results/binary_20260719_044949_c6c955a30fc2/test_predictions.csv,f0578c61cfb8f0bbef7c58d8ab338b9d31850912e618d5abe81846aa15e5c298,Figure 4
Fig5,IDH_PR,IDH,Source MLP,precision_recall_curve,0.9917062634989201,0.4003278231150171,,,,2024,binary_20260719_044949_c6c955a30fc2,binary_20260719_044949_c6c955a30fc2,experiments/binary_results/binary_20260719_044949_c6c955a30fc2/test_predictions.csv,f0578c61cfb8f0bbef7c58d8ab338b9d31850912e618d5abe81846aa15e5c298,Figure 4
Fig5,IDH_PR,IDH,Source MLP,precision_recall_curve,0.9911015118790497,0.4021876314682372,,,,2024,binary_20260719_044949_c6c955a30fc2,binary_20260719_044949_c6c955a30fc2,experiments/binary_results/binary_20260719_044949_c6c955a30fc2/test_predictions.csv,f0578c61cfb8f0bbef7c58d8ab338b9d31850912e618d5abe81846aa15e5c298,Figure 4
Fig5,IDH_PR,IDH,Source MLP,precision_recall_curve,0.9894600431965442,0.4036441812927328,,,,2024,binary_20260719_044949_c6c955a30fc2,binary_20260719_044949_c6c955a30fc2,experiments/binary_results/binary_20260719_044949_c6c955a30fc2/test_predictions.csv,f0578c61cfb8f0bbef7c58d8ab338b9d31850912e618d5abe81846aa15e5c298,Figure 4
Fig5,IDH_PR,IDH,Source MLP,precision_recall_curve,0.988682505399568,0.4054561558901683,,,,2024,binary_20260719_044949_c6c955a30fc2,binary_20260719_044949_c6c955a30fc2,experiments/binary_results/binary_20260719_044949_c6c955a30fc2/test_predictions.csv,f0578c61cfb8f0bbef7c58d8ab338b9d31850912e618d5abe81846aa15e5c298,Figure 4
Fig5,IDH_PR,IDH,Source MLP,precision_recall_curve,0.9873002159827213,0.4070380396067816,,,,2024,binary_20260719_044949_c6c955a30fc2,binary_20260719_044949_c6c955a30fc2,experiments/binary_results/binary_20260719_044949_c6c955a30fc2/test_predictions.csv,f0578c61cfb8f0bbef7c58d8ab338b9d31850912e618d5abe81846aa15e5c298,Figure 4
Fig5,IDH_PR,IDH,Source MLP,precision_recall_curve,0.9857451403887689,0.4085944494180841,,,,2024,binary_20260719_044949_c6c955a30fc2,binary_20260719_044949_c6c955a30fc2,experiments/binary_results/binary_20260719_044949_c6c955a30fc2/test_predictions.csv,f0578c61cfb8f0bbef7c58d8ab338b9d31850912e618d5abe81846aa15e5c298,Figure 4
Fig5,IDH_PR,IDH,Source MLP,precision_recall_curve,0.984708423326134,0.4103690369036903,,,,2024,binary_20260719_044949_c6c955a30fc2,binary_20260719_044949_c6c955a30fc2,experiments/binary_results/binary_20260719_044949_c6c955a30fc2/test_predictions.csv,f0578c61cfb8f0bbef7c58d8ab338b9d31850912e618d5abe81846aa15e5c298,Figure 4
Fig5,IDH_PR,IDH,Source MLP,precision_recall_curve,0.9834125269978402,0.4120393831897488,,,,2024,binary_20260719_044949_c6c955a30fc2,binary_20260719_044949_c6c955a30fc2,experiments/binary_results/binary_20260719_044949_c6c955a30fc2/test_predictions.csv,f0578c61cfb8f0bbef7c58d8ab338b9d31850912e618d5abe81846aa15e5c298,Figure 4
Fig5,IDH_PR,IDH,Source MLP,precision_recall_curve,0.9814254859611231,0.4134517397001019,,,,2024,binary_20260719_044949_c6c955a30fc2,binary_20260719_044949_c6c955a30fc2,experiments/binary_results/binary_20260719_044949_c6c955a30fc2/test_predictions.csv,f0578c61cfb8f0bbef7c58d8ab338b9d31850912e618d5abe81846aa15e5c298,Figure 4
Fig5,IDH_PR,IDH,Source MLP,precision_recall_curve,0.9800431965442764,0.4151357681329137,,,,2024,binary_20260719_044949_c6c955a30fc2,binary_20260719_044949_c6c955a30fc2,experiments/binary_results/binary_20260719_044949_c6c955a30fc2/test_predictions.csv,f0578c61cfb8f0bbef7c58d8ab338b9d31850912e618d5abe81846aa15e5c298,Figure 4
Fig5,IDH_PR,IDH,Source MLP,precision_recall_curve,0.9790064794816414,0.4170009199632015,,,,2024,binary_20260719_044949_c6c955a30fc2,binary_20260719_044949_c6c955a30fc2,experiments/binary_results/binary_20260719_044949_c6c955a30fc2/test_predictions.csv,f0578c61cfb8f0bbef7c58d8ab338b9d31850912e618d5abe81846aa15e5c298,Figure 4
Fig5,IDH_PR,IDH,Source MLP,precision_recall_curve,0.9768466522678185,0.4184058614564831,,,,2024,binary_20260719_044949_c6c955a30fc2,binary_20260719_044949_c6c955a30fc2,experiments/binary_results/binary_20260719_044949_c6c955a30fc2/test_predictions.csv,f0578c61cfb8f0bbef7c58d8ab338b9d31850912e618d5abe81846aa15e5c298,Figure 4
Fig5,IDH_PR,IDH,Source MLP,precision_recall_curve,0.9752915766738661,0.4200558139534884,,,,2024,binary_20260719_044949_c6c955a30fc2,binary_20260719_044949_c6c955a30fc2,experiments/binary_results/binary_20260719_044949_c6c955a30fc2/test_predictions.csv,f0578c61cfb8f0bbef7c58d8ab338b9d31850912e618d5abe81846aa15e5c298,Figure 4
Fig5,IDH_PR,IDH,Source MLP,precision_recall_curve,0.9731317494600432,0.4214622465015341,,,,2024,binary_20260719_044949_c6c955a30fc2,binary_20260719_044949_c6c955a30fc2,experiments/binary_results/binary_20260719_044949_c6c955a30fc2/test_predictions.csv,f0578c61cfb8f0bbef7c58d8ab338b9d31850912e618d5abe81846aa15e5c298,Figure 4
Fig5,IDH_PR,IDH,Source MLP,precision_recall_curve,0.9714038876889849,0.4231203431925943,,,,2024,binary_20260719_044949_c6c955a30fc2,binary_20260719_044949_c6c955a30fc2,experiments/binary_results/binary_20260719_044949_c6c955a30fc2/test_predictions.csv,f0578c61cfb8f0bbef7c58d8ab338b9d31850912e618d5abe81846aa15e5c298,Figure 4
Fig5,IDH_PR,IDH,Source MLP,precision_recall_curve,0.9688984881209504,0.4244408280664573,,,,2024,binary_20260719_044949_c6c955a30fc2,binary_20260719_044949_c6c955a30fc2,experiments/binary_results/binary_20260719_044949_c6c955a30fc2/test_predictions.csv,f0578c61cfb8f0bbef7c58d8ab338b9d31850912e618d5abe81846aa15e5c298,Figure 4
Fig5,IDH_PR,IDH,Source MLP,precision_recall_curve,0.9667386609071275,0.425944958319059,,,,2024,binary_20260719_044949_c6c955a30fc2,binary_20260719_044949_c6c955a30fc2,experiments/binary_results/binary_20260719_044949_c6c955a30fc2/test_predictions.csv,f0578c61cfb8f0bbef7c58d8ab338b9d31850912e618d5abe81846aa15e5c298,Figure 4
Fig5,IDH_PR,IDH,Source MLP,precision_recall_curve,0.9646652267818574,0.4274721488457563,,,,2024,binary_20260719_044949_c6c955a30fc2,binary_20260719_044949_c6c955a30fc2,experiments/binary_results/binary_20260719_044949_c6c955a30fc2/test_predictions.csv,f0578c61cfb8f0bbef7c58d8ab338b9d31850912e618d5abe81846aa15e5c298,Figure 4
Fig5,IDH_PR,IDH,Source MLP,precision_recall_curve,0.9622462203023758,0.4288464500231018,,,,2024,binary_20260719_044949_c6c955a30fc2,binary_20260719_044949_c6c955a30fc2,experiments/binary_results/binary_20260719_044949_c6c955a30fc2/test_predictions.csv,f0578c61cfb8f0bbef7c58d8ab338b9d31850912e618d5abe81846aa15e5c298,Figure 4
Fig5,IDH_PR,IDH,Source MLP,precision_recall_curve,0.9597408207343413,0.4302145457361939,,,,2024,binary_20260719_044949_c6c955a30fc2,binary_20260719_044949_c6c955a30fc2,experiments/binary_results/binary_20260719_044949_c6c955a30fc2/test_predictions.csv,f0578c61cfb8f0bbef7c58d8ab338b9d31850912e618d5abe81846aa15e5c298,Figure 4
Fig5,IDH_PR,IDH,Source MLP,precision_recall_curve,0.9573218142548596,0.43167121153097,,,,2024,binary_20260719_044949_c6c955a30fc2,binary_20260719_044949_c6c955a30fc2,experiments/binary_results/binary_20260719_044949_c6c955a30fc2/test_predictions.csv,f0578c61cfb8f0bbef7c58d8ab338b9d31850912e618d5abe81846aa15e5c298,Figure 4
Fig5,IDH_PR,IDH,Source MLP,precision_recall_curve,0.9549892008639309,0.4331334979036871,,,,2024,binary_20260719_044949_c6c955a30fc2,binary_20260719_044949_c6c955a30fc2,experiments/binary_results/binary_20260719_044949_c6c955a30fc2/test_predictions.csv,f0578c61cfb8f0bbef7c58d8ab338b9d31850912e618d5abe81846aa15e5c298,Figure 4
Fig5,IDH_PR,IDH,Source MLP,precision_recall_curve,0.9530021598272138,0.4347877497930708,,,,2024,binary_20260719_044949_c6c955a30fc2,binary_20260719_044949_c6c955a30fc2,experiments/binary_results/binary_20260719_044949_c6c955a30fc2/test_predictions.csv,f0578c61cfb8f0bbef7c58d8ab338b9d31850912e618d5abe81846aa15e5c298,Figure 4
Fig5,IDH_PR,IDH,Source MLP,precision_recall_curve,0.9502375809935205,0.4360875426215209,,,,2024,binary_20260719_044949_c6c955a30fc2,binary_20260719_044949_c6c955a30fc2,experiments/binary_results/binary_20260719_044949_c6c955a30fc2/test_predictions.csv,f0578c61cfb8f0bbef7c58d8ab338b9d31850912e618d5abe81846aa15e5c298,Figure 4
Fig5,IDH_PR,IDH,Source MLP,precision_recall_curve,0.947645788336933,0.4374825509512224,,,,2024,binary_20260719_044949_c6c955a30fc2,binary_20260719_044949_c6c955a30fc2,experiments/binary_results/binary_20260719_044949_c6c955a30fc2/test_predictions.csv,f0578c61cfb8f0bbef7c58d8ab338b9d31850912e618d5abe81846aa15e5c298,Figure 4
Fig5,IDH_PR,IDH,Source MLP,precision_recall_curve,0.9453131749460043,0.439014604397368,,,,2024,binary_20260719_044949_c6c955a30fc2,binary_20260719_044949_c6c955a30fc2,experiments/binary_results/binary_20260719_044949_c6c955a30fc2/test_predictions.csv,f0578c61cfb8f0bbef7c58d8ab338b9d31850912e618d5abe81846aa15e5c298,Figure 4
Fig5,IDH_PR,IDH,Source MLP,precision_recall_curve,0.9429805615550756,0.4405828691369984,,,,2024,binary_20260719_044949_c6c955a30fc2,binary_20260719_044949_c6c955a30fc2,experiments/binary_results/binary_20260719_044949_c6c955a30fc2/test_predictions.csv,f0578c61cfb8f0bbef7c58d8ab338b9d31850912e618d5abe81846aa15e5c298,Figure 4
Fig5,IDH_PR,IDH,Source MLP,precision_recall_curve,0.9404751619870411,0.4421069731551801,,,,2024,binary_20260719_044949_c6c955a30fc2,binary_20260719_044949_c6c955a30fc2,experiments/binary_results/binary_20260719_044949_c6c955a30fc2/test_predictions.csv,f0578c61cfb8f0bbef7c58d8ab338b9d31850912e618d5abe81846aa15e5c298,Figure 4
Fig5,IDH_PR,IDH,Source MLP,precision_recall_curve,0.9381425485961123,0.443713480161811,,,,2024,binary_20260719_044949_c6c955a30fc2,binary_20260719_044949_c6c955a30fc2,experiments/binary_results/binary_20260719_044949_c6c955a30fc2/test_predictions.csv,f0578c61cfb8f0bbef7c58d8ab338b9d31850912e618d5abe81846aa15e5c298,Figure 4
Fig5,IDH_PR,IDH,Source MLP,precision_recall_curve,0.9352915766738661,0.4451114217580791,,,,2024,binary_20260719_044949_c6c955a30fc2,binary_20260719_044949_c6c955a30fc2,experiments/binary_results/binary_20260719_044949_c6c955a30fc2/test_predictions.csv,f0578c61cfb8f0bbef7c58d8ab338b9d31850912e618d5abe81846aa15e5c298,Figure 4
Fig5,IDH_PR,IDH,Source MLP,precision_recall_curve,0.9326997840172786,0.4466324673175575,,,,2024,binary_20260719_044949_c6c955a30fc2,binary_20260719_044949_c6c955a30fc2,experiments/binary_results/binary_20260719_044949_c6c955a30fc2/test_predictions.csv,f0578c61cfb8f0bbef7c58d8ab338b9d31850912e618d5abe81846aa15e5c298,Figure 4
Fig5,IDH_PR,IDH,Source MLP,precision_recall_curve,0.9297624190064795,0.4480246451022022,,,,2024,binary_20260719_044949_c6c955a30fc2,binary_20260719_044949_c6c955a30fc2,experiments/binary_results/binary_20260719_044949_c6c955a30fc2/test_predictions.csv,f0578c61cfb8f0bbef7c58d8ab338b9d31850912e618d5abe81846aa15e5c298,Figure 4
Fig5,IDH_PR,IDH,Source MLP,precision_recall_curve,0.9266522678185745,0.4493130026809651,,,,2024,binary_20260719_044949_c6c955a30fc2,binary_20260719_044949_c6c955a30fc2,experiments/binary_results/binary_20260719_044949_c6c955a30fc2/test_predictions.csv,f0578c61cfb8f0bbef7c58d8ab338b9d31850912e618d5abe81846aa15e5c298,Figure 4
Fig5,IDH_PR,IDH,Source MLP,precision_recall_curve,0.9242332613390929,0.4509547696328457,,,,2024,binary_20260719_044949_c6c955a30fc2,binary_20260719_044949_c6c955a30fc2,experiments/binary_results/binary_20260719_044949_c6c955a30fc2/test_predictions.csv,f0578c61cfb8f0bbef7c58d8ab338b9d31850912e618d5abe81846aa15e5c298,Figure 4
Fig5,IDH_PR,IDH,Source MLP,precision_recall_curve,0.9223326133909288,0.4528910193865863,,,,2024,binary_20260719_044949_c6c955a30fc2,binary_20260719_044949_c6c955a30fc2,experiments/binary_results/binary_20260719_044949_c6c955a30fc2/test_predictions.csv,f0578c61cfb8f0bbef7c58d8ab338b9d31850912e618d5abe81846aa15e5c298,Figure 4
Fig5,IDH_PR,IDH,Source MLP,precision_recall_curve,0.918963282937365,0.4541650655394731,,,,2024,binary_20260719_044949_c6c955a30fc2,binary_20260719_044949_c6c955a30fc2,experiments/binary_results/binary_20260719_044949_c6c955a30fc2/test_predictions.csv,f0578c61cfb8f0bbef7c58d8ab338b9d31850912e618d5abe81846aa15e5c298,Figure 4
Fig5,IDH_PR,IDH,Source MLP,precision_recall_curve,0.9163714902807776,0.4558229480017189,,,,2024,binary_20260719_044949_c6c955a30fc2,binary_20260719_044949_c6c955a30fc2,experiments/binary_results/binary_20260719_044949_c6c955a30fc2/test_predictions.csv,f0578c61cfb8f0bbef7c58d8ab338b9d31850912e618d5abe81846aa15e5c298,Figure 4
Fig5,IDH_PR,IDH,Source MLP,precision_recall_curve,0.9141252699784017,0.457635915401583,,,,2024,binary_20260719_044949_c6c955a30fc2,binary_20260719_044949_c6c955a30fc2,experiments/binary_results/binary_20260719_044949_c6c955a30fc2/test_predictions.csv,f0578c61cfb8f0bbef7c58d8ab338b9d31850912e618d5abe81846aa15e5c298,Figure 4
Fig5,IDH_PR,IDH,Source MLP,precision_recall_curve,0.9111015118790496,0.4596608987490738,,,,2024,binary_20260719_044949_c6c955a30fc2,binary_20260719_044949_c6c955a30fc2,experiments/binary_results/binary_20260719_044949_c6c955a30fc2/test_predictions.csv,f0578c61cfb8f0bbef7c58d8ab338b9d31850912e618d5abe81846aa15e5c298,Figure 4
Fig5,IDH_PR,IDH,Source MLP,precision_recall_curve,0.9081641468682505,0.4612144612144612,,,,2024,binary_20260719_044949_c6c955a30fc2,binary_20260719_044949_c6c955a30fc2,experiments/binary_results/binary_20260719_044949_c6c955a30fc2/test_predictions.csv,f0578c61cfb8f0bbef7c58d8ab338b9d31850912e618d5abe81846aa15e5c298,Figure 4
Fig5,IDH_PR,IDH,Source MLP,precision_recall_curve,0.905658747300216,0.4629686878947135,,,,2024,binary_20260719_044949_c6c955a30fc2,binary_20260719_044949_c6c955a30fc2,experiments/binary_results/binary_20260719_044949_c6c955a30fc2/test_predictions.csv,f0578c61cfb8f0bbef7c58d8ab338b9d31850912e618d5abe81846aa15e5c298,Figure 4
Fig5,IDH_PR,IDH,Source MLP,precision_recall_curve,0.9031533477321815,0.4648081454804144,,,,2024,binary_20260719_044949_c6c955a30fc2,binary_20260719_044949_c6c955a30fc2,experiments/binary_results/binary_20260719_044949_c6c955a30fc2/test_predictions.csv,f0578c61cfb8f0bbef7c58d8ab338b9d31850912e618d5abe81846aa15e5c298,Figure 4
Fig5,IDH_PR,IDH,Source MLP,precision_recall_curve,0.8996112311015119,0.4661145926589078,,,,2024,binary_20260719_044949_c6c955a30fc2,binary_20260719_044949_c6c955a30fc2,experiments/binary_results/binary_20260719_044949_c6c955a30fc2/test_predictions.csv,f0578c61cfb8f0bbef7c58d8ab338b9d31850912e618d5abe81846aa15e5c298,Figure 4
Fig5,IDH_PR,IDH,Source MLP,precision_recall_curve,0.8971058315334773,0.4679374521202289,,,,2024,binary_20260719_044949_c6c955a30fc2,binary_20260719_044949_c6c955a30fc2,experiments/binary_results/binary_20260719_044949_c6c955a30fc2/test_predictions.csv,f0578c61cfb8f0bbef7c58d8ab338b9d31850912e618d5abe81846aa15e5c298,Figure 4
Fig5,IDH_PR,IDH,Source MLP,precision_recall_curve,0.8939956803455723,0.4695099818511796,,,,2024,binary_20260719_044949_c6c955a30fc2,binary_20260719_044949_c6c955a30fc2,experiments/binary_results/binary_20260719_044949_c6c955a30fc2/test_predictions.csv,f0578c61cfb8f0bbef7c58d8ab338b9d31850912e618d5abe81846aa15e5c298,Figure 4
Fig5,IDH_PR,IDH,Source MLP,precision_recall_curve,0.8914038876889849,0.471378317876559,,,,2024,binary_20260719_044949_c6c955a30fc2,binary_20260719_044949_c6c955a30fc2,experiments/binary_results/binary_20260719_044949_c6c955a30fc2/test_predictions.csv,f0578c61cfb8f0bbef7c58d8ab338b9d31850912e618d5abe81846aa15e5c298,Figure 4
Fig5,IDH_PR,IDH,Source MLP,precision_recall_curve,0.8890712742980561,0.4733670653173873,,,,2024,binary_20260719_044949_c6c955a30fc2,binary_20260719_044949_c6c955a30fc2,experiments/binary_results/binary_20260719_044949_c6c955a30fc2/test_predictions.csv,f0578c61cfb8f0bbef7c58d8ab338b9d31850912e618d5abe81846aa15e5c298,Figure 4
Fig5,IDH_PR,IDH,Source MLP,precision_recall_curve,0.88622030237581,0.4751493816295336,,,,2024,binary_20260719_044949_c6c955a30fc2,binary_20260719_044949_c6c955a30fc2,experiments/binary_results/binary_20260719_044949_c6c955a30fc2/test_predictions.csv,f0578c61cfb8f0bbef7c58d8ab338b9d31850912e618d5abe81846aa15e5c298,Figure 4
Fig5,IDH_PR,IDH,Source MLP,precision_recall_curve,0.8834557235421167,0.4769589552238806,,,,2024,binary_20260719_044949_c6c955a30fc2,binary_20260719_044949_c6c955a30fc2,experiments/binary_results/binary_20260719_044949_c6c955a30fc2/test_predictions.csv,f0578c61cfb8f0bbef7c58d8ab338b9d31850912e618d5abe81846aa15e5c298,Figure 4
Fig5,IDH_PR,IDH,Source MLP,precision_recall_curve,0.8807775377969762,0.4788633161108501,,,,2024,binary_20260719_044949_c6c955a30fc2,binary_20260719_044949_c6c955a30fc2,experiments/binary_results/binary_20260719_044949_c6c955a30fc2/test_predictions.csv,f0578c61cfb8f0bbef7c58d8ab338b9d31850912e618d5abe81846aa15e5c298,Figure 4
Fig5,IDH_PR,IDH,Source MLP,precision_recall_curve,0.8781857451403887,0.4808647523534698,,,,2024,binary_20260719_044949_c6c955a30fc2,binary_20260719_044949_c6c955a30fc2,experiments/binary_results/binary_20260719_044949_c6c955a30fc2/test_predictions.csv,f0578c61cfb8f0bbef7c58d8ab338b9d31850912e618d5abe81846aa15e5c298,Figure 4
Fig5,IDH_PR,IDH,Source MLP,precision_recall_curve,0.875939524838013,0.4830625565772548,,,,2024,binary_20260719_044949_c6c955a30fc2,binary_20260719_044949_c6c955a30fc2,experiments/binary_results/binary_20260719_044949_c6c955a30fc2/test_predictions.csv,f0578c61cfb8f0bbef7c58d8ab338b9d31850912e618d5abe81846aa15e5c298,Figure 4
Fig5,IDH_PR,IDH,Source MLP,precision_recall_curve,0.8739524838012959,0.4854592571264037,,,,2024,binary_20260719_044949_c6c955a30fc2,binary_20260719_044949_c6c955a30fc2,experiments/binary_results/binary_20260719_044949_c6c955a30fc2/test_predictions.csv,f0578c61cfb8f0bbef7c58d8ab338b9d31850912e618d5abe81846aa15e5c298,Figure 4
Fig5,IDH_PR,IDH,Source MLP,precision_recall_curve,0.8717062634989201,0.487722351121423,,,,2024,binary_20260719_044949_c6c955a30fc2,binary_20260719_044949_c6c955a30fc2,experiments/binary_results/binary_20260719_044949_c6c955a30fc2/test_predictions.csv,f0578c61cfb8f0bbef7c58d8ab338b9d31850912e618d5abe81846aa15e5c298,Figure 4
Fig5,IDH_PR,IDH,Source MLP,precision_recall_curve,0.8684233261339093,0.4894580513220042,,,,2024,binary_20260719_044949_c6c955a30fc2,binary_20260719_044949_c6c955a30fc2,experiments/binary_results/binary_20260719_044949_c6c955a30fc2/test_predictions.csv,f0578c61cfb8f0bbef7c58d8ab338b9d31850912e618d5abe81846aa15e5c298,Figure 4
Fig5,IDH_PR,IDH,Source MLP,precision_recall_curve,0.8654859611231102,0.4914638932496075,,,,2024,binary_20260719_044949_c6c955a30fc2,binary_20260719_044949_c6c955a30fc2,experiments/binary_results/binary_20260719_044949_c6c955a30fc2/test_predictions.csv,f0578c61cfb8f0bbef7c58d8ab338b9d31850912e618d5abe81846aa15e5c298,Figure 4
Fig5,IDH_PR,IDH,Source MLP,precision_recall_curve,0.8634125269978402,0.4939699485962831,,,,2024,binary_20260719_044949_c6c955a30fc2,binary_20260719_044949_c6c955a30fc2,experiments/binary_results/binary_20260719_044949_c6c955a30fc2/test_predictions.csv,f0578c61cfb8f0bbef7c58d8ab338b9d31850912e618d5abe81846aa15e5c298,Figure 4
Fig5,IDH_PR,IDH,Source MLP,precision_recall_curve,0.8603887688984881,0.4959414371794233,,,,2024,binary_20260719_044949_c6c955a30fc2,binary_20260719_044949_c6c955a30fc2,experiments/binary_results/binary_20260719_044949_c6c955a30fc2/test_predictions.csv,f0578c61cfb8f0bbef7c58d8ab338b9d31850912e618d5abe81846aa15e5c298,Figure 4
Fig5,IDH_PR,IDH,Source MLP,precision_recall_curve,0.8581425485961123,0.4983443708609271,,,,2024,binary_20260719_044949_c6c955a30fc2,binary_20260719_044949_c6c955a30fc2,experiments/binary_results/binary_20260719_044949_c6c955a30fc2/test_predictions.csv,f0578c61cfb8f0bbef7c58d8ab338b9d31850912e618d5abe81846aa15e5c298,Figure 4
Fig5,IDH_PR,IDH,Source MLP,precision_recall_curve,0.8558099352051836,0.5007835802032253,,,,2024,binary_20260719_044949_c6c955a30fc2,binary_20260719_044949_c6c955a30fc2,experiments/binary_results/binary_20260719_044949_c6c955a30fc2/test_predictions.csv,f0578c61cfb8f0bbef7c58d8ab338b9d31850912e618d5abe81846aa15e5c298,Figure 4
Fig5,IDH_PR,IDH,Source MLP,precision_recall_curve,0.8536501079913607,0.5034134909313226,,,,2024,binary_20260719_044949_c6c955a30fc2,binary_20260719_044949_c6c955a30fc2,experiments/binary_results/binary_20260719_044949_c6c955a30fc2/test_predictions.csv,f0578c61cfb8f0bbef7c58d8ab338b9d31850912e618d5abe81846aa15e5c298,Figure 4
Fig5,IDH_PR,IDH,Source MLP,precision_recall_curve,0.8505399568034557,0.5054679878831442,,,,2024,binary_20260719_044949_c6c955a30fc2,binary_20260719_044949_c6c955a30fc2,experiments/binary_results/binary_20260719_044949_c6c955a30fc2/test_predictions.csv,f0578c61cfb8f0bbef7c58d8ab338b9d31850912e618d5abe81846aa15e5c298,Figure 4
Fig5,IDH_PR,IDH,Source MLP,precision_recall_curve,0.8488984881209504,0.5084342336748422,,,,2024,binary_20260719_044949_c6c955a30fc2,binary_20260719_044949_c6c955a30fc2,experiments/binary_results/binary_20260719_044949_c6c955a30fc2/test_predictions.csv,f0578c61cfb8f0bbef7c58d8ab338b9d31850912e618d5abe81846aa15e5c298,Figure 4
Fig5,IDH_PR,IDH,Source MLP,precision_recall_curve,0.8464794816414687,0.5109778357235985,,,,2024,binary_20260719_044949_c6c955a30fc2,binary_20260719_044949_c6c955a30fc2,experiments/binary_results/binary_20260719_044949_c6c955a30fc2/test_predictions.csv,f0578c61cfb8f0bbef7c58d8ab338b9d31850912e618d5abe81846aa15e5c298,Figure 4
Fig5,IDH_PR,IDH,Source MLP,precision_recall_curve,0.8434557235421166,0.5131668856767412,,,,2024,binary_20260719_044949_c6c955a30fc2,binary_20260719_044949_c6c955a30fc2,experiments/binary_results/binary_20260719_044949_c6c955a30fc2/test_predictions.csv,f0578c61cfb8f0bbef7c58d8ab338b9d31850912e618d5abe81846aa15e5c298,Figure 4
Fig5,IDH_PR,IDH,Source MLP,precision_recall_curve,0.8408639308855291,0.5157102739363111,,,,2024,binary_20260719_044949_c6c955a30fc2,binary_20260719_044949_c6c955a30fc2,experiments/binary_results/binary_20260719_044949_c6c955a30fc2/test_predictions.csv,f0578c61cfb8f0bbef7c58d8ab338b9d31850912e618d5abe81846aa15e5c298,Figure 4
Fig5,IDH_PR,IDH,Source MLP,precision_recall_curve,0.8380993520518358,0.5181051057466354,,,,2024,binary_20260719_044949_c6c955a30fc2,binary_20260719_044949_c6c955a30fc2,experiments/binary_results/binary_20260719_044949_c6c955a30fc2/test_predictions.csv,f0578c61cfb8f0bbef7c58d8ab338b9d31850912e618d5abe81846aa15e5c298,Figure 4
Fig5,IDH_PR,IDH,Source MLP,precision_recall_curve,0.8349892008639309,0.5203230148048452,,,,2024,binary_20260719_044949_c6c955a30fc2,binary_20260719_044949_c6c955a30fc2,experiments/binary_results/binary_20260719_044949_c6c955a30fc2/test_predictions.csv,f0578c61cfb8f0bbef7c58d8ab338b9d31850912e618d5abe81846aa15e5c298,Figure 4
Fig5,IDH_PR,IDH,Source MLP,precision_recall_curve,0.8318790496760259,0.522576793661131,,,,2024,binary_20260719_044949_c6c955a30fc2,binary_20260719_044949_c6c955a30fc2,experiments/binary_results/binary_20260719_044949_c6c955a30fc2/test_predictions.csv,f0578c61cfb8f0bbef7c58d8ab338b9d31850912e618d5abe81846aa15e5c298,Figure 4
Fig5,IDH_PR,IDH,Source MLP,precision_recall_curve,0.8292008639308855,0.525227098610047,,,,2024,binary_20260719_044949_c6c955a30fc2,binary_20260719_044949_c6c955a30fc2,experiments/binary_results/binary_20260719_044949_c6c955a30fc2/test_predictions.csv,f0578c61cfb8f0bbef7c58d8ab338b9d31850912e618d5abe81846aa15e5c298,Figure 4
Fig5,IDH_PR,IDH,Source MLP,precision_recall_curve,0.8264362850971922,0.5278375544887711,,,,2024,binary_20260719_044949_c6c955a30fc2,binary_20260719_044949_c6c955a30fc2,experiments/binary_results/binary_20260719_044949_c6c955a30fc2/test_predictions.csv,f0578c61cfb8f0bbef7c58d8ab338b9d31850912e618d5abe81846aa15e5c298,Figure 4
Fig5,IDH_PR,IDH,Source MLP,precision_recall_curve,0.8238444924406048,0.5306622148024486,,,,2024,binary_20260719_044949_c6c955a30fc2,binary_20260719_044949_c6c955a30fc2,experiments/binary_results/binary_20260719_044949_c6c955a30fc2/test_predictions.csv,f0578c61cfb8f0bbef7c58d8ab338b9d31850912e618d5abe81846aa15e5c298,Figure 4
Fig5,IDH_PR,IDH,Source MLP,precision_recall_curve,0.8210799136069115,0.5333931978897744,,,,2024,binary_20260719_044949_c6c955a30fc2,binary_20260719_044949_c6c955a30fc2,experiments/binary_results/binary_20260719_044949_c6c955a30fc2/test_predictions.csv,f0578c61cfb8f0bbef7c58d8ab338b9d31850912e618d5abe81846aa15e5c298,Figure 4
Fig5,IDH_PR,IDH,Source MLP,precision_recall_curve,0.819524838012959,0.5369028752546977,,,,2024,binary_20260719_044949_c6c955a30fc2,binary_20260719_044949_c6c955a30fc2,experiments/binary_results/binary_20260719_044949_c6c955a30fc2/test_predictions.csv,f0578c61cfb8f0bbef7c58d8ab338b9d31850912e618d5abe81846aa15e5c298,Figure 4
Fig5,IDH_PR,IDH,Source MLP,precision_recall_curve,0.8165010799136069,0.539502226281539,,,,2024,binary_20260719_044949_c6c955a30fc2,binary_20260719_044949_c6c955a30fc2,experiments/binary_results/binary_20260719_044949_c6c955a30fc2/test_predictions.csv,f0578c61cfb8f0bbef7c58d8ab338b9d31850912e618d5abe81846aa15e5c298,Figure 4
Fig5,IDH_PR,IDH,Source MLP,precision_recall_curve,0.8142548596112311,0.5427896797972818,,,,2024,binary_20260719_044949_c6c955a30fc2,binary_20260719_044949_c6c955a30fc2,experiments/binary_results/binary_20260719_044949_c6c955a30fc2/test_predictions.csv,f0578c61cfb8f0bbef7c58d8ab338b9d31850912e618d5abe81846aa15e5c298,Figure 4
Fig5,IDH_PR,IDH,Source MLP,precision_recall_curve,0.8115766738660907,0.5457186011386082,,,,2024,binary_20260719_044949_c6c955a30fc2,binary_20260719_044949_c6c955a30fc2,experiments/binary_results/binary_20260719_044949_c6c955a30fc2/test_predictions.csv,f0578c61cfb8f0bbef7c58d8ab338b9d31850912e618d5abe81846aa15e5c298,Figure 4
Fig5,IDH_PR,IDH,Source MLP,precision_recall_curve,0.8088984881209503,0.5487633337240652,,,,2024,binary_20260719_044949_c6c955a30fc2,binary_20260719_044949_c6c955a30fc2,experiments/binary_results/binary_20260719_044949_c6c955a30fc2/test_predictions.csv,f0578c61cfb8f0bbef7c58d8ab338b9d31850912e618d5abe81846aa15e5c298,Figure 4
Fig5,IDH_PR,IDH,Source MLP,precision_recall_curve,0.8063930885529158,0.5519157994323557,,,,2024,binary_20260719_044949_c6c955a30fc2,binary_20260719_044949_c6c955a30fc2,experiments/binary_results/binary_20260719_044949_c6c955a30fc2/test_predictions.csv,f0578c61cfb8f0bbef7c58d8ab338b9d31850912e618d5abe81846aa15e5c298,Figure 4
Fig5,IDH_PR,IDH,Source MLP,precision_recall_curve,0.8038012958963283,0.5551312649164678,,,,2024,binary_20260719_044949_c6c955a30fc2,binary_20260719_044949_c6c955a30fc2,experiments/binary_results/binary_20260719_044949_c6c955a30fc2/test_predictions.csv,f0578c61cfb8f0bbef7c58d8ab338b9d31850912e618d5abe81846aa15e5c298,Figure 4
Fig5,IDH_PR,IDH,Source MLP,precision_recall_curve,0.8007775377969762,0.5580373269114991,,,,2024,binary_20260719_044949_c6c955a30fc2,binary_20260719_044949_c6c955a30fc2,experiments/binary_results/binary_20260719_044949_c6c955a30fc2/test_predictions.csv,f0578c61cfb8f0bbef7c58d8ab338b9d31850912e618d5abe81846aa15e5c298,Figure 4
Fig5,IDH_PR,IDH,Source MLP,precision_recall_curve,0.7976673866090713,0.5609696822407194,,,,2024,binary_20260719_044949_c6c955a30fc2,binary_20260719_044949_c6c955a30fc2,experiments/binary_results/binary_20260719_044949_c6c955a30fc2/test_predictions.csv,f0578c61cfb8f0bbef7c58d8ab338b9d31850912e618d5abe81846aa15e5c298,Figure 4
Fig5,IDH_PR,IDH,Source MLP,precision_recall_curve,0.7949892008639309,0.5642283401802686,,,,2024,binary_20260719_044949_c6c955a30fc2,binary_20260719_044949_c6c955a30fc2,experiments/binary_results/binary_20260719_044949_c6c955a30fc2/test_predictions.csv,f0578c61cfb8f0bbef7c58d8ab338b9d31850912e618d5abe81846aa15e5c298,Figure 4
Fig5,IDH_PR,IDH,Source MLP,precision_recall_curve,0.7921382289416846,0.5675642216032188,,,,2024,binary_20260719_044949_c6c955a30fc2,binary_20260719_044949_c6c955a30fc2,experiments/binary_results/binary_20260719_044949_c6c955a30fc2/test_predictions.csv,f0578c61cfb8f0bbef7c58d8ab338b9d31850912e618d5abe81846aa15e5c298,Figure 4
Fig5,IDH_PR,IDH,Source MLP,precision_recall_curve,0.7892872570194385,0.5708216182442987,,,,2024,binary_20260719_044949_c6c955a30fc2,binary_20260719_044949_c6c955a30fc2,experiments/binary_results/binary_20260719_044949_c6c955a30fc2/test_predictions.csv,f0578c61cfb8f0bbef7c58d8ab338b9d31850912e618d5abe81846aa15e5c298,Figure 4
Fig5,IDH_PR,IDH,Source MLP,precision_recall_curve,0.7863498920086394,0.5740413723511605,,,,2024,binary_20260719_044949_c6c955a30fc2,binary_20260719_044949_c6c955a30fc2,experiments/binary_results/binary_20260719_044949_c6c955a30fc2/test_predictions.csv,f0578c61cfb8f0bbef7c58d8ab338b9d31850912e618d5abe81846aa15e5c298,Figure 4
Fig5,IDH_PR,IDH,Source MLP,precision_recall_curve,0.7834125269978401,0.5774325012735608,,,,2024,binary_20260719_044949_c6c955a30fc2,binary_20260719_044949_c6c955a30fc2,experiments/binary_results/binary_20260719_044949_c6c955a30fc2/test_predictions.csv,f0578c61cfb8f0bbef7c58d8ab338b9d31850912e618d5abe81846aa15e5c298,Figure 4
Fig5,IDH_PR,IDH,Source MLP,precision_recall_curve,0.7802159827213823,0.5806223479490806,,,,2024,binary_20260719_044949_c6c955a30fc2,binary_20260719_044949_c6c955a30fc2,experiments/binary_results/binary_20260719_044949_c6c955a30fc2/test_predictions.csv,f0578c61cfb8f0bbef7c58d8ab338b9d31850912e618d5abe81846aa15e5c298,Figure 4
Fig5,IDH_PR,IDH,Source MLP,precision_recall_curve,0.7765874730021598,0.5835497273435472,,,,2024,binary_20260719_044949_c6c955a30fc2,binary_20260719_044949_c6c955a30fc2,experiments/binary_results/binary_20260719_044949_c6c955a30fc2/test_predictions.csv,f0578c61cfb8f0bbef7c58d8ab338b9d31850912e618d5abe81846aa15e5c298,Figure 4
Fig5,IDH_PR,IDH,Source MLP,precision_recall_curve,0.7729589632829373,0.5865346794283467,,,,2024,binary_20260719_044949_c6c955a30fc2,binary_20260719_044949_c6c955a30fc2,experiments/binary_results/binary_20260719_044949_c6c955a30fc2/test_predictions.csv,f0578c61cfb8f0bbef7c58d8ab338b9d31850912e618d5abe81846aa15e5c298,Figure 4
Fig5,IDH_PR,IDH,Source MLP,precision_recall_curve,0.7695032397408207,0.5897503807190624,,,,2024,binary_20260719_044949_c6c955a30fc2,binary_20260719_044949_c6c955a30fc2,experiments/binary_results/binary_20260719_044949_c6c955a30fc2/test_predictions.csv,f0578c61cfb8f0bbef7c58d8ab338b9d31850912e618d5abe81846aa15e5c298,Figure 4
Fig5,IDH_PR,IDH,Source MLP,precision_recall_curve,0.7663930885529158,0.5932588778171605,,,,2024,binary_20260719_044949_c6c955a30fc2,binary_20260719_044949_c6c955a30fc2,experiments/binary_results/binary_20260719_044949_c6c955a30fc2/test_predictions.csv,f0578c61cfb8f0bbef7c58d8ab338b9d31850912e618d5abe81846aa15e5c298,Figure 4
Fig5,IDH_PR,IDH,Source MLP,precision_recall_curve,0.764060475161987,0.5975271941085062,,,,2024,binary_20260719_044949_c6c955a30fc2,binary_20260719_044949_c6c955a30fc2,experiments/binary_results/binary_20260719_044949_c6c955a30fc2/test_predictions.csv,f0578c61cfb8f0bbef7c58d8ab338b9d31850912e618d5abe81846aa15e5c298,Figure 4
Fig5,IDH_PR,IDH,Source MLP,precision_recall_curve,0.7612095032397408,0.6013923964234523,,,,2024,binary_20260719_044949_c6c955a30fc2,binary_20260719_044949_c6c955a30fc2,experiments/binary_results/binary_20260719_044949_c6c955a30fc2/test_predictions.csv,f0578c61cfb8f0bbef7c58d8ab338b9d31850912e618d5abe81846aa15e5c298,Figure 4
Fig5,IDH_PR,IDH,Source MLP,precision_recall_curve,0.7580129589632829,0.6050199972417598,,,,2024,binary_20260719_044949_c6c955a30fc2,binary_20260719_044949_c6c955a30fc2,experiments/binary_results/binary_20260719_044949_c6c955a30fc2/test_predictions.csv,f0578c61cfb8f0bbef7c58d8ab338b9d31850912e618d5abe81846aa15e5c298,Figure 4
Fig5,IDH_PR,IDH,Source MLP,precision_recall_curve,0.7544708423326134,0.6084442276875914,,,,2024,binary_20260719_044949_c6c955a30fc2,binary_20260719_044949_c6c955a30fc2,experiments/binary_results/binary_20260719_044949_c6c955a30fc2/test_predictions.csv,f0578c61cfb8f0bbef7c58d8ab338b9d31850912e618d5abe81846aa15e5c298,Figure 4
Fig5,IDH_PR,IDH,Source MLP,precision_recall_curve,0.7515334773218143,0.6124762374146308,,,,2024,binary_20260719_044949_c6c955a30fc2,binary_20260719_044949_c6c955a30fc2,experiments/binary_results/binary_20260719_044949_c6c955a30fc2/test_predictions.csv,f0578c61cfb8f0bbef7c58d8ab338b9d31850912e618d5abe81846aa15e5c298,Figure 4
Fig5,IDH_PR,IDH,Source MLP,precision_recall_curve,0.7480777537796977,0.6161673663986338,,,,2024,binary_20260719_044949_c6c955a30fc2,binary_20260719_044949_c6c955a30fc2,experiments/binary_results/binary_20260719_044949_c6c955a30fc2/test_predictions.csv,f0578c61cfb8f0bbef7c58d8ab338b9d31850912e618d5abe81846aa15e5c298,Figure 4
Fig5,IDH_PR,IDH,Source MLP,precision_recall_curve,0.7441036717062635,0.6194620253164557,,,,2024,binary_20260719_044949_c6c955a30fc2,binary_20260719_044949_c6c955a30fc2,experiments/binary_results/binary_20260719_044949_c6c955a30fc2/test_predictions.csv,f0578c61cfb8f0bbef7c58d8ab338b9d31850912e618d5abe81846aa15e5c298,Figure 4
Fig5,IDH_PR,IDH,Source MLP,precision_recall_curve,0.7409071274298056,0.6235730386097579,,,,2024,binary_20260719_044949_c6c955a30fc2,binary_20260719_044949_c6c955a30fc2,experiments/binary_results/binary_20260719_044949_c6c955a30fc2/test_predictions.csv,f0578c61cfb8f0bbef7c58d8ab338b9d31850912e618d5abe81846aa15e5c298,Figure 4
Fig5,IDH_PR,IDH,Source MLP,precision_recall_curve,0.7365874730021599,0.6268195853550949,,,,2024,binary_20260719_044949_c6c955a30fc2,binary_20260719_044949_c6c955a30fc2,experiments/binary_results/binary_20260719_044949_c6c955a30fc2/test_predictions.csv,f0578c61cfb8f0bbef7c58d8ab338b9d31850912e618d5abe81846aa15e5c298,Figure 4
Fig5,IDH_PR,IDH,Source MLP,precision_recall_curve,0.7326133909287257,0.6305301509405904,,,,2024,binary_20260719_044949_c6c955a30fc2,binary_20260719_044949_c6c955a30fc2,experiments/binary_results/binary_20260719_044949_c6c955a30fc2/test_predictions.csv,f0578c61cfb8f0bbef7c58d8ab338b9d31850912e618d5abe81846aa15e5c298,Figure 4
Fig5,IDH_PR,IDH,Source MLP,precision_recall_curve,0.7296760259179266,0.6350375939849624,,,,2024,binary_20260719_044949_c6c955a30fc2,binary_20260719_044949_c6c955a30fc2,experiments/binary_results/binary_20260719_044949_c6c955a30fc2/test_predictions.csv,f0578c61cfb8f0bbef7c58d8ab338b9d31850912e618d5abe81846aa15e5c298,Figure 4
Fig5,IDH_PR,IDH,Source MLP,precision_recall_curve,0.7253563714902808,0.6384305376017033,,,,2024,binary_20260719_044949_c6c955a30fc2,binary_20260719_044949_c6c955a30fc2,experiments/binary_results/binary_20260719_044949_c6c955a30fc2/test_predictions.csv,f0578c61cfb8f0bbef7c58d8ab338b9d31850912e618d5abe81846aa15e5c298,Figure 4
Fig5,IDH_PR,IDH,Source MLP,precision_recall_curve,0.7208639308855291,0.6417474234733118,,,,2024,binary_20260719_044949_c6c955a30fc2,binary_20260719_044949_c6c955a30fc2,experiments/binary_results/binary_20260719_044949_c6c955a30fc2/test_predictions.csv,f0578c61cfb8f0bbef7c58d8ab338b9d31850912e618d5abe81846aa15e5c298,Figure 4
Fig5,IDH_PR,IDH,Source MLP,precision_recall_curve,0.7166306695464363,0.6453746207111181,,,,2024,binary_20260719_044949_c6c955a30fc2,binary_20260719_044949_c6c955a30fc2,experiments/binary_results/binary_20260719_044949_c6c955a30fc2/test_predictions.csv,f0578c61cfb8f0bbef7c58d8ab338b9d31850912e618d5abe81846aa15e5c298,Figure 4
Fig5,IDH_PR,IDH,Source MLP,precision_recall_curve,0.7130885529157668,0.6497677713925845,,,,2024,binary_20260719_044949_c6c955a30fc2,binary_20260719_044949_c6c955a30fc2,experiments/binary_results/binary_20260719_044949_c6c955a30fc2/test_predictions.csv,f0578c61cfb8f0bbef7c58d8ab338b9d31850912e618d5abe81846aa15e5c298,Figure 4
Fig5,IDH_PR,IDH,Source MLP,precision_recall_curve,0.7085097192224622,0.6532579257607137,,,,2024,binary_20260719_044949_c6c955a30fc2,binary_20260719_044949_c6c955a30fc2,experiments/binary_results/binary_20260719_044949_c6c955a30fc2/test_predictions.csv,f0578c61cfb8f0bbef7c58d8ab338b9d31850912e618d5abe81846aa15e5c298,Figure 4
Fig5,IDH_PR,IDH,Source MLP,precision_recall_curve,0.7040172786177106,0.6569654950016124,,,,2024,binary_20260719_044949_c6c955a30fc2,binary_20260719_044949_c6c955a30fc2,experiments/binary_results/binary_20260719_044949_c6c955a30fc2/test_predictions.csv,f0578c61cfb8f0bbef7c58d8ab338b9d31850912e618d5abe81846aa15e5c298,Figure 4
Fig5,IDH_PR,IDH,Source MLP,precision_recall_curve,0.6991792656587473,0.660545217107411,,,,2024,binary_20260719_044949_c6c955a30fc2,binary_20260719_044949_c6c955a30fc2,experiments/binary_results/binary_20260719_044949_c6c955a30fc2/test_predictions.csv,f0578c61cfb8f0bbef7c58d8ab338b9d31850912e618d5abe81846aa15e5c298,Figure 4
Fig5,IDH_PR,IDH,Source MLP,precision_recall_curve,0.6946004319654427,0.6643529995042142,,,,2024,binary_20260719_044949_c6c955a30fc2,binary_20260719_044949_c6c955a30fc2,experiments/binary_results/binary_20260719_044949_c6c955a30fc2/test_predictions.csv,f0578c61cfb8f0bbef7c58d8ab338b9d31850912e618d5abe81846aa15e5c298,Figure 4
Fig5,IDH_PR,IDH,Source MLP,precision_recall_curve,0.6890712742980561,0.6673360107095047,,,,2024,binary_20260719_044949_c6c955a30fc2,binary_20260719_044949_c6c955a30fc2,experiments/binary_results/binary_20260719_044949_c6c955a30fc2/test_predictions.csv,f0578c61cfb8f0bbef7c58d8ab338b9d31850912e618d5abe81846aa15e5c298,Figure 4
Fig5,IDH_PR,IDH,Source MLP,precision_recall_curve,0.6838012958963283,0.6707058723836963,,,,2024,binary_20260719_044949_c6c955a30fc2,binary_20260719_044949_c6c955a30fc2,experiments/binary_results/binary_20260719_044949_c6c955a30fc2/test_predictions.csv,f0578c61cfb8f0bbef7c58d8ab338b9d31850912e618d5abe81846aa15e5c298,Figure 4
Fig5,IDH_PR,IDH,Source MLP,precision_recall_curve,0.6786177105831533,0.674133196017851,,,,2024,binary_20260719_044949_c6c955a30fc2,binary_20260719_044949_c6c955a30fc2,experiments/binary_results/binary_20260719_044949_c6c955a30fc2/test_predictions.csv,f0578c61cfb8f0bbef7c58d8ab338b9d31850912e618d5abe81846aa15e5c298,Figure 4
Fig5,IDH_PR,IDH,Source MLP,precision_recall_curve,0.673866090712743,0.6781429316640585,,,,2024,binary_20260719_044949_c6c955a30fc2,binary_20260719_044949_c6c955a30fc2,experiments/binary_results/binary_20260719_044949_c6c955a30fc2/test_predictions.csv,f0578c61cfb8f0bbef7c58d8ab338b9d31850912e618d5abe81846aa15e5c298,Figure 4
Fig5,IDH_PR,IDH,Source MLP,precision_recall_curve,0.6678185745140389,0.680937279774489,,,,2024,binary_20260719_044949_c6c955a30fc2,binary_20260719_044949_c6c955a30fc2,experiments/binary_results/binary_20260719_044949_c6c955a30fc2/test_predictions.csv,f0578c61cfb8f0bbef7c58d8ab338b9d31850912e618d5abe81846aa15e5c298,Figure 4
Fig5,IDH_PR,IDH,Source MLP,precision_recall_curve,0.6627213822894168,0.6847273051861109,,,,2024,binary_20260719_044949_c6c955a30fc2,binary_20260719_044949_c6c955a30fc2,experiments/binary_results/binary_20260719_044949_c6c955a30fc2/test_predictions.csv,f0578c61cfb8f0bbef7c58d8ab338b9d31850912e618d5abe81846aa15e5c298,Figure 4
Fig5,IDH_PR,IDH,Source MLP,precision_recall_curve,0.6575377969762419,0.6885913326698634,,,,2024,binary_20260719_044949_c6c955a30fc2,binary_20260719_044949_c6c955a30fc2,experiments/binary_results/binary_20260719_044949_c6c955a30fc2/test_predictions.csv,f0578c61cfb8f0bbef7c58d8ab338b9d31850912e618d5abe81846aa15e5c298,Figure 4
Fig5,IDH_PR,IDH,Source MLP,precision_recall_curve,0.6517494600431966,0.6918561995597946,,,,2024,binary_20260719_044949_c6c955a30fc2,binary_20260719_044949_c6c955a30fc2,experiments/binary_results/binary_20260719_044949_c6c955a30fc2/test_predictions.csv,f0578c61cfb8f0bbef7c58d8ab338b9d31850912e618d5abe81846aa15e5c298,Figure 4
Fig5,IDH_PR,IDH,Source MLP,precision_recall_curve,0.6454427645788336,0.6947828512973124,,,,2024,binary_20260719_044949_c6c955a30fc2,binary_20260719_044949_c6c955a30fc2,experiments/binary_results/binary_20260719_044949_c6c955a30fc2/test_predictions.csv,f0578c61cfb8f0bbef7c58d8ab338b9d31850912e618d5abe81846aa15e5c298,Figure 4
Fig5,IDH_PR,IDH,Source MLP,precision_recall_curve,0.6398272138228942,0.6984156921916258,,,,2024,binary_20260719_044949_c6c955a30fc2,binary_20260719_044949_c6c955a30fc2,experiments/binary_results/binary_20260719_044949_c6c955a30fc2/test_predictions.csv,f0578c61cfb8f0bbef7c58d8ab338b9d31850912e618d5abe81846aa15e5c298,Figure 4
Fig5,IDH_PR,IDH,Source MLP,precision_recall_curve,0.6344708423326134,0.7025062177157069,,,,2024,binary_20260719_044949_c6c955a30fc2,binary_20260719_044949_c6c955a30fc2,experiments/binary_results/binary_20260719_044949_c6c955a30fc2/test_predictions.csv,f0578c61cfb8f0bbef7c58d8ab338b9d31850912e618d5abe81846aa15e5c298,Figure 4
Fig5,IDH_PR,IDH,Source MLP,precision_recall_curve,0.6285097192224622,0.7061050179559352,,,,2024,binary_20260719_044949_c6c955a30fc2,binary_20260719_044949_c6c955a30fc2,experiments/binary_results/binary_20260719_044949_c6c955a30fc2/test_predictions.csv,f0578c61cfb8f0bbef7c58d8ab338b9d31850912e618d5abe81846aa15e5c298,Figure 4
Fig5,IDH_PR,IDH,Source MLP,precision_recall_curve,0.6226349892008639,0.7097695489462281,,,,2024,binary_20260719_044949_c6c955a30fc2,binary_20260719_044949_c6c955a30fc2,experiments/binary_results/binary_20260719_044949_c6c955a30fc2/test_predictions.csv,f0578c61cfb8f0bbef7c58d8ab338b9d31850912e618d5abe81846aa15e5c298,Figure 4
Fig5,IDH_PR,IDH,Source MLP,precision_recall_curve,0.6166738660907127,0.7134432783608196,,,,2024,binary_20260719_044949_c6c955a30fc2,binary_20260719_044949_c6c955a30fc2,experiments/binary_results/binary_20260719_044949_c6c955a30fc2/test_predictions.csv,f0578c61cfb8f0bbef7c58d8ab338b9d31850912e618d5abe81846aa15e5c298,Figure 4
Fig5,IDH_PR,IDH,Source MLP,precision_recall_curve,0.6107991360691145,0.7174751370002029,,,,2024,binary_20260719_044949_c6c955a30fc2,binary_20260719_044949_c6c955a30fc2,experiments/binary_results/binary_20260719_044949_c6c955a30fc2/test_predictions.csv,f0578c61cfb8f0bbef7c58d8ab338b9d31850912e618d5abe81846aa15e5c298,Figure 4
Fig5,IDH_PR,IDH,Source MLP,precision_recall_curve,0.6050107991360691,0.721586810922205,,,,2024,binary_20260719_044949_c6c955a30fc2,binary_20260719_044949_c6c955a30fc2,experiments/binary_results/binary_20260719_044949_c6c955a30fc2/test_predictions.csv,f0578c61cfb8f0bbef7c58d8ab338b9d31850912e618d5abe81846aa15e5c298,Figure 4
Fig5,IDH_PR,IDH,Source MLP,precision_recall_curve,0.599049676025918,0.7256174131435748,,,,2024,binary_20260719_044949_c6c955a30fc2,binary_20260719_044949_c6c955a30fc2,experiments/binary_results/binary_20260719_044949_c6c955a30fc2/test_predictions.csv,f0578c61cfb8f0bbef7c58d8ab338b9d31850912e618d5abe81846aa15e5c298,Figure 4
Fig5,IDH_PR,IDH,Source MLP,precision_recall_curve,0.5926565874730022,0.7292441798660572,,,,2024,binary_20260719_044949_c6c955a30fc2,binary_20260719_044949_c6c955a30fc2,experiments/binary_results/binary_20260719_044949_c6c955a30fc2/test_predictions.csv,f0578c61cfb8f0bbef7c58d8ab338b9d31850912e618d5abe81846aa15e5c298,Figure 4
Fig5,IDH_PR,IDH,Source MLP,precision_recall_curve,0.5871274298056155,0.7340678332253187,,,,2024,binary_20260719_044949_c6c955a30fc2,binary_20260719_044949_c6c955a30fc2,experiments/binary_results/binary_20260719_044949_c6c955a30fc2/test_predictions.csv,f0578c61cfb8f0bbef7c58d8ab338b9d31850912e618d5abe81846aa15e5c298,Figure 4
Fig5,IDH_PR,IDH,Source MLP,precision_recall_curve,0.5798704103671706,0.7368536612141837,,,,2024,binary_20260719_044949_c6c955a30fc2,binary_20260719_044949_c6c955a30fc2,experiments/binary_results/binary_20260719_044949_c6c955a30fc2/test_predictions.csv,f0578c61cfb8f0bbef7c58d8ab338b9d31850912e618d5abe81846aa15e5c298,Figure 4
Fig5,IDH_PR,IDH,Source MLP,precision_recall_curve,0.5744276457883369,0.7420758928571428,,,,2024,binary_20260719_044949_c6c955a30fc2,binary_20260719_044949_c6c955a30fc2,experiments/binary_results/binary_20260719_044949_c6c955a30fc2/test_predictions.csv,f0578c61cfb8f0bbef7c58d8ab338b9d31850912e618d5abe81846aa15e5c298,Figure 4
Fig5,IDH_PR,IDH,Source MLP,precision_recall_curve,0.5683801295896328,0.7466802860061287,,,,2024,binary_20260719_044949_c6c955a30fc2,binary_20260719_044949_c6c955a30fc2,experiments/binary_results/binary_20260719_044949_c6c955a30fc2/test_predictions.csv,f0578c61cfb8f0bbef7c58d8ab338b9d31850912e618d5abe81846aa15e5c298,Figure 4
Fig5,IDH_PR,IDH,Source MLP,precision_recall_curve,0.5613822894168466,0.7501731701685523,,,,2024,binary_20260719_044949_c6c955a30fc2,binary_20260719_044949_c6c955a30fc2,experiments/binary_results/binary_20260719_044949_c6c955a30fc2/test_predictions.csv,f0578c61cfb8f0bbef7c58d8ab338b9d31850912e618d5abe81846aa15e5c298,Figure 4
Fig5,IDH_PR,IDH,Source MLP,precision_recall_curve,0.5547300215982721,0.754258193351345,,,,2024,binary_20260719_044949_c6c955a30fc2,binary_20260719_044949_c6c955a30fc2,experiments/binary_results/binary_20260719_044949_c6c955a30fc2/test_predictions.csv,f0578c61cfb8f0bbef7c58d8ab338b9d31850912e618d5abe81846aa15e5c298,Figure 4
Fig5,IDH_PR,IDH,Source MLP,precision_recall_curve,0.5481641468682505,0.758699031448045,,,,2024,binary_20260719_044949_c6c955a30fc2,binary_20260719_044949_c6c955a30fc2,experiments/binary_results/binary_20260719_044949_c6c955a30fc2/test_predictions.csv,f0578c61cfb8f0bbef7c58d8ab338b9d31850912e618d5abe81846aa15e5c298,Figure 4
Fig5,IDH_PR,IDH,Source MLP,precision_recall_curve,0.5402159827213823,0.7615393983680429,,,,2024,binary_20260719_044949_c6c955a30fc2,binary_20260719_044949_c6c955a30fc2,experiments/binary_results/binary_20260719_044949_c6c955a30fc2/test_predictions.csv,f0578c61cfb8f0bbef7c58d8ab338b9d31850912e618d5abe81846aa15e5c298,Figure 4
Fig5,IDH_PR,IDH,Source MLP,precision_recall_curve,0.5331317494600432,0.7656327543424317,,,,2024,binary_20260719_044949_c6c955a30fc2,binary_20260719_044949_c6c955a30fc2,experiments/binary_results/binary_20260719_044949_c6c955a30fc2/test_predictions.csv,f0578c61cfb8f0bbef7c58d8ab338b9d31850912e618d5abe81846aa15e5c298,Figure 4
Fig5,IDH_PR,IDH,Source MLP,precision_recall_curve,0.5263066954643628,0.7701643489254109,,,,2024,binary_20260719_044949_c6c955a30fc2,binary_20260719_044949_c6c955a30fc2,experiments/binary_results/binary_20260719_044949_c6c955a30fc2/test_predictions.csv,f0578c61cfb8f0bbef7c58d8ab338b9d31850912e618d5abe81846aa15e5c298,Figure 4
Fig5,IDH_PR,IDH,Source MLP,precision_recall_curve,0.5194816414686825,0.7749710014177085,,,,2024,binary_20260719_044949_c6c955a30fc2,binary_20260719_044949_c6c955a30fc2,experiments/binary_results/binary_20260719_044949_c6c955a30fc2/test_predictions.csv,f0578c61cfb8f0bbef7c58d8ab338b9d31850912e618d5abe81846aa15e5c298,Figure 4
Fig5,IDH_PR,IDH,Source MLP,precision_recall_curve,0.5116198704103672,0.7782888684452622,,,,2024,binary_20260719_044949_c6c955a30fc2,binary_20260719_044949_c6c955a30fc2,experiments/binary_results/binary_20260719_044949_c6c955a30fc2/test_predictions.csv,f0578c61cfb8f0bbef7c58d8ab338b9d31850912e618d5abe81846aa15e5c298,Figure 4
Fig5,IDH_PR,IDH,Source MLP,precision_recall_curve,0.5042764578833693,0.7824396782841823,,,,2024,binary_20260719_044949_c6c955a30fc2,binary_20260719_044949_c6c955a30fc2,experiments/binary_results/binary_20260719_044949_c6c955a30fc2/test_predictions.csv,f0578c61cfb8f0bbef7c58d8ab338b9d31850912e618d5abe81846aa15e5c298,Figure 4
Fig5,IDH_PR,IDH,Source MLP,precision_recall_curve,0.49667386609071273,0.7864569083447333,,,,2024,binary_20260719_044949_c6c955a30fc2,binary_20260719_044949_c6c955a30fc2,experiments/binary_results/binary_20260719_044949_c6c955a30fc2/test_predictions.csv,f0578c61cfb8f0bbef7c58d8ab338b9d31850912e618d5abe81846aa15e5c298,Figure 4
Fig5,IDH_PR,IDH,Source MLP,precision_recall_curve,0.488207343412527,0.7891355955872085,,,,2024,binary_20260719_044949_c6c955a30fc2,binary_20260719_044949_c6c955a30fc2,experiments/binary_results/binary_20260719_044949_c6c955a30fc2/test_predictions.csv,f0578c61cfb8f0bbef7c58d8ab338b9d31850912e618d5abe81846aa15e5c298,Figure 4
Fig5,IDH_PR,IDH,Source MLP,precision_recall_curve,0.48069114470842333,0.7936100413635715,,,,2024,binary_20260719_044949_c6c955a30fc2,binary_20260719_044949_c6c955a30fc2,experiments/binary_results/binary_20260719_044949_c6c955a30fc2/test_predictions.csv,f0578c61cfb8f0bbef7c58d8ab338b9d31850912e618d5abe81846aa15e5c298,Figure 4
Fig5,IDH_PR,IDH,Source MLP,precision_recall_curve,0.4712742980561555,0.795073604430841,,,,2024,binary_20260719_044949_c6c955a30fc2,binary_20260719_044949_c6c955a30fc2,experiments/binary_results/binary_20260719_044949_c6c955a30fc2/test_predictions.csv,f0578c61cfb8f0bbef7c58d8ab338b9d31850912e618d5abe81846aa15e5c298,Figure 4
Fig5,IDH_PR,IDH,Source MLP,precision_recall_curve,0.4632397408207343,0.7988676996424314,,,,2024,binary_20260719_044949_c6c955a30fc2,binary_20260719_044949_c6c955a30fc2,experiments/binary_results/binary_20260719_044949_c6c955a30fc2/test_predictions.csv,f0578c61cfb8f0bbef7c58d8ab338b9d31850912e618d5abe81846aa15e5c298,Figure 4
Fig5,IDH_PR,IDH,Source MLP,precision_recall_curve,0.4557235421166307,0.8038707711063701,,,,2024,binary_20260719_044949_c6c955a30fc2,binary_20260719_044949_c6c955a30fc2,experiments/binary_results/binary_20260719_044949_c6c955a30fc2/test_predictions.csv,f0578c61cfb8f0bbef7c58d8ab338b9d31850912e618d5abe81846aa15e5c298,Figure 4
Fig5,IDH_PR,IDH,Source MLP,precision_recall_curve,0.4476025917926566,0.8078902229845626,,,,2024,binary_20260719_044949_c6c955a30fc2,binary_20260719_044949_c6c955a30fc2,experiments/binary_results/binary_20260719_044949_c6c955a30fc2/test_predictions.csv,f0578c61cfb8f0bbef7c58d8ab338b9d31850912e618d5abe81846aa15e5c298,Figure 4
Fig5,IDH_PR,IDH,Source MLP,precision_recall_curve,0.44077753779697626,0.8144955300127714,,,,2024,binary_20260719_044949_c6c955a30fc2,binary_20260719_044949_c6c955a30fc2,experiments/binary_results/binary_20260719_044949_c6c955a30fc2/test_predictions.csv,f0578c61cfb8f0bbef7c58d8ab338b9d31850912e618d5abe81846aa15e5c298,Figure 4
Fig5,IDH_PR,IDH,Source MLP,precision_recall_curve,0.4321382289416847,0.8179885527391659,,,,2024,binary_20260719_044949_c6c955a30fc2,binary_20260719_044949_c6c955a30fc2,experiments/binary_results/binary_20260719_044949_c6c955a30fc2/test_predictions.csv,f0578c61cfb8f0bbef7c58d8ab338b9d31850912e618d5abe81846aa15e5c298,Figure 4
Fig5,IDH_PR,IDH,Source MLP,precision_recall_curve,0.42341252699784016,0.8214884344619511,,,,2024,binary_20260719_044949_c6c955a30fc2,binary_20260719_044949_c6c955a30fc2,experiments/binary_results/binary_20260719_044949_c6c955a30fc2/test_predictions.csv,f0578c61cfb8f0bbef7c58d8ab338b9d31850912e618d5abe81846aa15e5c298,Figure 4
Fig5,IDH_PR,IDH,Source MLP,precision_recall_curve,0.41494600431965445,0.8256833419288293,,,,2024,binary_20260719_044949_c6c955a30fc2,binary_20260719_044949_c6c955a30fc2,experiments/binary_results/binary_20260719_044949_c6c955a30fc2/test_predictions.csv,f0578c61cfb8f0bbef7c58d8ab338b9d31850912e618d5abe81846aa15e5c298,Figure 4
Fig5,IDH_PR,IDH,Source MLP,precision_recall_curve,0.4066522678185745,0.8304516584333098,,,,2024,binary_20260719_044949_c6c955a30fc2,binary_20260719_044949_c6c955a30fc2,experiments/binary_results/binary_20260719_044949_c6c955a30fc2/test_predictions.csv,f0578c61cfb8f0bbef7c58d8ab338b9d31850912e618d5abe81846aa15e5c298,Figure 4
Fig5,IDH_PR,IDH,Source MLP,precision_recall_curve,0.3980129589632829,0.8347526725856134,,,,2024,binary_20260719_044949_c6c955a30fc2,binary_20260719_044949_c6c955a30fc2,experiments/binary_results/binary_20260719_044949_c6c955a30fc2/test_predictions.csv,f0578c61cfb8f0bbef7c58d8ab338b9d31850912e618d5abe81846aa15e5c298,Figure 4
Fig5,IDH_PR,IDH,Source MLP,precision_recall_curve,0.3881641468682505,0.8369970193740686,,,,2024,binary_20260719_044949_c6c955a30fc2,binary_20260719_044949_c6c955a30fc2,experiments/binary_results/binary_20260719_044949_c6c955a30fc2/test_predictions.csv,f0578c61cfb8f0bbef7c58d8ab338b9d31850912e618d5abe81846aa15e5c298,Figure 4
Fig5,IDH_PR,IDH,Source MLP,precision_recall_curve,0.37883369330453565,0.8401992718911669,,,,2024,binary_20260719_044949_c6c955a30fc2,binary_20260719_044949_c6c955a30fc2,experiments/binary_results/binary_20260719_044949_c6c955a30fc2/test_predictions.csv,f0578c61cfb8f0bbef7c58d8ab338b9d31850912e618d5abe81846aa15e5c298,Figure 4
Fig5,IDH_PR,IDH,Source MLP,precision_recall_curve,0.3696760259179266,0.8439842209072979,,,,2024,binary_20260719_044949_c6c955a30fc2,binary_20260719_044949_c6c955a30fc2,experiments/binary_results/binary_20260719_044949_c6c955a30fc2/test_predictions.csv,f0578c61cfb8f0bbef7c58d8ab338b9d31850912e618d5abe81846aa15e5c298,Figure 4
Fig5,IDH_PR,IDH,Source MLP,precision_recall_curve,0.36043196544276457,0.8477951635846372,,,,2024,binary_20260719_044949_c6c955a30fc2,binary_20260719_044949_c6c955a30fc2,experiments/binary_results/binary_20260719_044949_c6c955a30fc2/test_predictions.csv,f0578c61cfb8f0bbef7c58d8ab338b9d31850912e618d5abe81846aa15e5c298,Figure 4
Fig5,IDH_PR,IDH,Source MLP,precision_recall_curve,0.3514470842332613,0.8524727577535625,,,,2024,binary_20260719_044949_c6c955a30fc2,binary_20260719_044949_c6c955a30fc2,experiments/binary_results/binary_20260719_044949_c6c955a30fc2/test_predictions.csv,f0578c61cfb8f0bbef7c58d8ab338b9d31850912e618d5abe81846aa15e5c298,Figure 4
Fig5,IDH_PR,IDH,Source MLP,precision_recall_curve,0.34211663066954645,0.8565866320571057,,,,2024,binary_20260719_044949_c6c955a30fc2,binary_20260719_044949_c6c955a30fc2,experiments/binary_results/binary_20260719_044949_c6c955a30fc2/test_predictions.csv,f0578c61cfb8f0bbef7c58d8ab338b9d31850912e618d5abe81846aa15e5c298,Figure 4
Fig5,IDH_PR,IDH,Source MLP,precision_recall_curve,0.33244060475161985,0.8600804649083594,,,,2024,binary_20260719_044949_c6c955a30fc2,binary_20260719_044949_c6c955a30fc2,experiments/binary_results/binary_20260719_044949_c6c955a30fc2/test_predictions.csv,f0578c61cfb8f0bbef7c58d8ab338b9d31850912e618d5abe81846aa15e5c298,Figure 4
Fig5,IDH_PR,IDH,Source MLP,precision_recall_curve,0.3221598272138229,0.8621965317919075,,,,2024,binary_20260719_044949_c6c955a30fc2,binary_20260719_044949_c6c955a30fc2,experiments/binary_results/binary_20260719_044949_c6c955a30fc2/test_predictions.csv,f0578c61cfb8f0bbef7c58d8ab338b9d31850912e618d5abe81846aa15e5c298,Figure 4
Fig5,IDH_PR,IDH,Source MLP,precision_recall_curve,0.3121382289416847,0.8651819923371648,,,,2024,binary_20260719_044949_c6c955a30fc2,binary_20260719_044949_c6c955a30fc2,experiments/binary_results/binary_20260719_044949_c6c955a30fc2/test_predictions.csv,f0578c61cfb8f0bbef7c58d8ab338b9d31850912e618d5abe81846aa15e5c298,Figure 4
Fig5,IDH_PR,IDH,Source MLP,precision_recall_curve,0.302548596112311,0.8696299975167618,,,,2024,binary_20260719_044949_c6c955a30fc2,binary_20260719_044949_c6c955a30fc2,experiments/binary_results/binary_20260719_044949_c6c955a30fc2/test_predictions.csv,f0578c61cfb8f0bbef7c58d8ab338b9d31850912e618d5abe81846aa15e5c298,Figure 4
Fig5,IDH_PR,IDH,Source MLP,precision_recall_curve,0.2937365010799136,0.8767405879319237,,,,2024,binary_20260719_044949_c6c955a30fc2,binary_20260719_044949_c6c955a30fc2,experiments/binary_results/binary_20260719_044949_c6c955a30fc2/test_predictions.csv,f0578c61cfb8f0bbef7c58d8ab338b9d31850912e618d5abe81846aa15e5c298,Figure 4
Fig5,IDH_PR,IDH,Source MLP,precision_recall_curve,0.2834557235421166,0.8798605524269241,,,,2024,binary_20260719_044949_c6c955a30fc2,binary_20260719_044949_c6c955a30fc2,experiments/binary_results/binary_20260719_044949_c6c955a30fc2/test_predictions.csv,f0578c61cfb8f0bbef7c58d8ab338b9d31850912e618d5abe81846aa15e5c298,Figure 4
Fig5,IDH_PR,IDH,Source MLP,precision_recall_curve,0.2735205183585313,0.8843575418994414,,,,2024,binary_20260719_044949_c6c955a30fc2,binary_20260719_044949_c6c955a30fc2,experiments/binary_results/binary_20260719_044949_c6c955a30fc2/test_predictions.csv,f0578c61cfb8f0bbef7c58d8ab338b9d31850912e618d5abe81846aa15e5c298,Figure 4
Fig5,IDH_PR,IDH,Source MLP,precision_recall_curve,0.2634989200863931,0.8889536578257068,,,,2024,binary_20260719_044949_c6c955a30fc2,binary_20260719_044949_c6c955a30fc2,experiments/binary_results/binary_20260719_044949_c6c955a30fc2/test_predictions.csv,f0578c61cfb8f0bbef7c58d8ab338b9d31850912e618d5abe81846aa15e5c298,Figure 4
Fig5,IDH_PR,IDH,Source MLP,precision_recall_curve,0.25347732181425486,0.8939670932358318,,,,2024,binary_20260719_044949_c6c955a30fc2,binary_20260719_044949_c6c955a30fc2,experiments/binary_results/binary_20260719_044949_c6c955a30fc2/test_predictions.csv,f0578c61cfb8f0bbef7c58d8ab338b9d31850912e618d5abe81846aa15e5c298,Figure 4
Fig5,IDH_PR,IDH,Source MLP,precision_recall_curve,0.24293736501079913,0.8975422917331631,,,,2024,binary_20260719_044949_c6c955a30fc2,binary_20260719_044949_c6c955a30fc2,experiments/binary_results/binary_20260719_044949_c6c955a30fc2/test_predictions.csv,f0578c61cfb8f0bbef7c58d8ab338b9d31850912e618d5abe81846aa15e5c298,Figure 4
Fig5,IDH_PR,IDH,Source MLP,precision_recall_curve,0.23222462203023758,0.900804289544236,,,,2024,binary_20260719_044949_c6c955a30fc2,binary_20260719_044949_c6c955a30fc2,experiments/binary_results/binary_20260719_044949_c6c955a30fc2/test_predictions.csv,f0578c61cfb8f0bbef7c58d8ab338b9d31850912e618d5abe81846aa15e5c298,Figure 4
Fig5,IDH_PR,IDH,Source MLP,precision_recall_curve,0.22228941684665227,0.9075837742504408,,,,2024,binary_20260719_044949_c6c955a30fc2,binary_20260719_044949_c6c955a30fc2,experiments/binary_results/binary_20260719_044949_c6c955a30fc2/test_predictions.csv,f0578c61cfb8f0bbef7c58d8ab338b9d31850912e618d5abe81846aa15e5c298,Figure 4
Fig5,IDH_PR,IDH,Source MLP,precision_recall_curve,0.21226781857451404,0.9150837988826817,,,,2024,binary_20260719_044949_c6c955a30fc2,binary_20260719_044949_c6c955a30fc2,experiments/binary_results/binary_20260719_044949_c6c955a30fc2/test_predictions.csv,f0578c61cfb8f0bbef7c58d8ab338b9d31850912e618d5abe81846aa15e5c298,Figure 4
Fig5,IDH_PR,IDH,Source MLP,precision_recall_curve,0.20146868250539957,0.919558359621451,,,,2024,binary_20260719_044949_c6c955a30fc2,binary_20260719_044949_c6c955a30fc2,experiments/binary_results/binary_20260719_044949_c6c955a30fc2/test_predictions.csv,f0578c61cfb8f0bbef7c58d8ab338b9d31850912e618d5abe81846aa15e5c298,Figure 4
Fig5,IDH_PR,IDH,Source MLP,precision_recall_curve,0.1911879049676026,0.9271051529116046,,,,2024,binary_20260719_044949_c6c955a30fc2,binary_20260719_044949_c6c955a30fc2,experiments/binary_results/binary_20260719_044949_c6c955a30fc2/test_predictions.csv,f0578c61cfb8f0bbef7c58d8ab338b9d31850912e618d5abe81846aa15e5c298,Figure 4
Fig5,IDH_PR,IDH,Source MLP,precision_recall_curve,0.17995680345572354,0.9311578006258382,,,,2024,binary_20260719_044949_c6c955a30fc2,binary_20260719_044949_c6c955a30fc2,experiments/binary_results/binary_20260719_044949_c6c955a30fc2/test_predictions.csv,f0578c61cfb8f0bbef7c58d8ab338b9d31850912e618d5abe81846aa15e5c298,Figure 4
Fig5,IDH_PR,IDH,Source MLP,precision_recall_curve,0.16863930885529158,0.9348659003831418,,,,2024,binary_20260719_044949_c6c955a30fc2,binary_20260719_044949_c6c955a30fc2,experiments/binary_results/binary_20260719_044949_c6c955a30fc2/test_predictions.csv,f0578c61cfb8f0bbef7c58d8ab338b9d31850912e618d5abe81846aa15e5c298,Figure 4
Fig5,IDH_PR,IDH,Source MLP,precision_recall_curve,0.1573218142548596,0.9391438886023724,,,,2024,binary_20260719_044949_c6c955a30fc2,binary_20260719_044949_c6c955a30fc2,experiments/binary_results/binary_20260719_044949_c6c955a30fc2/test_predictions.csv,f0578c61cfb8f0bbef7c58d8ab338b9d31850912e618d5abe81846aa15e5c298,Figure 4
Fig5,IDH_PR,IDH,Source MLP,precision_recall_curve,0.1458315334773218,0.9430167597765364,,,,2024,binary_20260719_044949_c6c955a30fc2,binary_20260719_044949_c6c955a30fc2,experiments/binary_results/binary_20260719_044949_c6c955a30fc2/test_predictions.csv,f0578c61cfb8f0bbef7c58d8ab338b9d31850912e618d5abe81846aa15e5c298,Figure 4
Fig5,IDH_PR,IDH,Source MLP,precision_recall_curve,0.13356371490280777,0.9421084704448508,,,,2024,binary_20260719_044949_c6c955a30fc2,binary_20260719_044949_c6c955a30fc2,experiments/binary_results/binary_20260719_044949_c6c955a30fc2/test_predictions.csv,f0578c61cfb8f0bbef7c58d8ab338b9d31850912e618d5abe81846aa15e5c298,Figure 4
Fig5,IDH_PR,IDH,Source MLP,precision_recall_curve,0.1216414686825054,0.9436997319034852,,,,2024,binary_20260719_044949_c6c955a30fc2,binary_20260719_044949_c6c955a30fc2,experiments/binary_results/binary_20260719_044949_c6c955a30fc2/test_predictions.csv,f0578c61cfb8f0bbef7c58d8ab338b9d31850912e618d5abe81846aa15e5c298,Figure 4
Fig5,IDH_PR,IDH,Source MLP,precision_recall_curve,0.10963282937365011,0.9448994787788532,,,,2024,binary_20260719_044949_c6c955a30fc2,binary_20260719_044949_c6c955a30fc2,experiments/binary_results/binary_20260719_044949_c6c955a30fc2/test_predictions.csv,f0578c61cfb8f0bbef7c58d8ab338b9d31850912e618d5abe81846aa15e5c298,Figure 4
Fig5,IDH_PR,IDH,Source MLP,precision_recall_curve,0.09779697624190065,0.948073701842546,,,,2024,binary_20260719_044949_c6c955a30fc2,binary_20260719_044949_c6c955a30fc2,experiments/binary_results/binary_20260719_044949_c6c955a30fc2/test_predictions.csv,f0578c61cfb8f0bbef7c58d8ab338b9d31850912e618d5abe81846aa15e5c298,Figure 4
Fig5,IDH_PR,IDH,Source MLP,precision_recall_curve,0.08587473002159828,0.9511961722488038,,,,2024,binary_20260719_044949_c6c955a30fc2,binary_20260719_044949_c6c955a30fc2,experiments/binary_results/binary_20260719_044949_c6c955a30fc2/test_predictions.csv,f0578c61cfb8f0bbef7c58d8ab338b9d31850912e618d5abe81846aa15e5c298,Figure 4
Fig5,IDH_PR,IDH,Source MLP,precision_recall_curve,0.07395248380129589,0.9553571428571428,,,,2024,binary_20260719_044949_c6c955a30fc2,binary_20260719_044949_c6c955a30fc2,experiments/binary_results/binary_20260719_044949_c6c955a30fc2/test_predictions.csv,f0578c61cfb8f0bbef7c58d8ab338b9d31850912e618d5abe81846aa15e5c298,Figure 4
Fig5,IDH_PR,IDH,Source MLP,precision_recall_curve,0.06194384449244061,0.9598393574297188,,,,2024,binary_20260719_044949_c6c955a30fc2,binary_20260719_044949_c6c955a30fc2,experiments/binary_results/binary_20260719_044949_c6c955a30fc2/test_predictions.csv,f0578c61cfb8f0bbef7c58d8ab338b9d31850912e618d5abe81846aa15e5c298,Figure 4
Fig5,IDH_PR,IDH,Source MLP,precision_recall_curve,0.04967602591792657,0.9615384615384616,,,,2024,binary_20260719_044949_c6c955a30fc2,binary_20260719_044949_c6c955a30fc2,experiments/binary_results/binary_20260719_044949_c6c955a30fc2/test_predictions.csv,f0578c61cfb8f0bbef7c58d8ab338b9d31850912e618d5abe81846aa15e5c298,Figure 4
Fig5,IDH_PR,IDH,Source MLP,precision_recall_curve,0.037494600431965446,0.9665924276169264,,,,2024,binary_20260719_044949_c6c955a30fc2,binary_20260719_044949_c6c955a30fc2,experiments/binary_results/binary_20260719_044949_c6c955a30fc2/test_predictions.csv,f0578c61cfb8f0bbef7c58d8ab338b9d31850912e618d5abe81846aa15e5c298,Figure 4
Fig5,IDH_PR,IDH,Source MLP,precision_recall_curve,0.025053995680345574,0.9698996655518396,,,,2024,binary_20260719_044949_c6c955a30fc2,binary_20260719_044949_c6c955a30fc2,experiments/binary_results/binary_20260719_044949_c6c955a30fc2/test_predictions.csv,f0578c61cfb8f0bbef7c58d8ab338b9d31850912e618d5abe81846aa15e5c298,Figure 4
Fig5,IDH_PR,IDH,Source MLP,precision_recall_curve,0.012699784017278618,0.98,,,,2024,binary_20260719_044949_c6c955a30fc2,binary_20260719_044949_c6c955a30fc2,experiments/binary_results/binary_20260719_044949_c6c955a30fc2/test_predictions.csv,f0578c61cfb8f0bbef7c58d8ab338b9d31850912e618d5abe81846aa15e5c298,Figure 4
Fig5,IDH_PR,IDH,Source MLP,precision_recall_curve,0.0,1.0,,,,2024,binary_20260719_044949_c6c955a30fc2,binary_20260719_044949_c6c955a30fc2,experiments/binary_results/binary_20260719_044949_c6c955a30fc2/test_predictions.csv,f0578c61cfb8f0bbef7c58d8ab338b9d31850912e618d5abe81846aa15e5c298,Figure 4
Fig5,IDH_calibration,IDH,Source MLP,observed_rate,0.08356080103865725,0.0947438901908269,,,2987,2024,binary_20260719_044949_c6c955a30fc2,binary_20260719_044949_c6c955a30fc2,experiments/binary_results/binary_20260719_044949_c6c955a30fc2/test_predictions.csv,f0578c61cfb8f0bbef7c58d8ab338b9d31850912e618d5abe81846aa15e5c298,Figure 4
Fig5,IDH_calibration,IDH,Source MLP,observed_rate,0.10593869003716153,0.1878138600602611,,,2987,2024,binary_20260719_044949_c6c955a30fc2,binary_20260719_044949_c6c955a30fc2,experiments/binary_results/binary_20260719_044949_c6c955a30fc2/test_predictions.csv,f0578c61cfb8f0bbef7c58d8ab338b9d31850912e618d5abe81846aa15e5c298,Figure 4
Fig5,IDH_calibration,IDH,Source MLP,observed_rate,0.12718286353503375,0.202947086403215,,,2986,2024,binary_20260719_044949_c6c955a30fc2,binary_20260719_044949_c6c955a30fc2,experiments/binary_results/binary_20260719_044949_c6c955a30fc2/test_predictions.csv,f0578c61cfb8f0bbef7c58d8ab338b9d31850912e618d5abe81846aa15e5c298,Figure 4
Fig5,IDH_calibration,IDH,Source MLP,observed_rate,0.1414117632927072,0.2015400066956812,,,2987,2024,binary_20260719_044949_c6c955a30fc2,binary_20260719_044949_c6c955a30fc2,experiments/binary_results/binary_20260719_044949_c6c955a30fc2/test_predictions.csv,f0578c61cfb8f0bbef7c58d8ab338b9d31850912e618d5abe81846aa15e5c298,Figure 4
Fig5,IDH_calibration,IDH,Source MLP,observed_rate,0.15513300102000108,0.2190221031480241,,,2986,2024,binary_20260719_044949_c6c955a30fc2,binary_20260719_044949_c6c955a30fc2,experiments/binary_results/binary_20260719_044949_c6c955a30fc2/test_predictions.csv,f0578c61cfb8f0bbef7c58d8ab338b9d31850912e618d5abe81846aa15e5c298,Figure 4
Fig5,IDH_calibration,IDH,Source MLP,observed_rate,0.17126179585990783,0.2999665215935721,,,2987,2024,binary_20260719_044949_c6c955a30fc2,binary_20260719_044949_c6c955a30fc2,experiments/binary_results/binary_20260719_044949_c6c955a30fc2/test_predictions.csv,f0578c61cfb8f0bbef7c58d8ab338b9d31850912e618d5abe81846aa15e5c298,Figure 4
Fig5,IDH_calibration,IDH,Source MLP,observed_rate,0.20053313155580552,0.4434025452109846,,,2986,2024,binary_20260719_044949_c6c955a30fc2,binary_20260719_044949_c6c955a30fc2,experiments/binary_results/binary_20260719_044949_c6c955a30fc2/test_predictions.csv,f0578c61cfb8f0bbef7c58d8ab338b9d31850912e618d5abe81846aa15e5c298,Figure 4
Fig5,IDH_calibration,IDH,Source MLP,observed_rate,0.254590374944568,0.5835286240374958,,,2987,2024,binary_20260719_044949_c6c955a30fc2,binary_20260719_044949_c6c955a30fc2,experiments/binary_results/binary_20260719_044949_c6c955a30fc2/test_predictions.csv,f0578c61cfb8f0bbef7c58d8ab338b9d31850912e618d5abe81846aa15e5c298,Figure 4
Fig5,IDH_calibration,IDH,Source MLP,observed_rate,0.37342219177230856,0.7421299397186872,,,2986,2024,binary_20260719_044949_c6c955a30fc2,binary_20260719_044949_c6c955a30fc2,experiments/binary_results/binary_20260719_044949_c6c955a30fc2/test_predictions.csv,f0578c61cfb8f0bbef7c58d8ab338b9d31850912e618d5abe81846aa15e5c298,Figure 4
Fig5,IDH_calibration,IDH,Source MLP,observed_rate,0.666678736745391,0.9005691329092735,,,2987,2024,binary_20260719_044949_c6c955a30fc2,binary_20260719_044949_c6c955a30fc2,experiments/binary_results/binary_20260719_044949_c6c955a30fc2/test_predictions.csv,f0578c61cfb8f0bbef7c58d8ab338b9d31850912e618d5abe81846aa15e5c298,Figure 4
Fig5,IDH_ROC,IDH,Updated MLP,roc_curve,0.0,0.0,,,,2024,binary_20260719_044949_c6c955a30fc2,binary_20260719_044949_c6c955a30fc2,experiments/binary_results/binary_20260719_044949_c6c955a30fc2/test_predictions.csv,f0578c61cfb8f0bbef7c58d8ab338b9d31850912e618d5abe81846aa15e5c298,Figure 4
Fig5,IDH_ROC,IDH,Updated MLP,roc_curve,0.0012027773221803073,0.065572354211663,,,,2024,binary_20260719_044949_c6c955a30fc2,binary_20260719_044949_c6c955a30fc2,experiments/binary_results/binary_20260719_044949_c6c955a30fc2/test_predictions.csv,f0578c61cfb8f0bbef7c58d8ab338b9d31850912e618d5abe81846aa15e5c298,Figure 4
Fig5,IDH_ROC,IDH,Updated MLP,roc_curve,0.0026242414302115793,0.0985745140388768,,,,2024,binary_20260719_044949_c6c955a30fc2,binary_20260719_044949_c6c955a30fc2,experiments/binary_results/binary_20260719_044949_c6c955a30fc2/test_predictions.csv,f0578c61cfb8f0bbef7c58d8ab338b9d31850912e618d5abe81846aa15e5c298,Figure 4
Fig5,IDH_ROC,IDH,Updated MLP,roc_curve,0.003881690448854628,0.1269114470842332,,,,2024,binary_20260719_044949_c6c955a30fc2,binary_20260719_044949_c6c955a30fc2,experiments/binary_results/binary_20260719_044949_c6c955a30fc2/test_predictions.csv,f0578c61cfb8f0bbef7c58d8ab338b9d31850912e618d5abe81846aa15e5c298,Figure 4
Fig5,IDH_ROC,IDH,Updated MLP,roc_curve,0.0053031545568859,0.1431533477321814,,,,2024,binary_20260719_044949_c6c955a30fc2,binary_20260719_044949_c6c955a30fc2,experiments/binary_results/binary_20260719_044949_c6c955a30fc2/test_predictions.csv,f0578c61cfb8f0bbef7c58d8ab338b9d31850912e618d5abe81846aa15e5c298,Figure 4
Fig5,IDH_ROC,IDH,Updated MLP,roc_curve,0.0067246186649171725,0.1634557235421166,,,,2024,binary_20260719_044949_c6c955a30fc2,binary_20260719_044949_c6c955a30fc2,experiments/binary_results/binary_20260719_044949_c6c955a30fc2/test_predictions.csv,f0578c61cfb8f0bbef7c58d8ab338b9d31850912e618d5abe81846aa15e5c298,Figure 4
Fig5,IDH_ROC,IDH,Updated MLP,roc_curve,0.008200754469411186,0.186609071274298,,,,2024,binary_20260719_044949_c6c955a30fc2,binary_20260719_044949_c6c955a30fc2,experiments/binary_results/binary_20260719_044949_c6c955a30fc2/test_predictions.csv,f0578c61cfb8f0bbef7c58d8ab338b9d31850912e618d5abe81846aa15e5c298,Figure 4
Fig5,IDH_ROC,IDH,Updated MLP,roc_curve,0.009567546880979716,0.2015550755939524,,,,2024,binary_20260719_044949_c6c955a30fc2,binary_20260719_044949_c6c955a30fc2,experiments/binary_results/binary_20260719_044949_c6c955a30fc2/test_predictions.csv,f0578c61cfb8f0bbef7c58d8ab338b9d31850912e618d5abe81846aa15e5c298,Figure 4
Fig5,IDH_ROC,IDH,Updated MLP,roc_curve,0.011317041167787437,0.2170194384449244,,,,2024,binary_20260719_044949_c6c955a30fc2,binary_20260719_044949_c6c955a30fc2,experiments/binary_results/binary_20260719_044949_c6c955a30fc2/test_predictions.csv,f0578c61cfb8f0bbef7c58d8ab338b9d31850912e618d5abe81846aa15e5c298,Figure 4
Fig5,IDH_ROC,IDH,Updated MLP,roc_curve,0.01279317697228145,0.2323974082073434,,,,2024,binary_20260719_044949_c6c955a30fc2,binary_20260719_044949_c6c955a30fc2,experiments/binary_results/binary_20260719_044949_c6c955a30fc2/test_predictions.csv,f0578c61cfb8f0bbef7c58d8ab338b9d31850912e618d5abe81846aa15e5c298,Figure 4
Fig5,IDH_ROC,IDH,Updated MLP,roc_curve,0.014323984473238205,0.2507991360691144,,,,2024,binary_20260719_044949_c6c955a30fc2,binary_20260719_044949_c6c955a30fc2,experiments/binary_results/binary_20260719_044949_c6c955a30fc2/test_predictions.csv,f0578c61cfb8f0bbef7c58d8ab338b9d31850912e618d5abe81846aa15e5c298,Figure 4
Fig5,IDH_ROC,IDH,Updated MLP,roc_curve,0.01585479197419496,0.2597840172786177,,,,2024,binary_20260719_044949_c6c955a30fc2,binary_20260719_044949_c6c955a30fc2,experiments/binary_results/binary_20260719_044949_c6c955a30fc2/test_predictions.csv,f0578c61cfb8f0bbef7c58d8ab338b9d31850912e618d5abe81846aa15e5c298,Figure 4
Fig5,IDH_ROC,IDH,Updated MLP,roc_curve,0.017330927778688974,0.2746436285097192,,,,2024,binary_20260719_044949_c6c955a30fc2,binary_20260719_044949_c6c955a30fc2,experiments/binary_results/binary_20260719_044949_c6c955a30fc2/test_predictions.csv,f0578c61cfb8f0bbef7c58d8ab338b9d31850912e618d5abe81846aa15e5c298,Figure 4
Fig5,IDH_ROC,IDH,Updated MLP,roc_curve,0.01897107867257121,0.2848380129589632,,,,2024,binary_20260719_044949_c6c955a30fc2,binary_20260719_044949_c6c955a30fc2,experiments/binary_results/binary_20260719_044949_c6c955a30fc2/test_predictions.csv,f0578c61cfb8f0bbef7c58d8ab338b9d31850912e618d5abe81846aa15e5c298,Figure 4
Fig5,IDH_ROC,IDH,Updated MLP,roc_curve,0.02033787108413974,0.2951187904967602,,,,2024,binary_20260719_044949_c6c955a30fc2,binary_20260719_044949_c6c955a30fc2,experiments/binary_results/binary_20260719_044949_c6c955a30fc2/test_predictions.csv,f0578c61cfb8f0bbef7c58d8ab338b9d31850912e618d5abe81846aa15e5c298,Figure 4
Fig5,IDH_ROC,IDH,Updated MLP,roc_curve,0.022142037067410202,0.305572354211663,,,,2024,binary_20260719_044949_c6c955a30fc2,binary_20260719_044949_c6c955a30fc2,experiments/binary_results/binary_20260719_044949_c6c955a30fc2/test_predictions.csv,f0578c61cfb8f0bbef7c58d8ab338b9d31850912e618d5abe81846aa15e5c298,Figure 4
Fig5,IDH_ROC,IDH,Updated MLP,roc_curve,0.023618172871904215,0.3141252699784017,,,,2024,binary_20260719_044949_c6c955a30fc2,binary_20260719_044949_c6c955a30fc2,experiments/binary_results/binary_20260719_044949_c6c955a30fc2/test_predictions.csv,f0578c61cfb8f0bbef7c58d8ab338b9d31850912e618d5abe81846aa15e5c298,Figure 4
Fig5,IDH_ROC,IDH,Updated MLP,roc_curve,0.02514898037286097,0.3215550755939524,,,,2024,binary_20260719_044949_c6c955a30fc2,binary_20260719_044949_c6c955a30fc2,experiments/binary_results/binary_20260719_044949_c6c955a30fc2/test_predictions.csv,f0578c61cfb8f0bbef7c58d8ab338b9d31850912e618d5abe81846aa15e5c298,Figure 4
Fig5,IDH_ROC,IDH,Updated MLP,roc_curve,0.026734459570280467,0.329157667386609,,,,2024,binary_20260719_044949_c6c955a30fc2,binary_20260719_044949_c6c955a30fc2,experiments/binary_results/binary_20260719_044949_c6c955a30fc2/test_predictions.csv,f0578c61cfb8f0bbef7c58d8ab338b9d31850912e618d5abe81846aa15e5c298,Figure 4
Fig5,IDH_ROC,IDH,Updated MLP,roc_curve,0.028429282160625444,0.3390064794816415,,,,2024,binary_20260719_044949_c6c955a30fc2,binary_20260719_044949_c6c955a30fc2,experiments/binary_results/binary_20260719_044949_c6c955a30fc2/test_predictions.csv,f0578c61cfb8f0bbef7c58d8ab338b9d31850912e618d5abe81846aa15e5c298,Figure 4
Fig5,IDH_ROC,IDH,Updated MLP,roc_curve,0.030178776447433164,0.3474730021598272,,,,2024,binary_20260719_044949_c6c955a30fc2,binary_20260719_044949_c6c955a30fc2,experiments/binary_results/binary_20260719_044949_c6c955a30fc2/test_predictions.csv,f0578c61cfb8f0bbef7c58d8ab338b9d31850912e618d5abe81846aa15e5c298,Figure 4
Fig5,IDH_ROC,IDH,Updated MLP,roc_curve,0.031873599037778144,0.354816414686825,,,,2024,binary_20260719_044949_c6c955a30fc2,binary_20260719_044949_c6c955a30fc2,experiments/binary_results/binary_20260719_044949_c6c955a30fc2/test_predictions.csv,f0578c61cfb8f0bbef7c58d8ab338b9d31850912e618d5abe81846aa15e5c298,Figure 4
Fig5,IDH_ROC,IDH,Updated MLP,roc_curve,0.03378710841397409,0.3628509719222462,,,,2024,binary_20260719_044949_c6c955a30fc2,binary_20260719_044949_c6c955a30fc2,experiments/binary_results/binary_20260719_044949_c6c955a30fc2/test_predictions.csv,f0578c61cfb8f0bbef7c58d8ab338b9d31850912e618d5abe81846aa15e5c298,Figure 4
Fig5,IDH_ROC,IDH,Updated MLP,roc_curve,0.03548193100431907,0.3701943844492441,,,,2024,binary_20260719_044949_c6c955a30fc2,binary_20260719_044949_c6c955a30fc2,experiments/binary_results/binary_20260719_044949_c6c955a30fc2/test_predictions.csv,f0578c61cfb8f0bbef7c58d8ab338b9d31850912e618d5abe81846aa15e5c298,Figure 4
Fig5,IDH_ROC,IDH,Updated MLP,roc_curve,0.03728609698758952,0.3790928725701943,,,,2024,binary_20260719_044949_c6c955a30fc2,binary_20260719_044949_c6c955a30fc2,experiments/binary_results/binary_20260719_044949_c6c955a30fc2/test_predictions.csv,f0578c61cfb8f0bbef7c58d8ab338b9d31850912e618d5abe81846aa15e5c298,Figure 4
Fig5,IDH_ROC,IDH,Updated MLP,roc_curve,0.03892624788147176,0.3865226781857451,,,,2024,binary_20260719_044949_c6c955a30fc2,binary_20260719_044949_c6c955a30fc2,experiments/binary_results/binary_20260719_044949_c6c955a30fc2/test_predictions.csv,f0578c61cfb8f0bbef7c58d8ab338b9d31850912e618d5abe81846aa15e5c298,Figure 4
Fig5,IDH_ROC,IDH,Updated MLP,roc_curve,0.040894428954130445,0.393866090712743,,,,2024,binary_20260719_044949_c6c955a30fc2,binary_20260719_044949_c6c955a30fc2,experiments/binary_results/binary_20260719_044949_c6c955a30fc2/test_predictions.csv,f0578c61cfb8f0bbef7c58d8ab338b9d31850912e618d5abe81846aa15e5c298,Figure 4
Fig5,IDH_ROC,IDH,Updated MLP,roc_curve,0.042643923240938165,0.3992224622030237,,,,2024,binary_20260719_044949_c6c955a30fc2,binary_20260719_044949_c6c955a30fc2,experiments/binary_results/binary_20260719_044949_c6c955a30fc2/test_predictions.csv,f0578c61cfb8f0bbef7c58d8ab338b9d31850912e618d5abe81846aa15e5c298,Figure 4
Fig5,IDH_ROC,IDH,Updated MLP,roc_curve,0.044229402438357664,0.4060475161987041,,,,2024,binary_20260719_044949_c6c955a30fc2,binary_20260719_044949_c6c955a30fc2,experiments/binary_results/binary_20260719_044949_c6c955a30fc2/test_predictions.csv,f0578c61cfb8f0bbef7c58d8ab338b9d31850912e618d5abe81846aa15e5c298,Figure 4
Fig5,IDH_ROC,IDH,Updated MLP,roc_curve,0.045924225028702644,0.4134773218142548,,,,2024,binary_20260719_044949_c6c955a30fc2,binary_20260719_044949_c6c955a30fc2,experiments/binary_results/binary_20260719_044949_c6c955a30fc2/test_predictions.csv,f0578c61cfb8f0bbef7c58d8ab338b9d31850912e618d5abe81846aa15e5c298,Figure 4
Fig5,IDH_ROC,IDH,Updated MLP,roc_curve,0.04789240610136133,0.4188336933045356,,,,2024,binary_20260719_044949_c6c955a30fc2,binary_20260719_044949_c6c955a30fc2,experiments/binary_results/binary_20260719_044949_c6c955a30fc2/test_predictions.csv,f0578c61cfb8f0bbef7c58d8ab338b9d31850912e618d5abe81846aa15e5c298,Figure 4
Fig5,IDH_ROC,IDH,Updated MLP,roc_curve,0.050024602263408234,0.4241036717062635,,,,2024,binary_20260719_044949_c6c955a30fc2,binary_20260719_044949_c6c955a30fc2,experiments/binary_results/binary_20260719_044949_c6c955a30fc2/test_predictions.csv,f0578c61cfb8f0bbef7c58d8ab338b9d31850912e618d5abe81846aa15e5c298,Figure 4
Fig5,IDH_ROC,IDH,Updated MLP,roc_curve,0.051828768246678696,0.4314470842332613,,,,2024,binary_20260719_044949_c6c955a30fc2,binary_20260719_044949_c6c955a30fc2,experiments/binary_results/binary_20260719_044949_c6c955a30fc2/test_predictions.csv,f0578c61cfb8f0bbef7c58d8ab338b9d31850912e618d5abe81846aa15e5c298,Figure 4
Fig5,IDH_ROC,IDH,Updated MLP,roc_curve,0.053523590837023675,0.4374946004319654,,,,2024,binary_20260719_044949_c6c955a30fc2,binary_20260719_044949_c6c955a30fc2,experiments/binary_results/binary_20260719_044949_c6c955a30fc2/test_predictions.csv,f0578c61cfb8f0bbef7c58d8ab338b9d31850912e618d5abe81846aa15e5c298,Figure 4
Fig5,IDH_ROC,IDH,Updated MLP,roc_curve,0.05560111530260784,0.4433693304535637,,,,2024,binary_20260719_044949_c6c955a30fc2,binary_20260719_044949_c6c955a30fc2,experiments/binary_results/binary_20260719_044949_c6c955a30fc2/test_predictions.csv,f0578c61cfb8f0bbef7c58d8ab338b9d31850912e618d5abe81846aa15e5c298,Figure 4
Fig5,IDH_ROC,IDH,Updated MLP,roc_curve,0.057514624678803784,0.4489848812095032,,,,2024,binary_20260719_044949_c6c955a30fc2,binary_20260719_044949_c6c955a30fc2,experiments/binary_results/binary_20260719_044949_c6c955a30fc2/test_predictions.csv,f0578c61cfb8f0bbef7c58d8ab338b9d31850912e618d5abe81846aa15e5c298,Figure 4
Fig5,IDH_ROC,IDH,Updated MLP,roc_curve,0.05937346235853699,0.4549460043196544,,,,2024,binary_20260719_044949_c6c955a30fc2,binary_20260719_044949_c6c955a30fc2,experiments/binary_results/binary_20260719_044949_c6c955a30fc2/test_predictions.csv,f0578c61cfb8f0bbef7c58d8ab338b9d31850912e618d5abe81846aa15e5c298,Figure 4
Fig5,IDH_ROC,IDH,Updated MLP,roc_curve,0.06117762834180745,0.4621166306695464,,,,2024,binary_20260719_044949_c6c955a30fc2,binary_20260719_044949_c6c955a30fc2,experiments/binary_results/binary_20260719_044949_c6c955a30fc2/test_predictions.csv,f0578c61cfb8f0bbef7c58d8ab338b9d31850912e618d5abe81846aa15e5c298,Figure 4
Fig5,IDH_ROC,IDH,Updated MLP,roc_curve,0.06330982450385435,0.4680777537796976,,,,2024,binary_20260719_044949_c6c955a30fc2,binary_20260719_044949_c6c955a30fc2,experiments/binary_results/binary_20260719_044949_c6c955a30fc2/test_predictions.csv,f0578c61cfb8f0bbef7c58d8ab338b9d31850912e618d5abe81846aa15e5c298,Figure 4
Fig5,IDH_ROC,IDH,Updated MLP,roc_curve,0.06533267727297579,0.4736069114470842,,,,2024,binary_20260719_044949_c6c955a30fc2,binary_20260719_044949_c6c955a30fc2,experiments/binary_results/binary_20260719_044949_c6c955a30fc2/test_predictions.csv,f0578c61cfb8f0bbef7c58d8ab338b9d31850912e618d5abe81846aa15e5c298,Figure 4
Fig5,IDH_ROC,IDH,Updated MLP,roc_curve,0.06741020173855995,0.4797408207343412,,,,2024,binary_20260719_044949_c6c955a30fc2,binary_20260719_044949_c6c955a30fc2,experiments/binary_results/binary_20260719_044949_c6c955a30fc2/test_predictions.csv,f0578c61cfb8f0bbef7c58d8ab338b9d31850912e618d5abe81846aa15e5c298,Figure 4
Fig5,IDH_ROC,IDH,Updated MLP,roc_curve,0.06965174129353234,0.4858747300215982,,,,2024,binary_20260719_044949_c6c955a30fc2,binary_20260719_044949_c6c955a30fc2,experiments/binary_results/binary_20260719_044949_c6c955a30fc2/test_predictions.csv,f0578c61cfb8f0bbef7c58d8ab338b9d31850912e618d5abe81846aa15e5c298,Figure 4
Fig5,IDH_ROC,IDH,Updated MLP,roc_curve,0.07140123558034006,0.4903671706263499,,,,2024,binary_20260719_044949_c6c955a30fc2,binary_20260719_044949_c6c955a30fc2,experiments/binary_results/binary_20260719_044949_c6c955a30fc2/test_predictions.csv,f0578c61cfb8f0bbef7c58d8ab338b9d31850912e618d5abe81846aa15e5c298,Figure 4
Fig5,IDH_ROC,IDH,Updated MLP,roc_curve,0.07386146192116341,0.4970194384449244,,,,2024,binary_20260719_044949_c6c955a30fc2,binary_20260719_044949_c6c955a30fc2,experiments/binary_results/binary_20260719_044949_c6c955a30fc2/test_predictions.csv,f0578c61cfb8f0bbef7c58d8ab338b9d31850912e618d5abe81846aa15e5c298,Figure 4
Fig5,IDH_ROC,IDH,Updated MLP,roc_curve,0.07572029960089662,0.5017710583153348,,,,2024,binary_20260719_044949_c6c955a30fc2,binary_20260719_044949_c6c955a30fc2,experiments/binary_results/binary_20260719_044949_c6c955a30fc2/test_predictions.csv,f0578c61cfb8f0bbef7c58d8ab338b9d31850912e618d5abe81846aa15e5c298,Figure 4
Fig5,IDH_ROC,IDH,Updated MLP,roc_curve,0.07807118254879448,0.5087688984881209,,,,2024,binary_20260719_044949_c6c955a30fc2,binary_20260719_044949_c6c955a30fc2,experiments/binary_results/binary_20260719_044949_c6c955a30fc2/test_predictions.csv,f0578c61cfb8f0bbef7c58d8ab338b9d31850912e618d5abe81846aa15e5c298,Figure 4
Fig5,IDH_ROC,IDH,Updated MLP,roc_curve,0.08025805040730413,0.514902807775378,,,,2024,binary_20260719_044949_c6c955a30fc2,binary_20260719_044949_c6c955a30fc2,experiments/binary_results/binary_20260719_044949_c6c955a30fc2/test_predictions.csv,f0578c61cfb8f0bbef7c58d8ab338b9d31850912e618d5abe81846aa15e5c298,Figure 4
Fig5,IDH_ROC,IDH,Updated MLP,roc_curve,0.08222623147996282,0.5203455723542116,,,,2024,binary_20260719_044949_c6c955a30fc2,binary_20260719_044949_c6c955a30fc2,experiments/binary_results/binary_20260719_044949_c6c955a30fc2/test_predictions.csv,f0578c61cfb8f0bbef7c58d8ab338b9d31850912e618d5abe81846aa15e5c298,Figure 4
Fig5,IDH_ROC,IDH,Updated MLP,roc_curve,0.08408506915969602,0.5256155507559396,,,,2024,binary_20260719_044949_c6c955a30fc2,binary_20260719_044949_c6c955a30fc2,experiments/binary_results/binary_20260719_044949_c6c955a30fc2/test_predictions.csv,f0578c61cfb8f0bbef7c58d8ab338b9d31850912e618d5abe81846aa15e5c298,Figure 4
Fig5,IDH_ROC,IDH,Updated MLP,roc_curve,0.08594390683942922,0.5307991360691144,,,,2024,binary_20260719_044949_c6c955a30fc2,binary_20260719_044949_c6c955a30fc2,experiments/binary_results/binary_20260719_044949_c6c955a30fc2/test_predictions.csv,f0578c61cfb8f0bbef7c58d8ab338b9d31850912e618d5abe81846aa15e5c298,Figure 4
Fig5,IDH_ROC,IDH,Updated MLP,roc_curve,0.08824011809086436,0.5370194384449244,,,,2024,binary_20260719_044949_c6c955a30fc2,binary_20260719_044949_c6c955a30fc2,experiments/binary_results/binary_20260719_044949_c6c955a30fc2/test_predictions.csv,f0578c61cfb8f0bbef7c58d8ab338b9d31850912e618d5abe81846aa15e5c298,Figure 4
Fig5,IDH_ROC,IDH,Updated MLP,roc_curve,0.09042698594937401,0.5410799136069114,,,,2024,binary_20260719_044949_c6c955a30fc2,binary_20260719_044949_c6c955a30fc2,experiments/binary_results/binary_20260719_044949_c6c955a30fc2/test_predictions.csv,f0578c61cfb8f0bbef7c58d8ab338b9d31850912e618d5abe81846aa15e5c298,Figure 4
Fig5,IDH_ROC,IDH,Updated MLP,roc_curve,0.09244983871849544,0.5465226781857452,,,,2024,binary_20260719_044949_c6c955a30fc2,binary_20260719_044949_c6c955a30fc2,experiments/binary_results/binary_20260719_044949_c6c955a30fc2/test_predictions.csv,f0578c61cfb8f0bbef7c58d8ab338b9d31850912e618d5abe81846aa15e5c298,Figure 4
Fig5,IDH_ROC,IDH,Updated MLP,roc_curve,0.09512875184516975,0.5516198704103672,,,,2024,binary_20260719_044949_c6c955a30fc2,binary_20260719_044949_c6c955a30fc2,experiments/binary_results/binary_20260719_044949_c6c955a30fc2/test_predictions.csv,f0578c61cfb8f0bbef7c58d8ab338b9d31850912e618d5abe81846aa15e5c298,Figure 4
Fig5,IDH_ROC,IDH,Updated MLP,roc_curve,0.09720627631075392,0.5560259179265659,,,,2024,binary_20260719_044949_c6c955a30fc2,binary_20260719_044949_c6c955a30fc2,experiments/binary_results/binary_20260719_044949_c6c955a30fc2/test_predictions.csv,f0578c61cfb8f0bbef7c58d8ab338b9d31850912e618d5abe81846aa15e5c298,Figure 4
Fig5,IDH_ROC,IDH,Updated MLP,roc_curve,0.09977584604450276,0.5599136069114471,,,,2024,binary_20260719_044949_c6c955a30fc2,binary_20260719_044949_c6c955a30fc2,experiments/binary_results/binary_20260719_044949_c6c955a30fc2/test_predictions.csv,f0578c61cfb8f0bbef7c58d8ab338b9d31850912e618d5abe81846aa15e5c298,Figure 4
Fig5,IDH_ROC,IDH,Updated MLP,roc_curve,0.10256410256410256,0.5638012958963283,,,,2024,binary_20260719_044949_c6c955a30fc2,binary_20260719_044949_c6c955a30fc2,experiments/binary_results/binary_20260719_044949_c6c955a30fc2/test_predictions.csv,f0578c61cfb8f0bbef7c58d8ab338b9d31850912e618d5abe81846aa15e5c298,Figure 4
Fig5,IDH_ROC,IDH,Updated MLP,roc_curve,0.10480564211907495,0.5690712742980562,,,,2024,binary_20260719_044949_c6c955a30fc2,binary_20260719_044949_c6c955a30fc2,experiments/binary_results/binary_20260719_044949_c6c955a30fc2/test_predictions.csv,f0578c61cfb8f0bbef7c58d8ab338b9d31850912e618d5abe81846aa15e5c298,Figure 4
Fig5,IDH_ROC,IDH,Updated MLP,roc_curve,0.10688316658465913,0.5746868250539957,,,,2024,binary_20260719_044949_c6c955a30fc2,binary_20260719_044949_c6c955a30fc2,experiments/binary_results/binary_20260719_044949_c6c955a30fc2/test_predictions.csv,f0578c61cfb8f0bbef7c58d8ab338b9d31850912e618d5abe81846aa15e5c298,Figure 4
Fig5,IDH_ROC,IDH,Updated MLP,roc_curve,0.10939806462194522,0.5785745140388769,,,,2024,binary_20260719_044949_c6c955a30fc2,binary_20260719_044949_c6c955a30fc2,experiments/binary_results/binary_20260719_044949_c6c955a30fc2/test_predictions.csv,f0578c61cfb8f0bbef7c58d8ab338b9d31850912e618d5abe81846aa15e5c298,Figure 4
Fig5,IDH_ROC,IDH,Updated MLP,roc_curve,0.11158493248045487,0.5824622030237581,,,,2024,binary_20260719_044949_c6c955a30fc2,binary_20260719_044949_c6c955a30fc2,experiments/binary_results/binary_20260719_044949_c6c955a30fc2/test_predictions.csv,f0578c61cfb8f0bbef7c58d8ab338b9d31850912e618d5abe81846aa15e5c298,Figure 4
Fig5,IDH_ROC,IDH,Updated MLP,roc_curve,0.11349844185665081,0.5873002159827214,,,,2024,binary_20260719_044949_c6c955a30fc2,binary_20260719_044949_c6c955a30fc2,experiments/binary_results/binary_20260719_044949_c6c955a30fc2/test_predictions.csv,f0578c61cfb8f0bbef7c58d8ab338b9d31850912e618d5abe81846aa15e5c298,Figure 4
Fig5,IDH_ROC,IDH,Updated MLP,roc_curve,0.1160133398939369,0.5929157667386609,,,,2024,binary_20260719_044949_c6c955a30fc2,binary_20260719_044949_c6c955a30fc2,experiments/binary_results/binary_20260719_044949_c6c955a30fc2/test_predictions.csv,f0578c61cfb8f0bbef7c58d8ab338b9d31850912e618d5abe81846aa15e5c298,Figure 4
Fig5,IDH_ROC,IDH,Updated MLP,roc_curve,0.11814553605598381,0.5966306695464363,,,,2024,binary_20260719_044949_c6c955a30fc2,binary_20260719_044949_c6c955a30fc2,experiments/binary_results/binary_20260719_044949_c6c955a30fc2/test_predictions.csv,f0578c61cfb8f0bbef7c58d8ab338b9d31850912e618d5abe81846aa15e5c298,Figure 4
Fig5,IDH_ROC,IDH,Updated MLP,roc_curve,0.1207697774861954,0.6006047516198704,,,,2024,binary_20260719_044949_c6c955a30fc2,binary_20260719_044949_c6c955a30fc2,experiments/binary_results/binary_20260719_044949_c6c955a30fc2/test_predictions.csv,f0578c61cfb8f0bbef7c58d8ab338b9d31850912e618d5abe81846aa15e5c298,Figure 4
Fig5,IDH_ROC,IDH,Updated MLP,roc_curve,0.12312066043409327,0.60414686825054,,,,2024,binary_20260719_044949_c6c955a30fc2,binary_20260719_044949_c6c955a30fc2,experiments/binary_results/binary_20260719_044949_c6c955a30fc2/test_predictions.csv,f0578c61cfb8f0bbef7c58d8ab338b9d31850912e618d5abe81846aa15e5c298,Figure 4
Fig5,IDH_ROC,IDH,Updated MLP,roc_curve,0.12536219998906567,0.6095896328293736,,,,2024,binary_20260719_044949_c6c955a30fc2,binary_20260719_044949_c6c955a30fc2,experiments/binary_results/binary_20260719_044949_c6c955a30fc2/test_predictions.csv,f0578c61cfb8f0bbef7c58d8ab338b9d31850912e618d5abe81846aa15e5c298,Figure 4
Fig5,IDH_ROC,IDH,Updated MLP,roc_curve,0.12804111311573999,0.6140820734341252,,,,2024,binary_20260719_044949_c6c955a30fc2,binary_20260719_044949_c6c955a30fc2,experiments/binary_results/binary_20260719_044949_c6c955a30fc2/test_predictions.csv,f0578c61cfb8f0bbef7c58d8ab338b9d31850912e618d5abe81846aa15e5c298,Figure 4
Fig5,IDH_ROC,IDH,Updated MLP,roc_curve,0.12989995079547317,0.6182289416846652,,,,2024,binary_20260719_044949_c6c955a30fc2,binary_20260719_044949_c6c955a30fc2,experiments/binary_results/binary_20260719_044949_c6c955a30fc2/test_predictions.csv,f0578c61cfb8f0bbef7c58d8ab338b9d31850912e618d5abe81846aa15e5c298,Figure 4
Fig5,IDH_ROC,IDH,Updated MLP,roc_curve,0.13241484883275928,0.6237580993520518,,,,2024,binary_20260719_044949_c6c955a30fc2,binary_20260719_044949_c6c955a30fc2,experiments/binary_results/binary_20260719_044949_c6c955a30fc2/test_predictions.csv,f0578c61cfb8f0bbef7c58d8ab338b9d31850912e618d5abe81846aa15e5c298,Figure 4
Fig5,IDH_ROC,IDH,Updated MLP,roc_curve,0.13487507517358263,0.6274730021598273,,,,2024,binary_20260719_044949_c6c955a30fc2,binary_20260719_044949_c6c955a30fc2,experiments/binary_results/binary_20260719_044949_c6c955a30fc2/test_predictions.csv,f0578c61cfb8f0bbef7c58d8ab338b9d31850912e618d5abe81846aa15e5c298,Figure 4
Fig5,IDH_ROC,IDH,Updated MLP,roc_curve,0.1376086599967197,0.6321382289416847,,,,2024,binary_20260719_044949_c6c955a30fc2,binary_20260719_044949_c6c955a30fc2,experiments/binary_results/binary_20260719_044949_c6c955a30fc2/test_predictions.csv,f0578c61cfb8f0bbef7c58d8ab338b9d31850912e618d5abe81846aa15e5c298,Figure 4
Fig5,IDH_ROC,IDH,Updated MLP,roc_curve,0.14028757312339402,0.6363714902807776,,,,2024,binary_20260719_044949_c6c955a30fc2,binary_20260719_044949_c6c955a30fc2,experiments/binary_results/binary_20260719_044949_c6c955a30fc2/test_predictions.csv,f0578c61cfb8f0bbef7c58d8ab338b9d31850912e618d5abe81846aa15e5c298,Figure 4
Fig5,IDH_ROC,IDH,Updated MLP,roc_curve,0.14274779946421737,0.6395680345572354,,,,2024,binary_20260719_044949_c6c955a30fc2,binary_20260719_044949_c6c955a30fc2,experiments/binary_results/binary_20260719_044949_c6c955a30fc2/test_predictions.csv,f0578c61cfb8f0bbef7c58d8ab338b9d31850912e618d5abe81846aa15e5c298,Figure 4
Fig5,IDH_ROC,IDH,Updated MLP,roc_curve,0.14498933901918976,0.6442332613390929,,,,2024,binary_20260719_044949_c6c955a30fc2,binary_20260719_044949_c6c955a30fc2,experiments/binary_results/binary_20260719_044949_c6c955a30fc2/test_predictions.csv,f0578c61cfb8f0bbef7c58d8ab338b9d31850912e618d5abe81846aa15e5c298,Figure 4
Fig5,IDH_ROC,IDH,Updated MLP,roc_curve,0.14805095402110327,0.6474298056155507,,,,2024,binary_20260719_044949_c6c955a30fc2,binary_20260719_044949_c6c955a30fc2,experiments/binary_results/binary_20260719_044949_c6c955a30fc2/test_predictions.csv,f0578c61cfb8f0bbef7c58d8ab338b9d31850912e618d5abe81846aa15e5c298,Figure 4
Fig5,IDH_ROC,IDH,Updated MLP,roc_curve,0.15023782187961293,0.6521814254859611,,,,2024,binary_20260719_044949_c6c955a30fc2,binary_20260719_044949_c6c955a30fc2,experiments/binary_results/binary_20260719_044949_c6c955a30fc2/test_predictions.csv,f0578c61cfb8f0bbef7c58d8ab338b9d31850912e618d5abe81846aa15e5c298,Figure 4
Fig5,IDH_ROC,IDH,Updated MLP,roc_curve,0.15335410857798917,0.656414686825054,,,,2024,binary_20260719_044949_c6c955a30fc2,binary_20260719_044949_c6c955a30fc2,experiments/binary_results/binary_20260719_044949_c6c955a30fc2/test_predictions.csv,f0578c61cfb8f0bbef7c58d8ab338b9d31850912e618d5abe81846aa15e5c298,Figure 4
Fig5,IDH_ROC,IDH,Updated MLP,roc_curve,0.15619703679405172,0.6607343412526998,,,,2024,binary_20260719_044949_c6c955a30fc2,binary_20260719_044949_c6c955a30fc2,experiments/binary_results/binary_20260719_044949_c6c955a30fc2/test_predictions.csv,f0578c61cfb8f0bbef7c58d8ab338b9d31850912e618d5abe81846aa15e5c298,Figure 4
Fig5,IDH_ROC,IDH,Updated MLP,roc_curve,0.15876660652780056,0.6649676025917927,,,,2024,binary_20260719_044949_c6c955a30fc2,binary_20260719_044949_c6c955a30fc2,experiments/binary_results/binary_20260719_044949_c6c955a30fc2/test_predictions.csv,f0578c61cfb8f0bbef7c58d8ab338b9d31850912e618d5abe81846aa15e5c298,Figure 4
Fig5,IDH_ROC,IDH,Updated MLP,roc_curve,0.1618828932261768,0.6679913606911447,,,,2024,binary_20260719_044949_c6c955a30fc2,binary_20260719_044949_c6c955a30fc2,experiments/binary_results/binary_20260719_044949_c6c955a30fc2/test_predictions.csv,f0578c61cfb8f0bbef7c58d8ab338b9d31850912e618d5abe81846aa15e5c298,Figure 4
Fig5,IDH_ROC,IDH,Updated MLP,roc_curve,0.16434311956700015,0.6726565874730022,,,,2024,binary_20260719_044949_c6c955a30fc2,binary_20260719_044949_c6c955a30fc2,experiments/binary_results/binary_20260719_044949_c6c955a30fc2/test_predictions.csv,f0578c61cfb8f0bbef7c58d8ab338b9d31850912e618d5abe81846aa15e5c298,Figure 4
Fig5,IDH_ROC,IDH,Updated MLP,roc_curve,0.1663659723361216,0.6762850971922246,,,,2024,binary_20260719_044949_c6c955a30fc2,binary_20260719_044949_c6c955a30fc2,experiments/binary_results/binary_20260719_044949_c6c955a30fc2/test_predictions.csv,f0578c61cfb8f0bbef7c58d8ab338b9d31850912e618d5abe81846aa15e5c298,Figure 4
Fig5,IDH_ROC,IDH,Updated MLP,roc_curve,0.16899021376633316,0.6800863930885529,,,,2024,binary_20260719_044949_c6c955a30fc2,binary_20260719_044949_c6c955a30fc2,experiments/binary_results/binary_20260719_044949_c6c955a30fc2/test_predictions.csv,f0578c61cfb8f0bbef7c58d8ab338b9d31850912e618d5abe81846aa15e5c298,Figure 4
Fig5,IDH_ROC,IDH,Updated MLP,roc_curve,0.17216117216117216,0.6838012958963283,,,,2024,binary_20260719_044949_c6c955a30fc2,binary_20260719_044949_c6c955a30fc2,experiments/binary_results/binary_20260719_044949_c6c955a30fc2/test_predictions.csv,f0578c61cfb8f0bbef7c58d8ab338b9d31850912e618d5abe81846aa15e5c298,Figure 4
Fig5,IDH_ROC,IDH,Updated MLP,roc_curve,0.17494942868077196,0.687170626349892,,,,2024,binary_20260719_044949_c6c955a30fc2,binary_20260719_044949_c6c955a30fc2,experiments/binary_results/binary_20260719_044949_c6c955a30fc2/test_predictions.csv,f0578c61cfb8f0bbef7c58d8ab338b9d31850912e618d5abe81846aa15e5c298,Figure 4
Fig5,IDH_ROC,IDH,Updated MLP,roc_curve,0.17839374555792467,0.6907991360691145,,,,2024,binary_20260719_044949_c6c955a30fc2,binary_20260719_044949_c6c955a30fc2,experiments/binary_results/binary_20260719_044949_c6c955a30fc2/test_predictions.csv,f0578c61cfb8f0bbef7c58d8ab338b9d31850912e618d5abe81846aa15e5c298,Figure 4
Fig5,IDH_ROC,IDH,Updated MLP,roc_curve,0.18129134547044995,0.6942548596112311,,,,2024,binary_20260719_044949_c6c955a30fc2,binary_20260719_044949_c6c955a30fc2,experiments/binary_results/binary_20260719_044949_c6c955a30fc2/test_predictions.csv,f0578c61cfb8f0bbef7c58d8ab338b9d31850912e618d5abe81846aa15e5c298,Figure 4
Fig5,IDH_ROC,IDH,Updated MLP,roc_curve,0.18386091520419878,0.6976241900647948,,,,2024,binary_20260719_044949_c6c955a30fc2,binary_20260719_044949_c6c955a30fc2,experiments/binary_results/binary_20260719_044949_c6c955a30fc2/test_predictions.csv,f0578c61cfb8f0bbef7c58d8ab338b9d31850912e618d5abe81846aa15e5c298,Figure 4
Fig5,IDH_ROC,IDH,Updated MLP,roc_curve,0.18610245475917117,0.7018574514038877,,,,2024,binary_20260719_044949_c6c955a30fc2,binary_20260719_044949_c6c955a30fc2,experiments/binary_results/binary_20260719_044949_c6c955a30fc2/test_predictions.csv,f0578c61cfb8f0bbef7c58d8ab338b9d31850912e618d5abe81846aa15e5c298,Figure 4
Fig5,IDH_ROC,IDH,Updated MLP,roc_curve,0.1885080094035318,0.7053131749460043,,,,2024,binary_20260719_044949_c6c955a30fc2,binary_20260719_044949_c6c955a30fc2,experiments/binary_results/binary_20260719_044949_c6c955a30fc2/test_predictions.csv,f0578c61cfb8f0bbef7c58d8ab338b9d31850912e618d5abe81846aa15e5c298,Figure 4
Fig5,IDH_ROC,IDH,Updated MLP,roc_curve,0.1911869225302061,0.7092008639308855,,,,2024,binary_20260719_044949_c6c955a30fc2,binary_20260719_044949_c6c955a30fc2,experiments/binary_results/binary_20260719_044949_c6c955a30fc2/test_predictions.csv,f0578c61cfb8f0bbef7c58d8ab338b9d31850912e618d5abe81846aa15e5c298,Figure 4
Fig5,IDH_ROC,IDH,Updated MLP,roc_curve,0.19424853753211963,0.7123110151187905,,,,2024,binary_20260719_044949_c6c955a30fc2,binary_20260719_044949_c6c955a30fc2,experiments/binary_results/binary_20260719_044949_c6c955a30fc2/test_predictions.csv,f0578c61cfb8f0bbef7c58d8ab338b9d31850912e618d5abe81846aa15e5c298,Figure 4
Fig5,IDH_ROC,IDH,Updated MLP,roc_curve,0.19692745065879394,0.7153347732181425,,,,2024,binary_20260719_044949_c6c955a30fc2,binary_20260719_044949_c6c955a30fc2,experiments/binary_results/binary_20260719_044949_c6c955a30fc2/test_predictions.csv,f0578c61cfb8f0bbef7c58d8ab338b9d31850912e618d5abe81846aa15e5c298,Figure 4
Fig5,IDH_ROC,IDH,Updated MLP,roc_curve,0.199661035481931,0.7187041036717062,,,,2024,binary_20260719_044949_c6c955a30fc2,binary_20260719_044949_c6c955a30fc2,experiments/binary_results/binary_20260719_044949_c6c955a30fc2/test_predictions.csv,f0578c61cfb8f0bbef7c58d8ab338b9d31850912e618d5abe81846aa15e5c298,Figure 4
Fig5,IDH_ROC,IDH,Updated MLP,roc_curve,0.20261330709091904,0.7229373650107991,,,,2024,binary_20260719_044949_c6c955a30fc2,binary_20260719_044949_c6c955a30fc2,experiments/binary_results/binary_20260719_044949_c6c955a30fc2/test_predictions.csv,f0578c61cfb8f0bbef7c58d8ab338b9d31850912e618d5abe81846aa15e5c298,Figure 4
Fig5,IDH_ROC,IDH,Updated MLP,roc_curve,0.20556557869990705,0.7264794816414687,,,,2024,binary_20260719_044949_c6c955a30fc2,binary_20260719_044949_c6c955a30fc2,experiments/binary_results/binary_20260719_044949_c6c955a30fc2/test_predictions.csv,f0578c61cfb8f0bbef7c58d8ab338b9d31850912e618d5abe81846aa15e5c298,Figure 4
Fig5,IDH_ROC,IDH,Updated MLP,roc_curve,0.2093379257558362,0.730194384449244,,,,2024,binary_20260719_044949_c6c955a30fc2,binary_20260719_044949_c6c955a30fc2,experiments/binary_results/binary_20260719_044949_c6c955a30fc2/test_predictions.csv,f0578c61cfb8f0bbef7c58d8ab338b9d31850912e618d5abe81846aa15e5c298,Figure 4
Fig5,IDH_ROC,IDH,Updated MLP,roc_curve,0.21261822754360069,0.7336501079913607,,,,2024,binary_20260719_044949_c6c955a30fc2,binary_20260719_044949_c6c955a30fc2,experiments/binary_results/binary_20260719_044949_c6c955a30fc2/test_predictions.csv,f0578c61cfb8f0bbef7c58d8ab338b9d31850912e618d5abe81846aa15e5c298,Figure 4
Fig5,IDH_ROC,IDH,Updated MLP,roc_curve,0.21589852933136516,0.737451403887689,,,,2024,binary_20260719_044949_c6c955a30fc2,binary_20260719_044949_c6c955a30fc2,experiments/binary_results/binary_20260719_044949_c6c955a30fc2/test_predictions.csv,f0578c61cfb8f0bbef7c58d8ab338b9d31850912e618d5abe81846aa15e5c298,Figure 4
Fig5,IDH_ROC,IDH,Updated MLP,roc_curve,0.21928817451205512,0.7408207343412527,,,,2024,binary_20260719_044949_c6c955a30fc2,binary_20260719_044949_c6c955a30fc2,experiments/binary_results/binary_20260719_044949_c6c955a30fc2/test_predictions.csv,f0578c61cfb8f0bbef7c58d8ab338b9d31850912e618d5abe81846aa15e5c298,Figure 4
Fig5,IDH_ROC,IDH,Updated MLP,roc_curve,0.2227324913892078,0.7440172786177106,,,,2024,binary_20260719_044949_c6c955a30fc2,binary_20260719_044949_c6c955a30fc2,experiments/binary_results/binary_20260719_044949_c6c955a30fc2/test_predictions.csv,f0578c61cfb8f0bbef7c58d8ab338b9d31850912e618d5abe81846aa15e5c298,Figure 4
Fig5,IDH_ROC,IDH,Updated MLP,roc_curve,0.22513804603356843,0.7477321814254859,,,,2024,binary_20260719_044949_c6c955a30fc2,binary_20260719_044949_c6c955a30fc2,experiments/binary_results/binary_20260719_044949_c6c955a30fc2/test_predictions.csv,f0578c61cfb8f0bbef7c58d8ab338b9d31850912e618d5abe81846aa15e5c298,Figure 4
Fig5,IDH_ROC,IDH,Updated MLP,roc_curve,0.22781695916024275,0.7514470842332613,,,,2024,binary_20260719_044949_c6c955a30fc2,binary_20260719_044949_c6c955a30fc2,experiments/binary_results/binary_20260719_044949_c6c955a30fc2/test_predictions.csv,f0578c61cfb8f0bbef7c58d8ab338b9d31850912e618d5abe81846aa15e5c298,Figure 4
Fig5,IDH_ROC,IDH,Updated MLP,roc_curve,0.23180799300202284,0.7545572354211663,,,,2024,binary_20260719_044949_c6c955a30fc2,binary_20260719_044949_c6c955a30fc2,experiments/binary_results/binary_20260719_044949_c6c955a30fc2/test_predictions.csv,f0578c61cfb8f0bbef7c58d8ab338b9d31850912e618d5abe81846aa15e5c298,Figure 4
Fig5,IDH_ROC,IDH,Updated MLP,roc_curve,0.235580340057952,0.7581857451403887,,,,2024,binary_20260719_044949_c6c955a30fc2,binary_20260719_044949_c6c955a30fc2,experiments/binary_results/binary_20260719_044949_c6c955a30fc2/test_predictions.csv,f0578c61cfb8f0bbef7c58d8ab338b9d31850912e618d5abe81846aa15e5c298,Figure 4
Fig5,IDH_ROC,IDH,Updated MLP,roc_curve,0.23869662675632825,0.7617278617710583,,,,2024,binary_20260719_044949_c6c955a30fc2,binary_20260719_044949_c6c955a30fc2,experiments/binary_results/binary_20260719_044949_c6c955a30fc2/test_predictions.csv,f0578c61cfb8f0bbef7c58d8ab338b9d31850912e618d5abe81846aa15e5c298,Figure 4
Fig5,IDH_ROC,IDH,Updated MLP,roc_curve,0.24186758515116724,0.765097192224622,,,,2024,binary_20260719_044949_c6c955a30fc2,binary_20260719_044949_c6c955a30fc2,experiments/binary_results/binary_20260719_044949_c6c955a30fc2/test_predictions.csv,f0578c61cfb8f0bbef7c58d8ab338b9d31850912e618d5abe81846aa15e5c298,Figure 4
Fig5,IDH_ROC,IDH,Updated MLP,roc_curve,0.24492920015308076,0.7679481641468683,,,,2024,binary_20260719_044949_c6c955a30fc2,binary_20260719_044949_c6c955a30fc2,experiments/binary_results/binary_20260719_044949_c6c955a30fc2/test_predictions.csv,f0578c61cfb8f0bbef7c58d8ab338b9d31850912e618d5abe81846aa15e5c298,Figure 4
Fig5,IDH_ROC,IDH,Updated MLP,roc_curve,0.2496309660488765,0.7705399568034558,,,,2024,binary_20260719_044949_c6c955a30fc2,binary_20260719_044949_c6c955a30fc2,experiments/binary_results/binary_20260719_044949_c6c955a30fc2/test_predictions.csv,f0578c61cfb8f0bbef7c58d8ab338b9d31850912e618d5abe81846aa15e5c298,Figure 4
Fig5,IDH_ROC,IDH,Updated MLP,roc_curve,0.25302061122956643,0.7740820734341253,,,,2024,binary_20260719_044949_c6c955a30fc2,binary_20260719_044949_c6c955a30fc2,experiments/binary_results/binary_20260719_044949_c6c955a30fc2/test_predictions.csv,f0578c61cfb8f0bbef7c58d8ab338b9d31850912e618d5abe81846aa15e5c298,Figure 4
Fig5,IDH_ROC,IDH,Updated MLP,roc_curve,0.25602755453501724,0.7777969762419007,,,,2024,binary_20260719_044949_c6c955a30fc2,binary_20260719_044949_c6c955a30fc2,experiments/binary_results/binary_20260719_044949_c6c955a30fc2/test_predictions.csv,f0578c61cfb8f0bbef7c58d8ab338b9d31850912e618d5abe81846aa15e5c298,Figure 4
Fig5,IDH_ROC,IDH,Updated MLP,roc_curve,0.2595812148050954,0.7809935205183586,,,,2024,binary_20260719_044949_c6c955a30fc2,binary_20260719_044949_c6c955a30fc2,experiments/binary_results/binary_20260719_044949_c6c955a30fc2/test_predictions.csv,f0578c61cfb8f0bbef7c58d8ab338b9d31850912e618d5abe81846aa15e5c298,Figure 4
Fig5,IDH_ROC,IDH,Updated MLP,roc_curve,0.26308020337871085,0.783585313174946,,,,2024,binary_20260719_044949_c6c955a30fc2,binary_20260719_044949_c6c955a30fc2,experiments/binary_results/binary_20260719_044949_c6c955a30fc2/test_predictions.csv,f0578c61cfb8f0bbef7c58d8ab338b9d31850912e618d5abe81846aa15e5c298,Figure 4
Fig5,IDH_ROC,IDH,Updated MLP,roc_curve,0.26728992400634194,0.7863498920086394,,,,2024,binary_20260719_044949_c6c955a30fc2,binary_20260719_044949_c6c955a30fc2,experiments/binary_results/binary_20260719_044949_c6c955a30fc2/test_predictions.csv,f0578c61cfb8f0bbef7c58d8ab338b9d31850912e618d5abe81846aa15e5c298,Figure 4
Fig5,IDH_ROC,IDH,Updated MLP,roc_curve,0.2706795691870319,0.7896328293736501,,,,2024,binary_20260719_044949_c6c955a30fc2,binary_20260719_044949_c6c955a30fc2,experiments/binary_results/binary_20260719_044949_c6c955a30fc2/test_predictions.csv,f0578c61cfb8f0bbef7c58d8ab338b9d31850912e618d5abe81846aa15e5c298,Figure 4
Fig5,IDH_ROC,IDH,Updated MLP,roc_curve,0.27527199168990213,0.7931749460043197,,,,2024,binary_20260719_044949_c6c955a30fc2,binary_20260719_044949_c6c955a30fc2,experiments/binary_results/binary_20260719_044949_c6c955a30fc2/test_predictions.csv,f0578c61cfb8f0bbef7c58d8ab338b9d31850912e618d5abe81846aa15e5c298,Figure 4
Fig5,IDH_ROC,IDH,Updated MLP,roc_curve,0.28019244437154883,0.7961123110151188,,,,2024,binary_20260719_044949_c6c955a30fc2,binary_20260719_044949_c6c955a30fc2,experiments/binary_results/binary_20260719_044949_c6c955a30fc2/test_predictions.csv,f0578c61cfb8f0bbef7c58d8ab338b9d31850912e618d5abe81846aa15e5c298,Figure 4
Fig5,IDH_ROC,IDH,Updated MLP,roc_curve,0.28347274615931334,0.7991360691144709,,,,2024,binary_20260719_044949_c6c955a30fc2,binary_20260719_044949_c6c955a30fc2,experiments/binary_results/binary_20260719_044949_c6c955a30fc2/test_predictions.csv,f0578c61cfb8f0bbef7c58d8ab338b9d31850912e618d5abe81846aa15e5c298,Figure 4
Fig5,IDH_ROC,IDH,Updated MLP,roc_curve,0.2885025422338855,0.80207343412527,,,,2024,binary_20260719_044949_c6c955a30fc2,binary_20260719_044949_c6c955a30fc2,experiments/binary_results/binary_20260719_044949_c6c955a30fc2/test_predictions.csv,f0578c61cfb8f0bbef7c58d8ab338b9d31850912e618d5abe81846aa15e5c298,Figure 4
Fig5,IDH_ROC,IDH,Updated MLP,roc_curve,0.2923295609862774,0.8055291576673866,,,,2024,binary_20260719_044949_c6c955a30fc2,binary_20260719_044949_c6c955a30fc2,experiments/binary_results/binary_20260719_044949_c6c955a30fc2/test_predictions.csv,f0578c61cfb8f0bbef7c58d8ab338b9d31850912e618d5abe81846aa15e5c298,Figure 4
Fig5,IDH_ROC,IDH,Updated MLP,roc_curve,0.2957738778634301,0.8082937365010799,,,,2024,binary_20260719_044949_c6c955a30fc2,binary_20260719_044949_c6c955a30fc2,experiments/binary_results/binary_20260719_044949_c6c955a30fc2/test_predictions.csv,f0578c61cfb8f0bbef7c58d8ab338b9d31850912e618d5abe81846aa15e5c298,Figure 4
Fig5,IDH_ROC,IDH,Updated MLP,roc_curve,0.29965556831228474,0.8109719222462203,,,,2024,binary_20260719_044949_c6c955a30fc2,binary_20260719_044949_c6c955a30fc2,experiments/binary_results/binary_20260719_044949_c6c955a30fc2/test_predictions.csv,f0578c61cfb8f0bbef7c58d8ab338b9d31850912e618d5abe81846aa15e5c298,Figure 4
Fig5,IDH_ROC,IDH,Updated MLP,roc_curve,0.3039746323328413,0.813390928725702,,,,2024,binary_20260719_044949_c6c955a30fc2,binary_20260719_044949_c6c955a30fc2,experiments/binary_results/binary_20260719_044949_c6c955a30fc2/test_predictions.csv,f0578c61cfb8f0bbef7c58d8ab338b9d31850912e618d5abe81846aa15e5c298,Figure 4
Fig5,IDH_ROC,IDH,Updated MLP,roc_curve,0.30736427751353124,0.8159827213822894,,,,2024,binary_20260719_044949_c6c955a30fc2,binary_20260719_044949_c6c955a30fc2,experiments/binary_results/binary_20260719_044949_c6c955a30fc2/test_predictions.csv,f0578c61cfb8f0bbef7c58d8ab338b9d31850912e618d5abe81846aa15e5c298,Figure 4
Fig5,IDH_ROC,IDH,Updated MLP,roc_curve,0.3111912962659231,0.8192656587473002,,,,2024,binary_20260719_044949_c6c955a30fc2,binary_20260719_044949_c6c955a30fc2,experiments/binary_results/binary_20260719_044949_c6c955a30fc2/test_predictions.csv,f0578c61cfb8f0bbef7c58d8ab338b9d31850912e618d5abe81846aa15e5c298,Figure 4
Fig5,IDH_ROC,IDH,Updated MLP,roc_curve,0.316494450822809,0.8220302375809935,,,,2024,binary_20260719_044949_c6c955a30fc2,binary_20260719_044949_c6c955a30fc2,experiments/binary_results/binary_20260719_044949_c6c955a30fc2/test_predictions.csv,f0578c61cfb8f0bbef7c58d8ab338b9d31850912e618d5abe81846aa15e5c298,Figure 4
Fig5,IDH_ROC,IDH,Updated MLP,roc_curve,0.32157891859384397,0.8249676025917927,,,,2024,binary_20260719_044949_c6c955a30fc2,binary_20260719_044949_c6c955a30fc2,experiments/binary_results/binary_20260719_044949_c6c955a30fc2/test_predictions.csv,f0578c61cfb8f0bbef7c58d8ab338b9d31850912e618d5abe81846aa15e5c298,Figure 4
Fig5,IDH_ROC,IDH,Updated MLP,roc_curve,0.3266087146684162,0.8275593952483802,,,,2024,binary_20260719_044949_c6c955a30fc2,binary_20260719_044949_c6c955a30fc2,experiments/binary_results/binary_20260719_044949_c6c955a30fc2/test_predictions.csv,f0578c61cfb8f0bbef7c58d8ab338b9d31850912e618d5abe81846aa15e5c298,Figure 4
Fig5,IDH_ROC,IDH,Updated MLP,roc_curve,0.3298343447597179,0.8302375809935205,,,,2024,binary_20260719_044949_c6c955a30fc2,binary_20260719_044949_c6c955a30fc2,experiments/binary_results/binary_20260719_044949_c6c955a30fc2/test_predictions.csv,f0578c61cfb8f0bbef7c58d8ab338b9d31850912e618d5abe81846aa15e5c298,Figure 4
Fig5,IDH_ROC,IDH,Updated MLP,roc_curve,0.3343174238696627,0.8334341252699784,,,,2024,binary_20260719_044949_c6c955a30fc2,binary_20260719_044949_c6c955a30fc2,experiments/binary_results/binary_20260719_044949_c6c955a30fc2/test_predictions.csv,f0578c61cfb8f0bbef7c58d8ab338b9d31850912e618d5abe81846aa15e5c298,Figure 4
Fig5,IDH_ROC,IDH,Updated MLP,roc_curve,0.3378710841397409,0.8361987041036717,,,,2024,binary_20260719_044949_c6c955a30fc2,binary_20260719_044949_c6c955a30fc2,experiments/binary_results/binary_20260719_044949_c6c955a30fc2/test_predictions.csv,f0578c61cfb8f0bbef7c58d8ab338b9d31850912e618d5abe81846aa15e5c298,Figure 4
Fig5,IDH_ROC,IDH,Updated MLP,roc_curve,0.34328358208955223,0.8384449244060476,,,,2024,binary_20260719_044949_c6c955a30fc2,binary_20260719_044949_c6c955a30fc2,experiments/binary_results/binary_20260719_044949_c6c955a30fc2/test_predictions.csv,f0578c61cfb8f0bbef7c58d8ab338b9d31850912e618d5abe81846aa15e5c298,Figure 4
Fig5,IDH_ROC,IDH,Updated MLP,roc_curve,0.34754797441364604,0.8411231101511879,,,,2024,binary_20260719_044949_c6c955a30fc2,binary_20260719_044949_c6c955a30fc2,experiments/binary_results/binary_20260719_044949_c6c955a30fc2/test_predictions.csv,f0578c61cfb8f0bbef7c58d8ab338b9d31850912e618d5abe81846aa15e5c298,Figure 4
Fig5,IDH_ROC,IDH,Updated MLP,roc_curve,0.3530151440599202,0.8434557235421166,,,,2024,binary_20260719_044949_c6c955a30fc2,binary_20260719_044949_c6c955a30fc2,experiments/binary_results/binary_20260719_044949_c6c955a30fc2/test_predictions.csv,f0578c61cfb8f0bbef7c58d8ab338b9d31850912e618d5abe81846aa15e5c298,Figure 4
Fig5,IDH_ROC,IDH,Updated MLP,roc_curve,0.3561861024547592,0.8463930885529157,,,,2024,binary_20260719_044949_c6c955a30fc2,binary_20260719_044949_c6c955a30fc2,experiments/binary_results/binary_20260719_044949_c6c955a30fc2/test_predictions.csv,f0578c61cfb8f0bbef7c58d8ab338b9d31850912e618d5abe81846aa15e5c298,Figure 4
Fig5,IDH_ROC,IDH,Updated MLP,roc_curve,0.3612158985293314,0.8490712742980562,,,,2024,binary_20260719_044949_c6c955a30fc2,binary_20260719_044949_c6c955a30fc2,experiments/binary_results/binary_20260719_044949_c6c955a30fc2/test_predictions.csv,f0578c61cfb8f0bbef7c58d8ab338b9d31850912e618d5abe81846aa15e5c298,Figure 4
Fig5,IDH_ROC,IDH,Updated MLP,roc_curve,0.36657372478268,0.8518358531317495,,,,2024,binary_20260719_044949_c6c955a30fc2,binary_20260719_044949_c6c955a30fc2,experiments/binary_results/binary_20260719_044949_c6c955a30fc2/test_predictions.csv,f0578c61cfb8f0bbef7c58d8ab338b9d31850912e618d5abe81846aa15e5c298,Figure 4
Fig5,IDH_ROC,IDH,Updated MLP,roc_curve,0.3724782680006561,0.8545140388768898,,,,2024,binary_20260719_044949_c6c955a30fc2,binary_20260719_044949_c6c955a30fc2,experiments/binary_results/binary_20260719_044949_c6c955a30fc2/test_predictions.csv,f0578c61cfb8f0bbef7c58d8ab338b9d31850912e618d5abe81846aa15e5c298,Figure 4
Fig5,IDH_ROC,IDH,Updated MLP,roc_curve,0.37734404898584,0.8572786177105831,,,,2024,binary_20260719_044949_c6c955a30fc2,binary_20260719_044949_c6c955a30fc2,experiments/binary_results/binary_20260719_044949_c6c955a30fc2/test_predictions.csv,f0578c61cfb8f0bbef7c58d8ab338b9d31850912e618d5abe81846aa15e5c298,Figure 4
Fig5,IDH_ROC,IDH,Updated MLP,roc_curve,0.38390465256136896,0.8598704103671706,,,,2024,binary_20260719_044949_c6c955a30fc2,binary_20260719_044949_c6c955a30fc2,experiments/binary_results/binary_20260719_044949_c6c955a30fc2/test_predictions.csv,f0578c61cfb8f0bbef7c58d8ab338b9d31850912e618d5abe81846aa15e5c298,Figure 4
Fig5,IDH_ROC,IDH,Updated MLP,roc_curve,0.3894811656005686,0.8622030237580993,,,,2024,binary_20260719_044949_c6c955a30fc2,binary_20260719_044949_c6c955a30fc2,experiments/binary_results/binary_20260719_044949_c6c955a30fc2/test_predictions.csv,f0578c61cfb8f0bbef7c58d8ab338b9d31850912e618d5abe81846aa15e5c298,Figure 4
Fig5,IDH_ROC,IDH,Updated MLP,roc_curve,0.39516702203269366,0.8647948164146868,,,,2024,binary_20260719_044949_c6c955a30fc2,binary_20260719_044949_c6c955a30fc2,experiments/binary_results/binary_20260719_044949_c6c955a30fc2/test_predictions.csv,f0578c61cfb8f0bbef7c58d8ab338b9d31850912e618d5abe81846aa15e5c298,Figure 4
Fig5,IDH_ROC,IDH,Updated MLP,roc_curve,0.4005795199825051,0.8673002159827213,,,,2024,binary_20260719_044949_c6c955a30fc2,binary_20260719_044949_c6c955a30fc2,experiments/binary_results/binary_20260719_044949_c6c955a30fc2/test_predictions.csv,f0578c61cfb8f0bbef7c58d8ab338b9d31850912e618d5abe81846aa15e5c298,Figure 4
Fig5,IDH_ROC,IDH,Updated MLP,roc_curve,0.40577333114646547,0.8694600431965442,,,,2024,binary_20260719_044949_c6c955a30fc2,binary_20260719_044949_c6c955a30fc2,experiments/binary_results/binary_20260719_044949_c6c955a30fc2/test_predictions.csv,f0578c61cfb8f0bbef7c58d8ab338b9d31850912e618d5abe81846aa15e5c298,Figure 4
Fig5,IDH_ROC,IDH,Updated MLP,roc_curve,0.41091247061396313,0.8721382289416847,,,,2024,binary_20260719_044949_c6c955a30fc2,binary_20260719_044949_c6c955a30fc2,experiments/binary_results/binary_20260719_044949_c6c955a30fc2/test_predictions.csv,f0578c61cfb8f0bbef7c58d8ab338b9d31850912e618d5abe81846aa15e5c298,Figure 4
Fig5,IDH_ROC,IDH,Updated MLP,roc_curve,0.41780110436826856,0.8752483801295896,,,,2024,binary_20260719_044949_c6c955a30fc2,binary_20260719_044949_c6c955a30fc2,experiments/binary_results/binary_20260719_044949_c6c955a30fc2/test_predictions.csv,f0578c61cfb8f0bbef7c58d8ab338b9d31850912e618d5abe81846aa15e5c298,Figure 4
Fig5,IDH_ROC,IDH,Updated MLP,roc_curve,0.4237056475862446,0.8777537796976241,,,,2024,binary_20260719_044949_c6c955a30fc2,binary_20260719_044949_c6c955a30fc2,experiments/binary_results/binary_20260719_044949_c6c955a30fc2/test_predictions.csv,f0578c61cfb8f0bbef7c58d8ab338b9d31850912e618d5abe81846aa15e5c298,Figure 4
Fig5,IDH_ROC,IDH,Updated MLP,roc_curve,0.4297742058936089,0.8802591792656588,,,,2024,binary_20260719_044949_c6c955a30fc2,binary_20260719_044949_c6c955a30fc2,experiments/binary_results/binary_20260719_044949_c6c955a30fc2/test_predictions.csv,f0578c61cfb8f0bbef7c58d8ab338b9d31850912e618d5abe81846aa15e5c298,Figure 4
Fig5,IDH_ROC,IDH,Updated MLP,roc_curve,0.43502268875403205,0.8831101511879049,,,,2024,binary_20260719_044949_c6c955a30fc2,binary_20260719_044949_c6c955a30fc2,experiments/binary_results/binary_20260719_044949_c6c955a30fc2/test_predictions.csv,f0578c61cfb8f0bbef7c58d8ab338b9d31850912e618d5abe81846aa15e5c298,Figure 4
Fig5,IDH_ROC,IDH,Updated MLP,roc_curve,0.43956043956043955,0.8855291576673866,,,,2024,binary_20260719_044949_c6c955a30fc2,binary_20260719_044949_c6c955a30fc2,experiments/binary_results/binary_20260719_044949_c6c955a30fc2/test_predictions.csv,f0578c61cfb8f0bbef7c58d8ab338b9d31850912e618d5abe81846aa15e5c298,Figure 4
Fig5,IDH_ROC,IDH,Updated MLP,roc_curve,0.4460663714395058,0.8880345572354211,,,,2024,binary_20260719_044949_c6c955a30fc2,binary_20260719_044949_c6c955a30fc2,experiments/binary_results/binary_20260719_044949_c6c955a30fc2/test_predictions.csv,f0578c61cfb8f0bbef7c58d8ab338b9d31850912e618d5abe81846aa15e5c298,Figure 4
Fig5,IDH_ROC,IDH,Updated MLP,roc_curve,0.45295500519381116,0.8906263498920086,,,,2024,binary_20260719_044949_c6c955a30fc2,binary_20260719_044949_c6c955a30fc2,experiments/binary_results/binary_20260719_044949_c6c955a30fc2/test_predictions.csv,f0578c61cfb8f0bbef7c58d8ab338b9d31850912e618d5abe81846aa15e5c298,Figure 4
Fig5,IDH_ROC,IDH,Updated MLP,roc_curve,0.45787545787545786,0.8928725701943845,,,,2024,binary_20260719_044949_c6c955a30fc2,binary_20260719_044949_c6c955a30fc2,experiments/binary_results/binary_20260719_044949_c6c955a30fc2/test_predictions.csv,f0578c61cfb8f0bbef7c58d8ab338b9d31850912e618d5abe81846aa15e5c298,Figure 4
Fig5,IDH_ROC,IDH,Updated MLP,roc_curve,0.4619758351101635,0.8955507559395248,,,,2024,binary_20260719_044949_c6c955a30fc2,binary_20260719_044949_c6c955a30fc2,experiments/binary_results/binary_20260719_044949_c6c955a30fc2/test_predictions.csv,f0578c61cfb8f0bbef7c58d8ab338b9d31850912e618d5abe81846aa15e5c298,Figure 4
Fig5,IDH_ROC,IDH,Updated MLP,roc_curve,0.46815373681045325,0.8978833693304535,,,,2024,binary_20260719_044949_c6c955a30fc2,binary_20260719_044949_c6c955a30fc2,experiments/binary_results/binary_20260719_044949_c6c955a30fc2/test_predictions.csv,f0578c61cfb8f0bbef7c58d8ab338b9d31850912e618d5abe81846aa15e5c298,Figure 4
Fig5,IDH_ROC,IDH,Updated MLP,roc_curve,0.4738395932425783,0.9000431965442764,,,,2024,binary_20260719_044949_c6c955a30fc2,binary_20260719_044949_c6c955a30fc2,experiments/binary_results/binary_20260719_044949_c6c955a30fc2/test_predictions.csv,f0578c61cfb8f0bbef7c58d8ab338b9d31850912e618d5abe81846aa15e5c298,Figure 4
Fig5,IDH_ROC,IDH,Updated MLP,roc_curve,0.47941610628177794,0.902462203023758,,,,2024,binary_20260719_044949_c6c955a30fc2,binary_20260719_044949_c6c955a30fc2,experiments/binary_results/binary_20260719_044949_c6c955a30fc2/test_predictions.csv,f0578c61cfb8f0bbef7c58d8ab338b9d31850912e618d5abe81846aa15e5c298,Figure 4
Fig5,IDH_ROC,IDH,Updated MLP,roc_curve,0.4860313815537696,0.9048812095032396,,,,2024,binary_20260719_044949_c6c955a30fc2,binary_20260719_044949_c6c955a30fc2,experiments/binary_results/binary_20260719_044949_c6c955a30fc2/test_predictions.csv,f0578c61cfb8f0bbef7c58d8ab338b9d31850912e618d5abe81846aa15e5c298,Figure 4
Fig5,IDH_ROC,IDH,Updated MLP,roc_curve,0.4919905964682084,0.9078185745140388,,,,2024,binary_20260719_044949_c6c955a30fc2,binary_20260719_044949_c6c955a30fc2,experiments/binary_results/binary_20260719_044949_c6c955a30fc2/test_predictions.csv,f0578c61cfb8f0bbef7c58d8ab338b9d31850912e618d5abe81846aa15e5c298,Figure 4
Fig5,IDH_ROC,IDH,Updated MLP,roc_curve,0.49827784156142363,0.9101511879049676,,,,2024,binary_20260719_044949_c6c955a30fc2,binary_20260719_044949_c6c955a30fc2,experiments/binary_results/binary_20260719_044949_c6c955a30fc2/test_predictions.csv,f0578c61cfb8f0bbef7c58d8ab338b9d31850912e618d5abe81846aa15e5c298,Figure 4
Fig5,IDH_ROC,IDH,Updated MLP,roc_curve,0.5042917281723251,0.9126565874730022,,,,2024,binary_20260719_044949_c6c955a30fc2,binary_20260719_044949_c6c955a30fc2,experiments/binary_results/binary_20260719_044949_c6c955a30fc2/test_predictions.csv,f0578c61cfb8f0bbef7c58d8ab338b9d31850912e618d5abe81846aa15e5c298,Figure 4
Fig5,IDH_ROC,IDH,Updated MLP,roc_curve,0.5154994259471871,0.914902807775378,,,,2024,binary_20260719_044949_c6c955a30fc2,binary_20260719_044949_c6c955a30fc2,experiments/binary_results/binary_20260719_044949_c6c955a30fc2/test_predictions.csv,f0578c61cfb8f0bbef7c58d8ab338b9d31850912e618d5abe81846aa15e5c298,Figure 4
Fig5,IDH_ROC,IDH,Updated MLP,roc_curve,0.5217319993439397,0.9176673866090712,,,,2024,binary_20260719_044949_c6c955a30fc2,binary_20260719_044949_c6c955a30fc2,experiments/binary_results/binary_20260719_044949_c6c955a30fc2/test_predictions.csv,f0578c61cfb8f0bbef7c58d8ab338b9d31850912e618d5abe81846aa15e5c298,Figure 4
Fig5,IDH_ROC,IDH,Updated MLP,roc_curve,0.530752829260292,0.9203455723542115,,,,2024,binary_20260719_044949_c6c955a30fc2,binary_20260719_044949_c6c955a30fc2,experiments/binary_results/binary_20260719_044949_c6c955a30fc2/test_predictions.csv,f0578c61cfb8f0bbef7c58d8ab338b9d31850912e618d5abe81846aa15e5c298,Figure 4
Fig5,IDH_ROC,IDH,Updated MLP,roc_curve,0.5418511836422284,0.9226781857451404,,,,2024,binary_20260719_044949_c6c955a30fc2,binary_20260719_044949_c6c955a30fc2,experiments/binary_results/binary_20260719_044949_c6c955a30fc2/test_predictions.csv,f0578c61cfb8f0bbef7c58d8ab338b9d31850912e618d5abe81846aa15e5c298,Figure 4
Fig5,IDH_ROC,IDH,Updated MLP,roc_curve,0.550379968290416,0.9248380129589632,,,,2024,binary_20260719_044949_c6c955a30fc2,binary_20260719_044949_c6c955a30fc2,experiments/binary_results/binary_20260719_044949_c6c955a30fc2/test_predictions.csv,f0578c61cfb8f0bbef7c58d8ab338b9d31850912e618d5abe81846aa15e5c298,Figure 4
Fig5,IDH_ROC,IDH,Updated MLP,roc_curve,0.5604942321360232,0.9273434125269978,,,,2024,binary_20260719_044949_c6c955a30fc2,binary_20260719_044949_c6c955a30fc2,experiments/binary_results/binary_20260719_044949_c6c955a30fc2/test_predictions.csv,f0578c61cfb8f0bbef7c58d8ab338b9d31850912e618d5abe81846aa15e5c298,Figure 4
Fig5,IDH_ROC,IDH,Updated MLP,roc_curve,0.5692963752665245,0.9299352051835852,,,,2024,binary_20260719_044949_c6c955a30fc2,binary_20260719_044949_c6c955a30fc2,experiments/binary_results/binary_20260719_044949_c6c955a30fc2/test_predictions.csv,f0578c61cfb8f0bbef7c58d8ab338b9d31850912e618d5abe81846aa15e5c298,Figure 4
Fig5,IDH_ROC,IDH,Updated MLP,roc_curve,0.5753649335738888,0.9324406047516198,,,,2024,binary_20260719_044949_c6c955a30fc2,binary_20260719_044949_c6c955a30fc2,experiments/binary_results/binary_20260719_044949_c6c955a30fc2/test_predictions.csv,f0578c61cfb8f0bbef7c58d8ab338b9d31850912e618d5abe81846aa15e5c298,Figure 4
Fig5,IDH_ROC,IDH,Updated MLP,roc_curve,0.5851511672407195,0.93451403887689,,,,2024,binary_20260719_044949_c6c955a30fc2,binary_20260719_044949_c6c955a30fc2,experiments/binary_results/binary_20260719_044949_c6c955a30fc2/test_predictions.csv,f0578c61cfb8f0bbef7c58d8ab338b9d31850912e618d5abe81846aa15e5c298,Figure 4
Fig5,IDH_ROC,IDH,Updated MLP,roc_curve,0.5961948499261932,0.9368466522678186,,,,2024,binary_20260719_044949_c6c955a30fc2,binary_20260719_044949_c6c955a30fc2,experiments/binary_results/binary_20260719_044949_c6c955a30fc2/test_predictions.csv,f0578c61cfb8f0bbef7c58d8ab338b9d31850912e618d5abe81846aa15e5c298,Figure 4
Fig5,IDH_ROC,IDH,Updated MLP,roc_curve,0.6059810835930239,0.9392656587473002,,,,2024,binary_20260719_044949_c6c955a30fc2,binary_20260719_044949_c6c955a30fc2,experiments/binary_results/binary_20260719_044949_c6c955a30fc2/test_predictions.csv,f0578c61cfb8f0bbef7c58d8ab338b9d31850912e618d5abe81846aa15e5c298,Figure 4
Fig5,IDH_ROC,IDH,Updated MLP,roc_curve,0.6138538078836586,0.9418574514038875,,,,2024,binary_20260719_044949_c6c955a30fc2,binary_20260719_044949_c6c955a30fc2,experiments/binary_results/binary_20260719_044949_c6c955a30fc2/test_predictions.csv,f0578c61cfb8f0bbef7c58d8ab338b9d31850912e618d5abe81846aa15e5c298,Figure 4
Fig5,IDH_ROC,IDH,Updated MLP,roc_curve,0.6236400415504894,0.9441036717062636,,,,2024,binary_20260719_044949_c6c955a30fc2,binary_20260719_044949_c6c955a30fc2,experiments/binary_results/binary_20260719_044949_c6c955a30fc2/test_predictions.csv,f0578c61cfb8f0bbef7c58d8ab338b9d31850912e618d5abe81846aa15e5c298,Figure 4
Fig5,IDH_ROC,IDH,Updated MLP,roc_curve,0.6308567054835712,0.9462634989200864,,,,2024,binary_20260719_044949_c6c955a30fc2,binary_20260719_044949_c6c955a30fc2,experiments/binary_results/binary_20260719_044949_c6c955a30fc2/test_predictions.csv,f0578c61cfb8f0bbef7c58d8ab338b9d31850912e618d5abe81846aa15e5c298,Figure 4
Fig5,IDH_ROC,IDH,Updated MLP,roc_curve,0.638073369416653,0.948855291576674,,,,2024,binary_20260719_044949_c6c955a30fc2,binary_20260719_044949_c6c955a30fc2,experiments/binary_results/binary_20260719_044949_c6c955a30fc2/test_predictions.csv,f0578c61cfb8f0bbef7c58d8ab338b9d31850912e618d5abe81846aa15e5c298,Figure 4
Fig5,IDH_ROC,IDH,Updated MLP,roc_curve,0.6498824558526051,0.9511879049676026,,,,2024,binary_20260719_044949_c6c955a30fc2,binary_20260719_044949_c6c955a30fc2,experiments/binary_results/binary_20260719_044949_c6c955a30fc2/test_predictions.csv,f0578c61cfb8f0bbef7c58d8ab338b9d31850912e618d5abe81846aa15e5c298,Figure 4
Fig5,IDH_ROC,IDH,Updated MLP,roc_curve,0.6569351046962987,0.9534341252699784,,,,2024,binary_20260719_044949_c6c955a30fc2,binary_20260719_044949_c6c955a30fc2,experiments/binary_results/binary_20260719_044949_c6c955a30fc2/test_predictions.csv,f0578c61cfb8f0bbef7c58d8ab338b9d31850912e618d5abe81846aa15e5c298,Figure 4
Fig5,IDH_ROC,IDH,Updated MLP,roc_curve,0.6698376250615057,0.9555939524838012,,,,2024,binary_20260719_044949_c6c955a30fc2,binary_20260719_044949_c6c955a30fc2,experiments/binary_results/binary_20260719_044949_c6c955a30fc2/test_predictions.csv,f0578c61cfb8f0bbef7c58d8ab338b9d31850912e618d5abe81846aa15e5c298,Figure 4
Fig5,IDH_ROC,IDH,Updated MLP,roc_curve,0.6778743644415286,0.958012958963283,,,,2024,binary_20260719_044949_c6c955a30fc2,binary_20260719_044949_c6c955a30fc2,experiments/binary_results/binary_20260719_044949_c6c955a30fc2/test_predictions.csv,f0578c61cfb8f0bbef7c58d8ab338b9d31850912e618d5abe81846aa15e5c298,Figure 4
Fig5,IDH_ROC,IDH,Updated MLP,roc_curve,0.6893554206987043,0.960172786177106,,,,2024,binary_20260719_044949_c6c955a30fc2,binary_20260719_044949_c6c955a30fc2,experiments/binary_results/binary_20260719_044949_c6c955a30fc2/test_predictions.csv,f0578c61cfb8f0bbef7c58d8ab338b9d31850912e618d5abe81846aa15e5c298,Figure 4
Fig5,IDH_ROC,IDH,Updated MLP,roc_curve,0.7028046580285386,0.9624190064794816,,,,2024,binary_20260719_044949_c6c955a30fc2,binary_20260719_044949_c6c955a30fc2,experiments/binary_results/binary_20260719_044949_c6c955a30fc2/test_predictions.csv,f0578c61cfb8f0bbef7c58d8ab338b9d31850912e618d5abe81846aa15e5c298,Figure 4
Fig5,IDH_ROC,IDH,Updated MLP,roc_curve,0.711169427587338,0.9649244060475162,,,,2024,binary_20260719_044949_c6c955a30fc2,binary_20260719_044949_c6c955a30fc2,experiments/binary_results/binary_20260719_044949_c6c955a30fc2/test_predictions.csv,f0578c61cfb8f0bbef7c58d8ab338b9d31850912e618d5abe81846aa15e5c298,Figure 4
Fig5,IDH_ROC,IDH,Updated MLP,roc_curve,0.7250560384888743,0.9670842332613392,,,,2024,binary_20260719_044949_c6c955a30fc2,binary_20260719_044949_c6c955a30fc2,experiments/binary_results/binary_20260719_044949_c6c955a30fc2/test_predictions.csv,f0578c61cfb8f0bbef7c58d8ab338b9d31850912e618d5abe81846aa15e5c298,Figure 4
Fig5,IDH_ROC,IDH,Updated MLP,roc_curve,0.7371384834071402,0.9693304535637148,,,,2024,binary_20260719_044949_c6c955a30fc2,binary_20260719_044949_c6c955a30fc2,experiments/binary_results/binary_20260719_044949_c6c955a30fc2/test_predictions.csv,f0578c61cfb8f0bbef7c58d8ab338b9d31850912e618d5abe81846aa15e5c298,Figure 4
Fig5,IDH_ROC,IDH,Updated MLP,roc_curve,0.7496036302006451,0.9716630669546436,,,,2024,binary_20260719_044949_c6c955a30fc2,binary_20260719_044949_c6c955a30fc2,experiments/binary_results/binary_20260719_044949_c6c955a30fc2/test_predictions.csv,f0578c61cfb8f0bbef7c58d8ab338b9d31850912e618d5abe81846aa15e5c298,Figure 4
Fig5,IDH_ROC,IDH,Updated MLP,roc_curve,0.7617407468153736,0.9738228941684666,,,,2024,binary_20260719_044949_c6c955a30fc2,binary_20260719_044949_c6c955a30fc2,experiments/binary_results/binary_20260719_044949_c6c955a30fc2/test_predictions.csv,f0578c61cfb8f0bbef7c58d8ab338b9d31850912e618d5abe81846aa15e5c298,Figure 4
Fig5,IDH_ROC,IDH,Updated MLP,roc_curve,0.7774315237001804,0.9759827213822894,,,,2024,binary_20260719_044949_c6c955a30fc2,binary_20260719_044949_c6c955a30fc2,experiments/binary_results/binary_20260719_044949_c6c955a30fc2/test_predictions.csv,f0578c61cfb8f0bbef7c58d8ab338b9d31850912e618d5abe81846aa15e5c298,Figure 4
Fig5,IDH_ROC,IDH,Updated MLP,roc_curve,0.7883658629927287,0.978488120950324,,,,2024,binary_20260719_044949_c6c955a30fc2,binary_20260719_044949_c6c955a30fc2,experiments/binary_results/binary_20260719_044949_c6c955a30fc2/test_predictions.csv,f0578c61cfb8f0bbef7c58d8ab338b9d31850912e618d5abe81846aa15e5c298,Figure 4
Fig5,IDH_ROC,IDH,Updated MLP,roc_curve,0.8018697720190258,0.980561555075594,,,,2024,binary_20260719_044949_c6c955a30fc2,binary_20260719_044949_c6c955a30fc2,experiments/binary_results/binary_20260719_044949_c6c955a30fc2/test_predictions.csv,f0578c61cfb8f0bbef7c58d8ab338b9d31850912e618d5abe81846aa15e5c298,Figure 4
Fig5,IDH_ROC,IDH,Updated MLP,roc_curve,0.818927341315401,0.982634989200864,,,,2024,binary_20260719_044949_c6c955a30fc2,binary_20260719_044949_c6c955a30fc2,experiments/binary_results/binary_20260719_044949_c6c955a30fc2/test_predictions.csv,f0578c61cfb8f0bbef7c58d8ab338b9d31850912e618d5abe81846aa15e5c298,Figure 4
Fig5,IDH_ROC,IDH,Updated MLP,roc_curve,0.8408506915969602,0.9850539956803456,,,,2024,binary_20260719_044949_c6c955a30fc2,binary_20260719_044949_c6c955a30fc2,experiments/binary_results/binary_20260719_044949_c6c955a30fc2/test_predictions.csv,f0578c61cfb8f0bbef7c58d8ab338b9d31850912e618d5abe81846aa15e5c298,Figure 4
Fig5,IDH_ROC,IDH,Updated MLP,roc_curve,0.8565961401782297,0.9870410367170628,,,,2024,binary_20260719_044949_c6c955a30fc2,binary_20260719_044949_c6c955a30fc2,experiments/binary_results/binary_20260719_044949_c6c955a30fc2/test_predictions.csv,f0578c61cfb8f0bbef7c58d8ab338b9d31850912e618d5abe81846aa15e5c298,Figure 4
Fig5,IDH_ROC,IDH,Updated MLP,roc_curve,0.8791208791208791,0.9892872570194384,,,,2024,binary_20260719_044949_c6c955a30fc2,binary_20260719_044949_c6c955a30fc2,experiments/binary_results/binary_20260719_044949_c6c955a30fc2/test_predictions.csv,f0578c61cfb8f0bbef7c58d8ab338b9d31850912e618d5abe81846aa15e5c298,Figure 4
Fig5,IDH_ROC,IDH,Updated MLP,roc_curve,0.8980919577934503,0.9916198704103673,,,,2024,binary_20260719_044949_c6c955a30fc2,binary_20260719_044949_c6c955a30fc2,experiments/binary_results/binary_20260719_044949_c6c955a30fc2/test_predictions.csv,f0578c61cfb8f0bbef7c58d8ab338b9d31850912e618d5abe81846aa15e5c298,Figure 4
Fig5,IDH_ROC,IDH,Updated MLP,roc_curve,0.9218741457547428,0.99377969762419,,,,2024,binary_20260719_044949_c6c955a30fc2,binary_20260719_044949_c6c955a30fc2,experiments/binary_results/binary_20260719_044949_c6c955a30fc2/test_predictions.csv,f0578c61cfb8f0bbef7c58d8ab338b9d31850912e618d5abe81846aa15e5c298,Figure 4
Fig5,IDH_ROC,IDH,Updated MLP,roc_curve,0.9425400470176589,0.9957667386609071,,,,2024,binary_20260719_044949_c6c955a30fc2,binary_20260719_044949_c6c955a30fc2,experiments/binary_results/binary_20260719_044949_c6c955a30fc2/test_predictions.csv,f0578c61cfb8f0bbef7c58d8ab338b9d31850912e618d5abe81846aa15e5c298,Figure 4
Fig5,IDH_ROC,IDH,Updated MLP,roc_curve,0.9660488764966377,0.9978401727861772,,,,2024,binary_20260719_044949_c6c955a30fc2,binary_20260719_044949_c6c955a30fc2,experiments/binary_results/binary_20260719_044949_c6c955a30fc2/test_predictions.csv,f0578c61cfb8f0bbef7c58d8ab338b9d31850912e618d5abe81846aa15e5c298,Figure 4
Fig5,IDH_ROC,IDH,Updated MLP,roc_curve,1.0,1.0,,,,2024,binary_20260719_044949_c6c955a30fc2,binary_20260719_044949_c6c955a30fc2,experiments/binary_results/binary_20260719_044949_c6c955a30fc2/test_predictions.csv,f0578c61cfb8f0bbef7c58d8ab338b9d31850912e618d5abe81846aa15e5c298,Figure 4
Fig5,IDH_PR,IDH,Updated MLP,precision_recall_curve,1.0,0.3875644545637179,,,,2024,binary_20260719_044949_c6c955a30fc2,binary_20260719_044949_c6c955a30fc2,experiments/binary_results/binary_20260719_044949_c6c955a30fc2/test_predictions.csv,f0578c61cfb8f0bbef7c58d8ab338b9d31850912e618d5abe81846aa15e5c298,Figure 4
Fig5,IDH_PR,IDH,Updated MLP,precision_recall_curve,0.9996544276457884,0.3893730861123263,,,,2024,binary_20260719_044949_c6c955a30fc2,binary_20260719_044949_c6c955a30fc2,experiments/binary_results/binary_20260719_044949_c6c955a30fc2/test_predictions.csv,f0578c61cfb8f0bbef7c58d8ab338b9d31850912e618d5abe81846aa15e5c298,Figure 4
Fig5,IDH_PR,IDH,Updated MLP,precision_recall_curve,0.9990496760259179,0.3911117123820475,,,,2024,binary_20260719_044949_c6c955a30fc2,binary_20260719_044949_c6c955a30fc2,experiments/binary_results/binary_20260719_044949_c6c955a30fc2/test_predictions.csv,f0578c61cfb8f0bbef7c58d8ab338b9d31850912e618d5abe81846aa15e5c298,Figure 4
Fig5,IDH_PR,IDH,Updated MLP,precision_recall_curve,0.9988768898488121,0.3930380392290172,,,,2024,binary_20260719_044949_c6c955a30fc2,binary_20260719_044949_c6c955a30fc2,experiments/binary_results/binary_20260719_044949_c6c955a30fc2/test_predictions.csv,f0578c61cfb8f0bbef7c58d8ab338b9d31850912e618d5abe81846aa15e5c298,Figure 4
Fig5,IDH_PR,IDH,Updated MLP,precision_recall_curve,0.9980993520518359,0.3947449345679434,,,,2024,binary_20260719_044949_c6c955a30fc2,binary_20260719_044949_c6c955a30fc2,experiments/binary_results/binary_20260719_044949_c6c955a30fc2/test_predictions.csv,f0578c61cfb8f0bbef7c58d8ab338b9d31850912e618d5abe81846aa15e5c298,Figure 4
Fig5,IDH_PR,IDH,Updated MLP,precision_recall_curve,0.9974946004319655,0.3965244865718799,,,,2024,binary_20260719_044949_c6c955a30fc2,binary_20260719_044949_c6c955a30fc2,experiments/binary_results/binary_20260719_044949_c6c955a30fc2/test_predictions.csv,f0578c61cfb8f0bbef7c58d8ab338b9d31850912e618d5abe81846aa15e5c298,Figure 4
Fig5,IDH_PR,IDH,Updated MLP,precision_recall_curve,0.9969762419006479,0.3983843684192357,,,,2024,binary_20260719_044949_c6c955a30fc2,binary_20260719_044949_c6c955a30fc2,experiments/binary_results/binary_20260719_044949_c6c955a30fc2/test_predictions.csv,f0578c61cfb8f0bbef7c58d8ab338b9d31850912e618d5abe81846aa15e5c298,Figure 4
Fig5,IDH_PR,IDH,Updated MLP,precision_recall_curve,0.9964578833693305,0.4002637423653525,,,,2024,binary_20260719_044949_c6c955a30fc2,binary_20260719_044949_c6c955a30fc2,experiments/binary_results/binary_20260719_044949_c6c955a30fc2/test_predictions.csv,f0578c61cfb8f0bbef7c58d8ab338b9d31850912e618d5abe81846aa15e5c298,Figure 4
Fig5,IDH_PR,IDH,Updated MLP,precision_recall_curve,0.9953347732181426,0.4019046954580339,,,,2024,binary_20260719_044949_c6c955a30fc2,binary_20260719_044949_c6c955a30fc2,experiments/binary_results/binary_20260719_044949_c6c955a30fc2/test_predictions.csv,f0578c61cfb8f0bbef7c58d8ab338b9d31850912e618d5abe81846aa15e5c298,Figure 4
Fig5,IDH_PR,IDH,Updated MLP,precision_recall_curve,0.9941252699784018,0.4035278440173937,,,,2024,binary_20260719_044949_c6c955a30fc2,binary_20260719_044949_c6c955a30fc2,experiments/binary_results/binary_20260719_044949_c6c955a30fc2/test_predictions.csv,f0578c61cfb8f0bbef7c58d8ab338b9d31850912e618d5abe81846aa15e5c298,Figure 4
Fig5,IDH_PR,IDH,Updated MLP,precision_recall_curve,0.99377969762419,0.4055063982796912,,,,2024,binary_20260719_044949_c6c955a30fc2,binary_20260719_044949_c6c955a30fc2,experiments/binary_results/binary_20260719_044949_c6c955a30fc2/test_predictions.csv,f0578c61cfb8f0bbef7c58d8ab338b9d31850912e618d5abe81846aa15e5c298,Figure 4
Fig5,IDH_PR,IDH,Updated MLP,precision_recall_curve,0.9931749460043197,0.4074139703015912,,,,2024,binary_20260719_044949_c6c955a30fc2,binary_20260719_044949_c6c955a30fc2,experiments/binary_results/binary_20260719_044949_c6c955a30fc2/test_predictions.csv,f0578c61cfb8f0bbef7c58d8ab338b9d31850912e618d5abe81846aa15e5c298,Figure 4
Fig5,IDH_PR,IDH,Updated MLP,precision_recall_curve,0.9923974082073435,0.409285256181857,,,,2024,binary_20260719_044949_c6c955a30fc2,binary_20260719_044949_c6c955a30fc2,experiments/binary_results/binary_20260719_044949_c6c955a30fc2/test_predictions.csv,f0578c61cfb8f0bbef7c58d8ab338b9d31850912e618d5abe81846aa15e5c298,Figure 4
Fig5,IDH_PR,IDH,Updated MLP,precision_recall_curve,0.9917062634989201,0.4112126097080423,,,,2024,binary_20260719_044949_c6c955a30fc2,binary_20260719_044949_c6c955a30fc2,experiments/binary_results/binary_20260719_044949_c6c955a30fc2/test_predictions.csv,f0578c61cfb8f0bbef7c58d8ab338b9d31850912e618d5abe81846aa15e5c298,Figure 4
Fig5,IDH_PR,IDH,Updated MLP,precision_recall_curve,0.9905831533477322,0.4129510912626953,,,,2024,binary_20260719_044949_c6c955a30fc2,binary_20260719_044949_c6c955a30fc2,experiments/binary_results/binary_20260719_044949_c6c955a30fc2/test_predictions.csv,f0578c61cfb8f0bbef7c58d8ab338b9d31850912e618d5abe81846aa15e5c298,Figure 4
Fig5,IDH_PR,IDH,Updated MLP,precision_recall_curve,0.9895464362850972,0.4147595596755504,,,,2024,binary_20260719_044949_c6c955a30fc2,binary_20260719_044949_c6c955a30fc2,experiments/binary_results/binary_20260719_044949_c6c955a30fc2/test_predictions.csv,f0578c61cfb8f0bbef7c58d8ab338b9d31850912e618d5abe81846aa15e5c298,Figure 4
Fig5,IDH_PR,IDH,Updated MLP,precision_recall_curve,0.988682505399568,0.4166605985582174,,,,2024,binary_20260719_044949_c6c955a30fc2,binary_20260719_044949_c6c955a30fc2,experiments/binary_results/binary_20260719_044949_c6c955a30fc2/test_predictions.csv,f0578c61cfb8f0bbef7c58d8ab338b9d31850912e618d5abe81846aa15e5c298,Figure 4
Fig5,IDH_PR,IDH,Updated MLP,precision_recall_curve,0.9880777537796976,0.418692341484844,,,,2024,binary_20260719_044949_c6c955a30fc2,binary_20260719_044949_c6c955a30fc2,experiments/binary_results/binary_20260719_044949_c6c955a30fc2/test_predictions.csv,f0578c61cfb8f0bbef7c58d8ab338b9d31850912e618d5abe81846aa15e5c298,Figure 4
Fig5,IDH_PR,IDH,Updated MLP,precision_recall_curve,0.9873866090712743,0.4207097106677464,,,,2024,binary_20260719_044949_c6c955a30fc2,binary_20260719_044949_c6c955a30fc2,experiments/binary_results/binary_20260719_044949_c6c955a30fc2/test_predictions.csv,f0578c61cfb8f0bbef7c58d8ab338b9d31850912e618d5abe81846aa15e5c298,Figure 4
Fig5,IDH_PR,IDH,Updated MLP,precision_recall_curve,0.9866090712742981,0.4226968205204131,,,,2024,binary_20260719_044949_c6c955a30fc2,binary_20260719_044949_c6c955a30fc2,experiments/binary_results/binary_20260719_044949_c6c955a30fc2/test_predictions.csv,f0578c61cfb8f0bbef7c58d8ab338b9d31850912e618d5abe81846aa15e5c298,Figure 4
Fig5,IDH_PR,IDH,Updated MLP,precision_recall_curve,0.985658747300216,0.4246473368816764,,,,2024,binary_20260719_044949_c6c955a30fc2,binary_20260719_044949_c6c955a30fc2,experiments/binary_results/binary_20260719_044949_c6c955a30fc2/test_predictions.csv,f0578c61cfb8f0bbef7c58d8ab338b9d31850912e618d5abe81846aa15e5c298,Figure 4
Fig5,IDH_PR,IDH,Updated MLP,precision_recall_curve,0.9848812095032398,0.4266946139162331,,,,2024,binary_20260719_044949_c6c955a30fc2,binary_20260719_044949_c6c955a30fc2,experiments/binary_results/binary_20260719_044949_c6c955a30fc2/test_predictions.csv,f0578c61cfb8f0bbef7c58d8ab338b9d31850912e618d5abe81846aa15e5c298,Figure 4
Fig5,IDH_PR,IDH,Updated MLP,precision_recall_curve,0.9836717062634989,0.4285768058117213,,,,2024,binary_20260719_044949_c6c955a30fc2,binary_20260719_044949_c6c955a30fc2,experiments/binary_results/binary_20260719_044949_c6c955a30fc2/test_predictions.csv,f0578c61cfb8f0bbef7c58d8ab338b9d31850912e618d5abe81846aa15e5c298,Figure 4
Fig5,IDH_PR,IDH,Updated MLP,precision_recall_curve,0.9830669546436285,0.4307290483761072,,,,2024,binary_20260719_044949_c6c955a30fc2,binary_20260719_044949_c6c955a30fc2,experiments/binary_results/binary_20260719_044949_c6c955a30fc2/test_predictions.csv,f0578c61cfb8f0bbef7c58d8ab338b9d31850912e618d5abe81846aa15e5c298,Figure 4
Fig5,IDH_PR,IDH,Updated MLP,precision_recall_curve,0.9821166306695465,0.4327699101568448,,,,2024,binary_20260719_044949_c6c955a30fc2,binary_20260719_044949_c6c955a30fc2,experiments/binary_results/binary_20260719_044949_c6c955a30fc2/test_predictions.csv,f0578c61cfb8f0bbef7c58d8ab338b9d31850912e618d5abe81846aa15e5c298,Figure 4
Fig5,IDH_PR,IDH,Updated MLP,precision_recall_curve,0.9813390928725702,0.4349107894938356,,,,2024,binary_20260719_044949_c6c955a30fc2,binary_20260719_044949_c6c955a30fc2,experiments/binary_results/binary_20260719_044949_c6c955a30fc2/test_predictions.csv,f0578c61cfb8f0bbef7c58d8ab338b9d31850912e618d5abe81846aa15e5c298,Figure 4
Fig5,IDH_PR,IDH,Updated MLP,precision_recall_curve,0.9803887688984881,0.4369993838570548,,,,2024,binary_20260719_044949_c6c955a30fc2,binary_20260719_044949_c6c955a30fc2,experiments/binary_results/binary_20260719_044949_c6c955a30fc2/test_predictions.csv,f0578c61cfb8f0bbef7c58d8ab338b9d31850912e618d5abe81846aa15e5c298,Figure 4
Fig5,IDH_PR,IDH,Updated MLP,precision_recall_curve,0.9791792656587474,0.439030058878215,,,,2024,binary_20260719_044949_c6c955a30fc2,binary_20260719_044949_c6c955a30fc2,experiments/binary_results/binary_20260719_044949_c6c955a30fc2/test_predictions.csv,f0578c61cfb8f0bbef7c58d8ab338b9d31850912e618d5abe81846aa15e5c298,Figure 4
Fig5,IDH_PR,IDH,Updated MLP,precision_recall_curve,0.9775377969762419,0.4408384306697315,,,,2024,binary_20260719_044949_c6c955a30fc2,binary_20260719_044949_c6c955a30fc2,experiments/binary_results/binary_20260719_044949_c6c955a30fc2/test_predictions.csv,f0578c61cfb8f0bbef7c58d8ab338b9d31850912e618d5abe81846aa15e5c298,Figure 4
Fig5,IDH_PR,IDH,Updated MLP,precision_recall_curve,0.9759827213822894,0.4427244582043343,,,,2024,binary_20260719_044949_c6c955a30fc2,binary_20260719_044949_c6c955a30fc2,experiments/binary_results/binary_20260719_044949_c6c955a30fc2/test_predictions.csv,f0578c61cfb8f0bbef7c58d8ab338b9d31850912e618d5abe81846aa15e5c298,Figure 4
Fig5,IDH_PR,IDH,Updated MLP,precision_recall_curve,0.9747732181425486,0.4447904758150353,,,,2024,binary_20260719_044949_c6c955a30fc2,binary_20260719_044949_c6c955a30fc2,experiments/binary_results/binary_20260719_044949_c6c955a30fc2/test_predictions.csv,f0578c61cfb8f0bbef7c58d8ab338b9d31850912e618d5abe81846aa15e5c298,Figure 4
Fig5,IDH_PR,IDH,Updated MLP,precision_recall_curve,0.9738228941684666,0.4470000396557878,,,,2024,binary_20260719_044949_c6c955a30fc2,binary_20260719_044949_c6c955a30fc2,experiments/binary_results/binary_20260719_044949_c6c955a30fc2/test_predictions.csv,f0578c61cfb8f0bbef7c58d8ab338b9d31850912e618d5abe81846aa15e5c298,Figure 4
Fig5,IDH_PR,IDH,Updated MLP,precision_recall_curve,0.9728725701943844,0.4492181266953885,,,,2024,binary_20260719_044949_c6c955a30fc2,binary_20260719_044949_c6c955a30fc2,experiments/binary_results/binary_20260719_044949_c6c955a30fc2/test_predictions.csv,f0578c61cfb8f0bbef7c58d8ab338b9d31850912e618d5abe81846aa15e5c298,Figure 4
Fig5,IDH_PR,IDH,Updated MLP,precision_recall_curve,0.9714902807775379,0.4512801990528935,,,,2024,binary_20260719_044949_c6c955a30fc2,binary_20260719_044949_c6c955a30fc2,experiments/binary_results/binary_20260719_044949_c6c955a30fc2/test_predictions.csv,f0578c61cfb8f0bbef7c58d8ab338b9d31850912e618d5abe81846aa15e5c298,Figure 4
Fig5,IDH_PR,IDH,Updated MLP,precision_recall_curve,0.9701079913606911,0.4533672480620155,,,,2024,binary_20260719_044949_c6c955a30fc2,binary_20260719_044949_c6c955a30fc2,experiments/binary_results/binary_20260719_044949_c6c955a30fc2/test_predictions.csv,f0578c61cfb8f0bbef7c58d8ab338b9d31850912e618d5abe81846aa15e5c298,Figure 4
Fig5,IDH_PR,IDH,Updated MLP,precision_recall_curve,0.9685529157667386,0.4553984889105532,,,,2024,binary_20260719_044949_c6c955a30fc2,binary_20260719_044949_c6c955a30fc2,experiments/binary_results/binary_20260719_044949_c6c955a30fc2/test_predictions.csv,f0578c61cfb8f0bbef7c58d8ab338b9d31850912e618d5abe81846aa15e5c298,Figure 4
Fig5,IDH_PR,IDH,Updated MLP,precision_recall_curve,0.967170626349892,0.4575363740395619,,,,2024,binary_20260719_044949_c6c955a30fc2,binary_20260719_044949_c6c955a30fc2,experiments/binary_results/binary_20260719_044949_c6c955a30fc2/test_predictions.csv,f0578c61cfb8f0bbef7c58d8ab338b9d31850912e618d5abe81846aa15e5c298,Figure 4
Fig5,IDH_PR,IDH,Updated MLP,precision_recall_curve,0.9663066954643629,0.4599284510053867,,,,2024,binary_20260719_044949_c6c955a30fc2,binary_20260719_044949_c6c955a30fc2,experiments/binary_results/binary_20260719_044949_c6c955a30fc2/test_predictions.csv,f0578c61cfb8f0bbef7c58d8ab338b9d31850912e618d5abe81846aa15e5c298,Figure 4
Fig5,IDH_PR,IDH,Updated MLP,precision_recall_curve,0.9647516198704104,0.4620381480408788,,,,2024,binary_20260719_044949_c6c955a30fc2,binary_20260719_044949_c6c955a30fc2,experiments/binary_results/binary_20260719_044949_c6c955a30fc2/test_predictions.csv,f0578c61cfb8f0bbef7c58d8ab338b9d31850912e618d5abe81846aa15e5c298,Figure 4
Fig5,IDH_PR,IDH,Updated MLP,precision_recall_curve,0.9628509719222462,0.4640076606020234,,,,2024,binary_20260719_044949_c6c955a30fc2,binary_20260719_044949_c6c955a30fc2,experiments/binary_results/binary_20260719_044949_c6c955a30fc2/test_predictions.csv,f0578c61cfb8f0bbef7c58d8ab338b9d31850912e618d5abe81846aa15e5c298,Figure 4
Fig5,IDH_PR,IDH,Updated MLP,precision_recall_curve,0.9615550755939525,0.4662951946038795,,,,2024,binary_20260719_044949_c6c955a30fc2,binary_20260719_044949_c6c955a30fc2,experiments/binary_results/binary_20260719_044949_c6c955a30fc2/test_predictions.csv,f0578c61cfb8f0bbef7c58d8ab338b9d31850912e618d5abe81846aa15e5c298,Figure 4
Fig5,IDH_PR,IDH,Updated MLP,precision_recall_curve,0.9600863930885529,0.468527340950293,,,,2024,binary_20260719_044949_c6c955a30fc2,binary_20260719_044949_c6c955a30fc2,experiments/binary_results/binary_20260719_044949_c6c955a30fc2/test_predictions.csv,f0578c61cfb8f0bbef7c58d8ab338b9d31850912e618d5abe81846aa15e5c298,Figure 4
Fig5,IDH_PR,IDH,Updated MLP,precision_recall_curve,0.9586177105831534,0.4707878993593279,,,,2024,binary_20260719_044949_c6c955a30fc2,binary_20260719_044949_c6c955a30fc2,experiments/binary_results/binary_20260719_044949_c6c955a30fc2/test_predictions.csv,f0578c61cfb8f0bbef7c58d8ab338b9d31850912e618d5abe81846aa15e5c298,Figure 4
Fig5,IDH_PR,IDH,Updated MLP,precision_recall_curve,0.956889848812095,0.4729695106328465,,,,2024,binary_20260719_044949_c6c955a30fc2,binary_20260719_044949_c6c955a30fc2,experiments/binary_results/binary_20260719_044949_c6c955a30fc2/test_predictions.csv,f0578c61cfb8f0bbef7c58d8ab338b9d31850912e618d5abe81846aa15e5c298,Figure 4
Fig5,IDH_PR,IDH,Updated MLP,precision_recall_curve,0.9553347732181425,0.4752449716348633,,,,2024,binary_20260719_044949_c6c955a30fc2,binary_20260719_044949_c6c955a30fc2,experiments/binary_results/binary_20260719_044949_c6c955a30fc2/test_predictions.csv,f0578c61cfb8f0bbef7c58d8ab338b9d31850912e618d5abe81846aa15e5c298,Figure 4
Fig5,IDH_PR,IDH,Updated MLP,precision_recall_curve,0.9541252699784017,0.4777229864175101,,,,2024,binary_20260719_044949_c6c955a30fc2,binary_20260719_044949_c6c955a30fc2,experiments/binary_results/binary_20260719_044949_c6c955a30fc2/test_predictions.csv,f0578c61cfb8f0bbef7c58d8ab338b9d31850912e618d5abe81846aa15e5c298,Figure 4
Fig5,IDH_PR,IDH,Updated MLP,precision_recall_curve,0.9521382289416847,0.4798415186346221,,,,2024,binary_20260719_044949_c6c955a30fc2,binary_20260719_044949_c6c955a30fc2,experiments/binary_results/binary_20260719_044949_c6c955a30fc2/test_predictions.csv,f0578c61cfb8f0bbef7c58d8ab338b9d31850912e618d5abe81846aa15e5c298,Figure 4
Fig5,IDH_PR,IDH,Updated MLP,precision_recall_curve,0.9502375809935205,0.4820317293364887,,,,2024,binary_20260719_044949_c6c955a30fc2,binary_20260719_044949_c6c955a30fc2,experiments/binary_results/binary_20260719_044949_c6c955a30fc2/test_predictions.csv,f0578c61cfb8f0bbef7c58d8ab338b9d31850912e618d5abe81846aa15e5c298,Figure 4
Fig5,IDH_PR,IDH,Updated MLP,precision_recall_curve,0.9488552915766739,0.4845156167284277,,,,2024,binary_20260719_044949_c6c955a30fc2,binary_20260719_044949_c6c955a30fc2,experiments/binary_results/binary_20260719_044949_c6c955a30fc2/test_predictions.csv,f0578c61cfb8f0bbef7c58d8ab338b9d31850912e618d5abe81846aa15e5c298,Figure 4
Fig5,IDH_PR,IDH,Updated MLP,precision_recall_curve,0.9468682505399568,0.4867217337241318,,,,2024,binary_20260719_044949_c6c955a30fc2,binary_20260719_044949_c6c955a30fc2,experiments/binary_results/binary_20260719_044949_c6c955a30fc2/test_predictions.csv,f0578c61cfb8f0bbef7c58d8ab338b9d31850912e618d5abe81846aa15e5c298,Figure 4
Fig5,IDH_PR,IDH,Updated MLP,precision_recall_curve,0.9445356371490281,0.4887567615897,,,,2024,binary_20260719_044949_c6c955a30fc2,binary_20260719_044949_c6c955a30fc2,experiments/binary_results/binary_20260719_044949_c6c955a30fc2/test_predictions.csv,f0578c61cfb8f0bbef7c58d8ab338b9d31850912e618d5abe81846aa15e5c298,Figure 4
Fig5,IDH_PR,IDH,Updated MLP,precision_recall_curve,0.942634989200864,0.4910883067782878,,,,2024,binary_20260719_044949_c6c955a30fc2,binary_20260719_044949_c6c955a30fc2,experiments/binary_results/binary_20260719_044949_c6c955a30fc2/test_predictions.csv,f0578c61cfb8f0bbef7c58d8ab338b9d31850912e618d5abe81846aa15e5c298,Figure 4
Fig5,IDH_PR,IDH,Updated MLP,precision_recall_curve,0.9407343412526998,0.4934294000362516,,,,2024,binary_20260719_044949_c6c955a30fc2,binary_20260719_044949_c6c955a30fc2,experiments/binary_results/binary_20260719_044949_c6c955a30fc2/test_predictions.csv,f0578c61cfb8f0bbef7c58d8ab338b9d31850912e618d5abe81846aa15e5c298,Figure 4
Fig5,IDH_PR,IDH,Updated MLP,precision_recall_curve,0.9386609071274298,0.4957112875262341,,,,2024,binary_20260719_044949_c6c955a30fc2,binary_20260719_044949_c6c955a30fc2,experiments/binary_results/binary_20260719_044949_c6c955a30fc2/test_predictions.csv,f0578c61cfb8f0bbef7c58d8ab338b9d31850912e618d5abe81846aa15e5c298,Figure 4
Fig5,IDH_PR,IDH,Updated MLP,precision_recall_curve,0.9371058315334774,0.4983002572583609,,,,2024,binary_20260719_044949_c6c955a30fc2,binary_20260719_044949_c6c955a30fc2,experiments/binary_results/binary_20260719_044949_c6c955a30fc2/test_predictions.csv,f0578c61cfb8f0bbef7c58d8ab338b9d31850912e618d5abe81846aa15e5c298,Figure 4
Fig5,IDH_PR,IDH,Updated MLP,precision_recall_curve,0.9355507559395249,0.5009019843656043,,,,2024,binary_20260719_044949_c6c955a30fc2,binary_20260719_044949_c6c955a30fc2,experiments/binary_results/binary_20260719_044949_c6c955a30fc2/test_predictions.csv,f0578c61cfb8f0bbef7c58d8ab338b9d31850912e618d5abe81846aa15e5c298,Figure 4
Fig5,IDH_PR,IDH,Updated MLP,precision_recall_curve,0.9341684665226782,0.5036564348595649,,,,2024,binary_20260719_044949_c6c955a30fc2,binary_20260719_044949_c6c955a30fc2,experiments/binary_results/binary_20260719_044949_c6c955a30fc2/test_predictions.csv,f0578c61cfb8f0bbef7c58d8ab338b9d31850912e618d5abe81846aa15e5c298,Figure 4
Fig5,IDH_PR,IDH,Updated MLP,precision_recall_curve,0.9324406047516198,0.5062620197945494,,,,2024,binary_20260719_044949_c6c955a30fc2,binary_20260719_044949_c6c955a30fc2,experiments/binary_results/binary_20260719_044949_c6c955a30fc2/test_predictions.csv,f0578c61cfb8f0bbef7c58d8ab338b9d31850912e618d5abe81846aa15e5c298,Figure 4
Fig5,IDH_PR,IDH,Updated MLP,precision_recall_curve,0.9297624190064795,0.5084089191232048,,,,2024,binary_20260719_044949_c6c955a30fc2,binary_20260719_044949_c6c955a30fc2,experiments/binary_results/binary_20260719_044949_c6c955a30fc2/test_predictions.csv,f0578c61cfb8f0bbef7c58d8ab338b9d31850912e618d5abe81846aa15e5c298,Figure 4
Fig5,IDH_PR,IDH,Updated MLP,precision_recall_curve,0.9282937365010799,0.5112041486274324,,,,2024,binary_20260719_044949_c6c955a30fc2,binary_20260719_044949_c6c955a30fc2,experiments/binary_results/binary_20260719_044949_c6c955a30fc2/test_predictions.csv,f0578c61cfb8f0bbef7c58d8ab338b9d31850912e618d5abe81846aa15e5c298,Figure 4
Fig5,IDH_PR,IDH,Updated MLP,precision_recall_curve,0.9256155507559395,0.5133930710623412,,,,2024,binary_20260719_044949_c6c955a30fc2,binary_20260719_044949_c6c955a30fc2,experiments/binary_results/binary_20260719_044949_c6c955a30fc2/test_predictions.csv,f0578c61cfb8f0bbef7c58d8ab338b9d31850912e618d5abe81846aa15e5c298,Figure 4
Fig5,IDH_PR,IDH,Updated MLP,precision_recall_curve,0.9238876889848812,0.516144601573435,,,,2024,binary_20260719_044949_c6c955a30fc2,binary_20260719_044949_c6c955a30fc2,experiments/binary_results/binary_20260719_044949_c6c955a30fc2/test_predictions.csv,f0578c61cfb8f0bbef7c58d8ab338b9d31850912e618d5abe81846aa15e5c298,Figure 4
Fig5,IDH_PR,IDH,Updated MLP,precision_recall_curve,0.9225053995680346,0.5191307307112645,,,,2024,binary_20260719_044949_c6c955a30fc2,binary_20260719_044949_c6c955a30fc2,experiments/binary_results/binary_20260719_044949_c6c955a30fc2/test_predictions.csv,f0578c61cfb8f0bbef7c58d8ab338b9d31850912e618d5abe81846aa15e5c298,Figure 4
Fig5,IDH_PR,IDH,Updated MLP,precision_recall_curve,0.9212958963282938,0.5222586806405799,,,,2024,binary_20260719_044949_c6c955a30fc2,binary_20260719_044949_c6c955a30fc2,experiments/binary_results/binary_20260719_044949_c6c955a30fc2/test_predictions.csv,f0578c61cfb8f0bbef7c58d8ab338b9d31850912e618d5abe81846aa15e5c298,Figure 4
Fig5,IDH_PR,IDH,Updated MLP,precision_recall_curve,0.9188768898488121,0.5247422171789432,,,,2024,binary_20260719_044949_c6c955a30fc2,binary_20260719_044949_c6c955a30fc2,experiments/binary_results/binary_20260719_044949_c6c955a30fc2/test_predictions.csv,f0578c61cfb8f0bbef7c58d8ab338b9d31850912e618d5abe81846aa15e5c298,Figure 4
Fig5,IDH_PR,IDH,Updated MLP,precision_recall_curve,0.916889848812095,0.5275113077190715,,,,2024,binary_20260719_044949_c6c955a30fc2,binary_20260719_044949_c6c955a30fc2,experiments/binary_results/binary_20260719_044949_c6c955a30fc2/test_predictions.csv,f0578c61cfb8f0bbef7c58d8ab338b9d31850912e618d5abe81846aa15e5c298,Figure 4
Fig5,IDH_PR,IDH,Updated MLP,precision_recall_curve,0.9145572354211663,0.5301216886173569,,,,2024,binary_20260719_044949_c6c955a30fc2,binary_20260719_044949_c6c955a30fc2,experiments/binary_results/binary_20260719_044949_c6c955a30fc2/test_predictions.csv,f0578c61cfb8f0bbef7c58d8ab338b9d31850912e618d5abe81846aa15e5c298,Figure 4
Fig5,IDH_PR,IDH,Updated MLP,precision_recall_curve,0.9131749460043197,0.53332660578233,,,,2024,binary_20260719_044949_c6c955a30fc2,binary_20260719_044949_c6c955a30fc2,experiments/binary_results/binary_20260719_044949_c6c955a30fc2/test_predictions.csv,f0578c61cfb8f0bbef7c58d8ab338b9d31850912e618d5abe81846aa15e5c298,Figure 4
Fig5,IDH_PR,IDH,Updated MLP,precision_recall_curve,0.9104103671706264,0.5357941834451901,,,,2024,binary_20260719_044949_c6c955a30fc2,binary_20260719_044949_c6c955a30fc2,experiments/binary_results/binary_20260719_044949_c6c955a30fc2/test_predictions.csv,f0578c61cfb8f0bbef7c58d8ab338b9d31850912e618d5abe81846aa15e5c298,Figure 4
Fig5,IDH_PR,IDH,Updated MLP,precision_recall_curve,0.9079913606911447,0.5384773030023567,,,,2024,binary_20260719_044949_c6c955a30fc2,binary_20260719_044949_c6c955a30fc2,experiments/binary_results/binary_20260719_044949_c6c955a30fc2/test_predictions.csv,f0578c61cfb8f0bbef7c58d8ab338b9d31850912e618d5abe81846aa15e5c298,Figure 4
Fig5,IDH_PR,IDH,Updated MLP,precision_recall_curve,0.9049676025917927,0.5408405617513424,,,,2024,binary_20260719_044949_c6c955a30fc2,binary_20260719_044949_c6c955a30fc2,experiments/binary_results/binary_20260719_044949_c6c955a30fc2/test_predictions.csv,f0578c61cfb8f0bbef7c58d8ab338b9d31850912e618d5abe81846aa15e5c298,Figure 4
Fig5,IDH_PR,IDH,Updated MLP,precision_recall_curve,0.9026349892008639,0.5436569882401915,,,,2024,binary_20260719_044949_c6c955a30fc2,binary_20260719_044949_c6c955a30fc2,experiments/binary_results/binary_20260719_044949_c6c955a30fc2/test_predictions.csv,f0578c61cfb8f0bbef7c58d8ab338b9d31850912e618d5abe81846aa15e5c298,Figure 4
Fig5,IDH_PR,IDH,Updated MLP,precision_recall_curve,0.8996976241900648,0.5461792626003041,,,,2024,binary_20260719_044949_c6c955a30fc2,binary_20260719_044949_c6c955a30fc2,experiments/binary_results/binary_20260719_044949_c6c955a30fc2/test_predictions.csv,f0578c61cfb8f0bbef7c58d8ab338b9d31850912e618d5abe81846aa15e5c298,Figure 4
Fig5,IDH_PR,IDH,Updated MLP,precision_recall_curve,0.8976241900647948,0.5492414230586246,,,,2024,binary_20260719_044949_c6c955a30fc2,binary_20260719_044949_c6c955a30fc2,experiments/binary_results/binary_20260719_044949_c6c955a30fc2/test_predictions.csv,f0578c61cfb8f0bbef7c58d8ab338b9d31850912e618d5abe81846aa15e5c298,Figure 4
Fig5,IDH_PR,IDH,Updated MLP,precision_recall_curve,0.8941684665226782,0.5514999733574892,,,,2024,binary_20260719_044949_c6c955a30fc2,binary_20260719_044949_c6c955a30fc2,experiments/binary_results/binary_20260719_044949_c6c955a30fc2/test_predictions.csv,f0578c61cfb8f0bbef7c58d8ab338b9d31850912e618d5abe81846aa15e5c298,Figure 4
Fig5,IDH_PR,IDH,Updated MLP,precision_recall_curve,0.8911447084233262,0.5540932531155995,,,,2024,binary_20260719_044949_c6c955a30fc2,binary_20260719_044949_c6c955a30fc2,experiments/binary_results/binary_20260719_044949_c6c955a30fc2/test_predictions.csv,f0578c61cfb8f0bbef7c58d8ab338b9d31850912e618d5abe81846aa15e5c298,Figure 4
Fig5,IDH_PR,IDH,Updated MLP,precision_recall_curve,0.8883801295896329,0.5568612585291888,,,,2024,binary_20260719_044949_c6c955a30fc2,binary_20260719_044949_c6c955a30fc2,experiments/binary_results/binary_20260719_044949_c6c955a30fc2/test_predictions.csv,f0578c61cfb8f0bbef7c58d8ab338b9d31850912e618d5abe81846aa15e5c298,Figure 4
Fig5,IDH_PR,IDH,Updated MLP,precision_recall_curve,0.8860475161987041,0.559917016978763,,,,2024,binary_20260719_044949_c6c955a30fc2,binary_20260719_044949_c6c955a30fc2,experiments/binary_results/binary_20260719_044949_c6c955a30fc2/test_predictions.csv,f0578c61cfb8f0bbef7c58d8ab338b9d31850912e618d5abe81846aa15e5c298,Figure 4
Fig5,IDH_PR,IDH,Updated MLP,precision_recall_curve,0.8826781857451403,0.5623933505807233,,,,2024,binary_20260719_044949_c6c955a30fc2,binary_20260719_044949_c6c955a30fc2,experiments/binary_results/binary_20260719_044949_c6c955a30fc2/test_predictions.csv,f0578c61cfb8f0bbef7c58d8ab338b9d31850912e618d5abe81846aa15e5c298,Figure 4
Fig5,IDH_PR,IDH,Updated MLP,precision_recall_curve,0.88,0.5653549425542543,,,,2024,binary_20260719_044949_c6c955a30fc2,binary_20260719_044949_c6c955a30fc2,experiments/binary_results/binary_20260719_044949_c6c955a30fc2/test_predictions.csv,f0578c61cfb8f0bbef7c58d8ab338b9d31850912e618d5abe81846aa15e5c298,Figure 4
Fig5,IDH_PR,IDH,Updated MLP,precision_recall_curve,0.8768898488120951,0.5680864162982034,,,,2024,binary_20260719_044949_c6c955a30fc2,binary_20260719_044949_c6c955a30fc2,experiments/binary_results/binary_20260719_044949_c6c955a30fc2/test_predictions.csv,f0578c61cfb8f0bbef7c58d8ab338b9d31850912e618d5abe81846aa15e5c298,Figure 4
Fig5,IDH_PR,IDH,Updated MLP,precision_recall_curve,0.873866090712743,0.570920584749111,,,,2024,binary_20260719_044949_c6c955a30fc2,binary_20260719_044949_c6c955a30fc2,experiments/binary_results/binary_20260719_044949_c6c955a30fc2/test_predictions.csv,f0578c61cfb8f0bbef7c58d8ab338b9d31850912e618d5abe81846aa15e5c298,Figure 4
Fig5,IDH_PR,IDH,Updated MLP,precision_recall_curve,0.8711015118790497,0.5739739283884556,,,,2024,binary_20260719_044949_c6c955a30fc2,binary_20260719_044949_c6c955a30fc2,experiments/binary_results/binary_20260719_044949_c6c955a30fc2/test_predictions.csv,f0578c61cfb8f0bbef7c58d8ab338b9d31850912e618d5abe81846aa15e5c298,Figure 4
Fig5,IDH_PR,IDH,Updated MLP,precision_recall_curve,0.8680777537796976,0.576907618992938,,,,2024,binary_20260719_044949_c6c955a30fc2,binary_20260719_044949_c6c955a30fc2,experiments/binary_results/binary_20260719_044949_c6c955a30fc2/test_predictions.csv,f0578c61cfb8f0bbef7c58d8ab338b9d31850912e618d5abe81846aa15e5c298,Figure 4
Fig5,IDH_PR,IDH,Updated MLP,precision_recall_curve,0.8651403887688985,0.5799837831576509,,,,2024,binary_20260719_044949_c6c955a30fc2,binary_20260719_044949_c6c955a30fc2,experiments/binary_results/binary_20260719_044949_c6c955a30fc2/test_predictions.csv,f0578c61cfb8f0bbef7c58d8ab338b9d31850912e618d5abe81846aa15e5c298,Figure 4
Fig5,IDH_PR,IDH,Updated MLP,precision_recall_curve,0.8624622030237581,0.583255433512503,,,,2024,binary_20260719_044949_c6c955a30fc2,binary_20260719_044949_c6c955a30fc2,experiments/binary_results/binary_20260719_044949_c6c955a30fc2/test_predictions.csv,f0578c61cfb8f0bbef7c58d8ab338b9d31850912e618d5abe81846aa15e5c298,Figure 4
Fig5,IDH_PR,IDH,Updated MLP,precision_recall_curve,0.8596976241900648,0.5865605658709107,,,,2024,binary_20260719_044949_c6c955a30fc2,binary_20260719_044949_c6c955a30fc2,experiments/binary_results/binary_20260719_044949_c6c955a30fc2/test_predictions.csv,f0578c61cfb8f0bbef7c58d8ab338b9d31850912e618d5abe81846aa15e5c298,Figure 4
Fig5,IDH_PR,IDH,Updated MLP,precision_recall_curve,0.8570194384449245,0.5899845366956108,,,,2024,binary_20260719_044949_c6c955a30fc2,binary_20260719_044949_c6c955a30fc2,experiments/binary_results/binary_20260719_044949_c6c955a30fc2/test_predictions.csv,f0578c61cfb8f0bbef7c58d8ab338b9d31850912e618d5abe81846aa15e5c298,Figure 4
Fig5,IDH_PR,IDH,Updated MLP,precision_recall_curve,0.8534773218142548,0.5928348535765723,,,,2024,binary_20260719_044949_c6c955a30fc2,binary_20260719_044949_c6c955a30fc2,experiments/binary_results/binary_20260719_044949_c6c955a30fc2/test_predictions.csv,f0578c61cfb8f0bbef7c58d8ab338b9d31850912e618d5abe81846aa15e5c298,Figure 4
Fig5,IDH_PR,IDH,Updated MLP,precision_recall_curve,0.8505399568034557,0.5961608332324089,,,,2024,binary_20260719_044949_c6c955a30fc2,binary_20260719_044949_c6c955a30fc2,experiments/binary_results/binary_20260719_044949_c6c955a30fc2/test_predictions.csv,f0578c61cfb8f0bbef7c58d8ab338b9d31850912e618d5abe81846aa15e5c298,Figure 4
Fig5,IDH_PR,IDH,Updated MLP,precision_recall_curve,0.8474298056155507,0.5994622013078287,,,,2024,binary_20260719_044949_c6c955a30fc2,binary_20260719_044949_c6c955a30fc2,experiments/binary_results/binary_20260719_044949_c6c955a30fc2/test_predictions.csv,f0578c61cfb8f0bbef7c58d8ab338b9d31850912e618d5abe81846aa15e5c298,Figure 4
Fig5,IDH_PR,IDH,Updated MLP,precision_recall_curve,0.8432829373650108,0.6020477394683279,,,,2024,binary_20260719_044949_c6c955a30fc2,binary_20260719_044949_c6c955a30fc2,experiments/binary_results/binary_20260719_044949_c6c955a30fc2/test_predictions.csv,f0578c61cfb8f0bbef7c58d8ab338b9d31850912e618d5abe81846aa15e5c298,Figure 4
Fig5,IDH_PR,IDH,Updated MLP,precision_recall_curve,0.8402591792656587,0.6055285767650355,,,,2024,binary_20260719_044949_c6c955a30fc2,binary_20260719_044949_c6c955a30fc2,experiments/binary_results/binary_20260719_044949_c6c955a30fc2/test_predictions.csv,f0578c61cfb8f0bbef7c58d8ab338b9d31850912e618d5abe81846aa15e5c298,Figure 4
Fig5,IDH_PR,IDH,Updated MLP,precision_recall_curve,0.8369762419006479,0.608848667672197,,,,2024,binary_20260719_044949_c6c955a30fc2,binary_20260719_044949_c6c955a30fc2,experiments/binary_results/binary_20260719_044949_c6c955a30fc2/test_predictions.csv,f0578c61cfb8f0bbef7c58d8ab338b9d31850912e618d5abe81846aa15e5c298,Figure 4
Fig5,IDH_PR,IDH,Updated MLP,precision_recall_curve,0.8334341252699784,0.6120416190838726,,,,2024,binary_20260719_044949_c6c955a30fc2,binary_20260719_044949_c6c955a30fc2,experiments/binary_results/binary_20260719_044949_c6c955a30fc2/test_predictions.csv,f0578c61cfb8f0bbef7c58d8ab338b9d31850912e618d5abe81846aa15e5c298,Figure 4
Fig5,IDH_PR,IDH,Updated MLP,precision_recall_curve,0.8294600431965443,0.6149362710561711,,,,2024,binary_20260719_044949_c6c955a30fc2,binary_20260719_044949_c6c955a30fc2,experiments/binary_results/binary_20260719_044949_c6c955a30fc2/test_predictions.csv,f0578c61cfb8f0bbef7c58d8ab338b9d31850912e618d5abe81846aa15e5c298,Figure 4
Fig5,IDH_PR,IDH,Updated MLP,precision_recall_curve,0.8258315334773219,0.6181853456638428,,,,2024,binary_20260719_044949_c6c955a30fc2,binary_20260719_044949_c6c955a30fc2,experiments/binary_results/binary_20260719_044949_c6c955a30fc2/test_predictions.csv,f0578c61cfb8f0bbef7c58d8ab338b9d31850912e618d5abe81846aa15e5c298,Figure 4
Fig5,IDH_PR,IDH,Updated MLP,precision_recall_curve,0.8221166306695464,0.621432769542219,,,,2024,binary_20260719_044949_c6c955a30fc2,binary_20260719_044949_c6c955a30fc2,experiments/binary_results/binary_20260719_044949_c6c955a30fc2/test_predictions.csv,f0578c61cfb8f0bbef7c58d8ab338b9d31850912e618d5abe81846aa15e5c298,Figure 4
Fig5,IDH_PR,IDH,Updated MLP,precision_recall_curve,0.8189200863930886,0.6251401437710216,,,,2024,binary_20260719_044949_c6c955a30fc2,binary_20260719_044949_c6c955a30fc2,experiments/binary_results/binary_20260719_044949_c6c955a30fc2/test_predictions.csv,f0578c61cfb8f0bbef7c58d8ab338b9d31850912e618d5abe81846aa15e5c298,Figure 4
Fig5,IDH_PR,IDH,Updated MLP,precision_recall_curve,0.8145140388768899,0.6279890761340172,,,,2024,binary_20260719_044949_c6c955a30fc2,binary_20260719_044949_c6c955a30fc2,experiments/binary_results/binary_20260719_044949_c6c955a30fc2/test_predictions.csv,f0578c61cfb8f0bbef7c58d8ab338b9d31850912e618d5abe81846aa15e5c298,Figure 4
Fig5,IDH_PR,IDH,Updated MLP,precision_recall_curve,0.8108855291576674,0.6314585575888052,,,,2024,binary_20260719_044949_c6c955a30fc2,binary_20260719_044949_c6c955a30fc2,experiments/binary_results/binary_20260719_044949_c6c955a30fc2/test_predictions.csv,f0578c61cfb8f0bbef7c58d8ab338b9d31850912e618d5abe81846aa15e5c298,Figure 4
Fig5,IDH_PR,IDH,Updated MLP,precision_recall_curve,0.8068250539956804,0.6347879282218597,,,,2024,binary_20260719_044949_c6c955a30fc2,binary_20260719_044949_c6c955a30fc2,experiments/binary_results/binary_20260719_044949_c6c955a30fc2/test_predictions.csv,f0578c61cfb8f0bbef7c58d8ab338b9d31850912e618d5abe81846aa15e5c298,Figure 4
Fig5,IDH_PR,IDH,Updated MLP,precision_recall_curve,0.8021598272138228,0.6376184590028843,,,,2024,binary_20260719_044949_c6c955a30fc2,binary_20260719_044949_c6c955a30fc2,experiments/binary_results/binary_20260719_044949_c6c955a30fc2/test_predictions.csv,f0578c61cfb8f0bbef7c58d8ab338b9d31850912e618d5abe81846aa15e5c298,Figure 4
Fig5,IDH_PR,IDH,Updated MLP,precision_recall_curve,0.7982721382289417,0.6411323896752706,,,,2024,binary_20260719_044949_c6c955a30fc2,binary_20260719_044949_c6c955a30fc2,experiments/binary_results/binary_20260719_044949_c6c955a30fc2/test_predictions.csv,f0578c61cfb8f0bbef7c58d8ab338b9d31850912e618d5abe81846aa15e5c298,Figure 4
Fig5,IDH_PR,IDH,Updated MLP,precision_recall_curve,0.7942980561555075,0.6446501191978684,,,,2024,binary_20260719_044949_c6c955a30fc2,binary_20260719_044949_c6c955a30fc2,experiments/binary_results/binary_20260719_044949_c6c955a30fc2/test_predictions.csv,f0578c61cfb8f0bbef7c58d8ab338b9d31850912e618d5abe81846aa15e5c298,Figure 4
Fig5,IDH_PR,IDH,Updated MLP,precision_recall_curve,0.7902375809935205,0.6481258414228017,,,,2024,binary_20260719_044949_c6c955a30fc2,binary_20260719_044949_c6c955a30fc2,experiments/binary_results/binary_20260719_044949_c6c955a30fc2/test_predictions.csv,f0578c61cfb8f0bbef7c58d8ab338b9d31850912e618d5abe81846aa15e5c298,Figure 4
Fig5,IDH_PR,IDH,Updated MLP,precision_recall_curve,0.7853995680345572,0.6511244807334193,,,,2024,binary_20260719_044949_c6c955a30fc2,binary_20260719_044949_c6c955a30fc2,experiments/binary_results/binary_20260719_044949_c6c955a30fc2/test_predictions.csv,f0578c61cfb8f0bbef7c58d8ab338b9d31850912e618d5abe81846aa15e5c298,Figure 4
Fig5,IDH_PR,IDH,Updated MLP,precision_recall_curve,0.7816846652267818,0.6550825369244135,,,,2024,binary_20260719_044949_c6c955a30fc2,binary_20260719_044949_c6c955a30fc2,experiments/binary_results/binary_20260719_044949_c6c955a30fc2/test_predictions.csv,f0578c61cfb8f0bbef7c58d8ab338b9d31850912e618d5abe81846aa15e5c298,Figure 4
Fig5,IDH_PR,IDH,Updated MLP,precision_recall_curve,0.7765874730021598,0.6580045384671693,,,,2024,binary_20260719_044949_c6c955a30fc2,binary_20260719_044949_c6c955a30fc2,experiments/binary_results/binary_20260719_044949_c6c955a30fc2/test_predictions.csv,f0578c61cfb8f0bbef7c58d8ab338b9d31850912e618d5abe81846aa15e5c298,Figure 4
Fig5,IDH_PR,IDH,Updated MLP,precision_recall_curve,0.771317494600432,0.6607460035523979,,,,2024,binary_20260719_044949_c6c955a30fc2,binary_20260719_044949_c6c955a30fc2,experiments/binary_results/binary_20260719_044949_c6c955a30fc2/test_predictions.csv,f0578c61cfb8f0bbef7c58d8ab338b9d31850912e618d5abe81846aa15e5c298,Figure 4
Fig5,IDH_PR,IDH,Updated MLP,precision_recall_curve,0.7676025917926566,0.6649951350946786,,,,2024,binary_20260719_044949_c6c955a30fc2,binary_20260719_044949_c6c955a30fc2,experiments/binary_results/binary_20260719_044949_c6c955a30fc2/test_predictions.csv,f0578c61cfb8f0bbef7c58d8ab338b9d31850912e618d5abe81846aa15e5c298,Figure 4
Fig5,IDH_PR,IDH,Updated MLP,precision_recall_curve,0.7628509719222463,0.668433005299016,,,,2024,binary_20260719_044949_c6c955a30fc2,binary_20260719_044949_c6c955a30fc2,experiments/binary_results/binary_20260719_044949_c6c955a30fc2/test_predictions.csv,f0578c61cfb8f0bbef7c58d8ab338b9d31850912e618d5abe81846aa15e5c298,Figure 4
Fig5,IDH_PR,IDH,Updated MLP,precision_recall_curve,0.7573218142548596,0.6712611991729841,,,,2024,binary_20260719_044949_c6c955a30fc2,binary_20260719_044949_c6c955a30fc2,experiments/binary_results/binary_20260719_044949_c6c955a30fc2/test_predictions.csv,f0578c61cfb8f0bbef7c58d8ab338b9d31850912e618d5abe81846aa15e5c298,Figure 4
Fig5,IDH_PR,IDH,Updated MLP,precision_recall_curve,0.752829373650108,0.6750329227670617,,,,2024,binary_20260719_044949_c6c955a30fc2,binary_20260719_044949_c6c955a30fc2,experiments/binary_results/binary_20260719_044949_c6c955a30fc2/test_predictions.csv,f0578c61cfb8f0bbef7c58d8ab338b9d31850912e618d5abe81846aa15e5c298,Figure 4
Fig5,IDH_PR,IDH,Updated MLP,precision_recall_curve,0.7472138228941685,0.677874441570656,,,,2024,binary_20260719_044949_c6c955a30fc2,binary_20260719_044949_c6c955a30fc2,experiments/binary_results/binary_20260719_044949_c6c955a30fc2/test_predictions.csv,f0578c61cfb8f0bbef7c58d8ab338b9d31850912e618d5abe81846aa15e5c298,Figure 4
Fig5,IDH_PR,IDH,Updated MLP,precision_recall_curve,0.741511879049676,0.6807042588627171,,,,2024,binary_20260719_044949_c6c955a30fc2,binary_20260719_044949_c6c955a30fc2,experiments/binary_results/binary_20260719_044949_c6c955a30fc2/test_predictions.csv,f0578c61cfb8f0bbef7c58d8ab338b9d31850912e618d5abe81846aa15e5c298,Figure 4
Fig5,IDH_PR,IDH,Updated MLP,precision_recall_curve,0.7366738660907127,0.6844048479011157,,,,2024,binary_20260719_044949_c6c955a30fc2,binary_20260719_044949_c6c955a30fc2,experiments/binary_results/binary_20260719_044949_c6c955a30fc2/test_predictions.csv,f0578c61cfb8f0bbef7c58d8ab338b9d31850912e618d5abe81846aa15e5c298,Figure 4
Fig5,IDH_PR,IDH,Updated MLP,precision_recall_curve,0.7312311015118791,0.6876269396376635,,,,2024,binary_20260719_044949_c6c955a30fc2,binary_20260719_044949_c6c955a30fc2,experiments/binary_results/binary_20260719_044949_c6c955a30fc2/test_predictions.csv,f0578c61cfb8f0bbef7c58d8ab338b9d31850912e618d5abe81846aa15e5c298,Figure 4
Fig5,IDH_PR,IDH,Updated MLP,precision_recall_curve,0.7259611231101512,0.691093017517888,,,,2024,binary_20260719_044949_c6c955a30fc2,binary_20260719_044949_c6c955a30fc2,experiments/binary_results/binary_20260719_044949_c6c955a30fc2/test_predictions.csv,f0578c61cfb8f0bbef7c58d8ab338b9d31850912e618d5abe81846aa15e5c298,Figure 4
Fig5,IDH_PR,IDH,Updated MLP,precision_recall_curve,0.7200863930885529,0.6941205862758161,,,,2024,binary_20260719_044949_c6c955a30fc2,binary_20260719_044949_c6c955a30fc2,experiments/binary_results/binary_20260719_044949_c6c955a30fc2/test_predictions.csv,f0578c61cfb8f0bbef7c58d8ab338b9d31850912e618d5abe81846aa15e5c298,Figure 4
Fig5,IDH_PR,IDH,Updated MLP,precision_recall_curve,0.7146436285097192,0.6976469596019229,,,,2024,binary_20260719_044949_c6c955a30fc2,binary_20260719_044949_c6c955a30fc2,experiments/binary_results/binary_20260719_044949_c6c955a30fc2/test_predictions.csv,f0578c61cfb8f0bbef7c58d8ab338b9d31850912e618d5abe81846aa15e5c298,Figure 4
Fig5,IDH_PR,IDH,Updated MLP,precision_recall_curve,0.7092008639308855,0.701204407619373,,,,2024,binary_20260719_044949_c6c955a30fc2,binary_20260719_044949_c6c955a30fc2,experiments/binary_results/binary_20260719_044949_c6c955a30fc2/test_predictions.csv,f0578c61cfb8f0bbef7c58d8ab338b9d31850912e618d5abe81846aa15e5c298,Figure 4
Fig5,IDH_PR,IDH,Updated MLP,precision_recall_curve,0.7032397408207344,0.7043350350436964,,,,2024,binary_20260719_044949_c6c955a30fc2,binary_20260719_044949_c6c955a30fc2,experiments/binary_results/binary_20260719_044949_c6c955a30fc2/test_predictions.csv,f0578c61cfb8f0bbef7c58d8ab338b9d31850912e618d5abe81846aa15e5c298,Figure 4
Fig5,IDH_PR,IDH,Updated MLP,precision_recall_curve,0.696414686825054,0.7066713421583238,,,,2024,binary_20260719_044949_c6c955a30fc2,binary_20260719_044949_c6c955a30fc2,experiments/binary_results/binary_20260719_044949_c6c955a30fc2/test_predictions.csv,f0578c61cfb8f0bbef7c58d8ab338b9d31850912e618d5abe81846aa15e5c298,Figure 4
Fig5,IDH_PR,IDH,Updated MLP,precision_recall_curve,0.6907127429805615,0.7102247490450386,,,,2024,binary_20260719_044949_c6c955a30fc2,binary_20260719_044949_c6c955a30fc2,experiments/binary_results/binary_20260719_044949_c6c955a30fc2/test_predictions.csv,f0578c61cfb8f0bbef7c58d8ab338b9d31850912e618d5abe81846aa15e5c298,Figure 4
Fig5,IDH_PR,IDH,Updated MLP,precision_recall_curve,0.6854427645788337,0.7143886187646318,,,,2024,binary_20260719_044949_c6c955a30fc2,binary_20260719_044949_c6c955a30fc2,experiments/binary_results/binary_20260719_044949_c6c955a30fc2/test_predictions.csv,f0578c61cfb8f0bbef7c58d8ab338b9d31850912e618d5abe81846aa15e5c298,Figure 4
Fig5,IDH_PR,IDH,Updated MLP,precision_recall_curve,0.6798272138228941,0.718236582694414,,,,2024,binary_20260719_044949_c6c955a30fc2,binary_20260719_044949_c6c955a30fc2,experiments/binary_results/binary_20260719_044949_c6c955a30fc2/test_predictions.csv,f0578c61cfb8f0bbef7c58d8ab338b9d31850912e618d5abe81846aa15e5c298,Figure 4
Fig5,IDH_PR,IDH,Updated MLP,precision_recall_curve,0.6734341252699784,0.7212917553437587,,,,2024,binary_20260719_044949_c6c955a30fc2,binary_20260719_044949_c6c955a30fc2,experiments/binary_results/binary_20260719_044949_c6c955a30fc2/test_predictions.csv,f0578c61cfb8f0bbef7c58d8ab338b9d31850912e618d5abe81846aa15e5c298,Figure 4
Fig5,IDH_PR,IDH,Updated MLP,precision_recall_curve,0.6662634989200864,0.7236558130806043,,,,2024,binary_20260719_044949_c6c955a30fc2,binary_20260719_044949_c6c955a30fc2,experiments/binary_results/binary_20260719_044949_c6c955a30fc2/test_predictions.csv,f0578c61cfb8f0bbef7c58d8ab338b9d31850912e618d5abe81846aa15e5c298,Figure 4
Fig5,IDH_PR,IDH,Updated MLP,precision_recall_curve,0.6607343412526998,0.7279649723967256,,,,2024,binary_20260719_044949_c6c955a30fc2,binary_20260719_044949_c6c955a30fc2,experiments/binary_results/binary_20260719_044949_c6c955a30fc2/test_predictions.csv,f0578c61cfb8f0bbef7c58d8ab338b9d31850912e618d5abe81846aa15e5c298,Figure 4
Fig5,IDH_PR,IDH,Updated MLP,precision_recall_curve,0.6546868250539957,0.7318203766296475,,,,2024,binary_20260719_044949_c6c955a30fc2,binary_20260719_044949_c6c955a30fc2,experiments/binary_results/binary_20260719_044949_c6c955a30fc2/test_predictions.csv,f0578c61cfb8f0bbef7c58d8ab338b9d31850912e618d5abe81846aa15e5c298,Figure 4
Fig5,IDH_PR,IDH,Updated MLP,precision_recall_curve,0.6475161987041037,0.7344439000489956,,,,2024,binary_20260719_044949_c6c955a30fc2,binary_20260719_044949_c6c955a30fc2,experiments/binary_results/binary_20260719_044949_c6c955a30fc2/test_predictions.csv,f0578c61cfb8f0bbef7c58d8ab338b9d31850912e618d5abe81846aa15e5c298,Figure 4
Fig5,IDH_PR,IDH,Updated MLP,precision_recall_curve,0.6417278617710583,0.7387369467926405,,,,2024,binary_20260719_044949_c6c955a30fc2,binary_20260719_044949_c6c955a30fc2,experiments/binary_results/binary_20260719_044949_c6c955a30fc2/test_predictions.csv,f0578c61cfb8f0bbef7c58d8ab338b9d31850912e618d5abe81846aa15e5c298,Figure 4
Fig5,IDH_PR,IDH,Updated MLP,precision_recall_curve,0.634902807775378,0.7419485108531045,,,,2024,binary_20260719_044949_c6c955a30fc2,binary_20260719_044949_c6c955a30fc2,experiments/binary_results/binary_20260719_044949_c6c955a30fc2/test_predictions.csv,f0578c61cfb8f0bbef7c58d8ab338b9d31850912e618d5abe81846aa15e5c298,Figure 4
Fig5,IDH_PR,IDH,Updated MLP,precision_recall_curve,0.6285097192224622,0.7458478572893172,,,,2024,binary_20260719_044949_c6c955a30fc2,binary_20260719_044949_c6c955a30fc2,experiments/binary_results/binary_20260719_044949_c6c955a30fc2/test_predictions.csv,f0578c61cfb8f0bbef7c58d8ab338b9d31850912e618d5abe81846aa15e5c298,Figure 4
Fig5,IDH_PR,IDH,Updated MLP,precision_recall_curve,0.6219438444924406,0.7495835068721366,,,,2024,binary_20260719_044949_c6c955a30fc2,binary_20260719_044949_c6c955a30fc2,experiments/binary_results/binary_20260719_044949_c6c955a30fc2/test_predictions.csv,f0578c61cfb8f0bbef7c58d8ab338b9d31850912e618d5abe81846aa15e5c298,Figure 4
Fig5,IDH_PR,IDH,Updated MLP,precision_recall_curve,0.6141684665226782,0.7518773135906928,,,,2024,binary_20260719_044949_c6c955a30fc2,binary_20260719_044949_c6c955a30fc2,experiments/binary_results/binary_20260719_044949_c6c955a30fc2/test_predictions.csv,f0578c61cfb8f0bbef7c58d8ab338b9d31850912e618d5abe81846aa15e5c298,Figure 4
Fig5,IDH_PR,IDH,Updated MLP,precision_recall_curve,0.6074298056155507,0.7556152606125739,,,,2024,binary_20260719_044949_c6c955a30fc2,binary_20260719_044949_c6c955a30fc2,experiments/binary_results/binary_20260719_044949_c6c955a30fc2/test_predictions.csv,f0578c61cfb8f0bbef7c58d8ab338b9d31850912e618d5abe81846aa15e5c298,Figure 4
Fig5,IDH_PR,IDH,Updated MLP,precision_recall_curve,0.6002591792656587,0.7590124535722089,,,,2024,binary_20260719_044949_c6c955a30fc2,binary_20260719_044949_c6c955a30fc2,experiments/binary_results/binary_20260719_044949_c6c955a30fc2/test_predictions.csv,f0578c61cfb8f0bbef7c58d8ab338b9d31850912e618d5abe81846aa15e5c298,Figure 4
Fig5,IDH_PR,IDH,Updated MLP,precision_recall_curve,0.5936933045356372,0.763216348289649,,,,2024,binary_20260719_044949_c6c955a30fc2,binary_20260719_044949_c6c955a30fc2,experiments/binary_results/binary_20260719_044949_c6c955a30fc2/test_predictions.csv,f0578c61cfb8f0bbef7c58d8ab338b9d31850912e618d5abe81846aa15e5c298,Figure 4
Fig5,IDH_PR,IDH,Updated MLP,precision_recall_curve,0.5860907127429805,0.7662073639033206,,,,2024,binary_20260719_044949_c6c955a30fc2,binary_20260719_044949_c6c955a30fc2,experiments/binary_results/binary_20260719_044949_c6c955a30fc2/test_predictions.csv,f0578c61cfb8f0bbef7c58d8ab338b9d31850912e618d5abe81846aa15e5c298,Figure 4
Fig5,IDH_PR,IDH,Updated MLP,precision_recall_curve,0.5790064794816415,0.769902354968409,,,,2024,binary_20260719_044949_c6c955a30fc2,binary_20260719_044949_c6c955a30fc2,experiments/binary_results/binary_20260719_044949_c6c955a30fc2/test_predictions.csv,f0578c61cfb8f0bbef7c58d8ab338b9d31850912e618d5abe81846aa15e5c298,Figure 4
Fig5,IDH_PR,IDH,Updated MLP,precision_recall_curve,0.5721814254859611,0.77416715371128,,,,2024,binary_20260719_044949_c6c955a30fc2,binary_20260719_044949_c6c955a30fc2,experiments/binary_results/binary_20260719_044949_c6c955a30fc2/test_predictions.csv,f0578c61cfb8f0bbef7c58d8ab338b9d31850912e618d5abe81846aa15e5c298,Figure 4
Fig5,IDH_PR,IDH,Updated MLP,precision_recall_curve,0.5638876889848812,0.7766539742979534,,,,2024,binary_20260719_044949_c6c955a30fc2,binary_20260719_044949_c6c955a30fc2,experiments/binary_results/binary_20260719_044949_c6c955a30fc2/test_predictions.csv,f0578c61cfb8f0bbef7c58d8ab338b9d31850912e618d5abe81846aa15e5c298,Figure 4
Fig5,IDH_PR,IDH,Updated MLP,precision_recall_curve,0.5575809935205184,0.7819239156772474,,,,2024,binary_20260719_044949_c6c955a30fc2,binary_20260719_044949_c6c955a30fc2,experiments/binary_results/binary_20260719_044949_c6c955a30fc2/test_predictions.csv,f0578c61cfb8f0bbef7c58d8ab338b9d31850912e618d5abe81846aa15e5c298,Figure 4
Fig5,IDH_PR,IDH,Updated MLP,precision_recall_curve,0.550755939524838,0.7865515114127082,,,,2024,binary_20260719_044949_c6c955a30fc2,binary_20260719_044949_c6c955a30fc2,experiments/binary_results/binary_20260719_044949_c6c955a30fc2/test_predictions.csv,f0578c61cfb8f0bbef7c58d8ab338b9d31850912e618d5abe81846aa15e5c298,Figure 4
Fig5,IDH_PR,IDH,Updated MLP,precision_recall_curve,0.5430669546436285,0.7901948460087995,,,,2024,binary_20260719_044949_c6c955a30fc2,binary_20260719_044949_c6c955a30fc2,experiments/binary_results/binary_20260719_044949_c6c955a30fc2/test_predictions.csv,f0578c61cfb8f0bbef7c58d8ab338b9d31850912e618d5abe81846aa15e5c298,Figure 4
Fig5,IDH_PR,IDH,Updated MLP,precision_recall_curve,0.5357235421166306,0.7944907110826394,,,,2024,binary_20260719_044949_c6c955a30fc2,binary_20260719_044949_c6c955a30fc2,experiments/binary_results/binary_20260719_044949_c6c955a30fc2/test_predictions.csv,f0578c61cfb8f0bbef7c58d8ab338b9d31850912e618d5abe81846aa15e5c298,Figure 4
Fig5,IDH_PR,IDH,Updated MLP,precision_recall_curve,0.5273434125269978,0.7974915077083877,,,,2024,binary_20260719_044949_c6c955a30fc2,binary_20260719_044949_c6c955a30fc2,experiments/binary_results/binary_20260719_044949_c6c955a30fc2/test_predictions.csv,f0578c61cfb8f0bbef7c58d8ab338b9d31850912e618d5abe81846aa15e5c298,Figure 4
Fig5,IDH_PR,IDH,Updated MLP,precision_recall_curve,0.518963282937365,0.8005063965884861,,,,2024,binary_20260719_044949_c6c955a30fc2,binary_20260719_044949_c6c955a30fc2,experiments/binary_results/binary_20260719_044949_c6c955a30fc2/test_predictions.csv,f0578c61cfb8f0bbef7c58d8ab338b9d31850912e618d5abe81846aa15e5c298,Figure 4
Fig5,IDH_PR,IDH,Updated MLP,precision_recall_curve,0.5104967602591792,0.8033990482664853,,,,2024,binary_20260719_044949_c6c955a30fc2,binary_20260719_044949_c6c955a30fc2,experiments/binary_results/binary_20260719_044949_c6c955a30fc2/test_predictions.csv,f0578c61cfb8f0bbef7c58d8ab338b9d31850912e618d5abe81846aa15e5c298,Figure 4
Fig5,IDH_PR,IDH,Updated MLP,precision_recall_curve,0.5028077753779697,0.8077723802914643,,,,2024,binary_20260719_044949_c6c955a30fc2,binary_20260719_044949_c6c955a30fc2,experiments/binary_results/binary_20260719_044949_c6c955a30fc2/test_predictions.csv,f0578c61cfb8f0bbef7c58d8ab338b9d31850912e618d5abe81846aa15e5c298,Figure 4
Fig5,IDH_PR,IDH,Updated MLP,precision_recall_curve,0.4946004319654428,0.8114812189936216,,,,2024,binary_20260719_044949_c6c955a30fc2,binary_20260719_044949_c6c955a30fc2,experiments/binary_results/binary_20260719_044949_c6c955a30fc2/test_predictions.csv,f0578c61cfb8f0bbef7c58d8ab338b9d31850912e618d5abe81846aa15e5c298,Figure 4
Fig5,IDH_PR,IDH,Updated MLP,precision_recall_curve,0.48630669546436284,0.8152063721940622,,,,2024,binary_20260719_044949_c6c955a30fc2,binary_20260719_044949_c6c955a30fc2,experiments/binary_results/binary_20260719_044949_c6c955a30fc2/test_predictions.csv,f0578c61cfb8f0bbef7c58d8ab338b9d31850912e618d5abe81846aa15e5c298,Figure 4
Fig5,IDH_PR,IDH,Updated MLP,precision_recall_curve,0.47792656587473004,0.8188277087033747,,,,2024,binary_20260719_044949_c6c955a30fc2,binary_20260719_044949_c6c955a30fc2,experiments/binary_results/binary_20260719_044949_c6c955a30fc2/test_predictions.csv,f0578c61cfb8f0bbef7c58d8ab338b9d31850912e618d5abe81846aa15e5c298,Figure 4
Fig5,IDH_PR,IDH,Updated MLP,precision_recall_curve,0.46980561555075595,0.8233156699470099,,,,2024,binary_20260719_044949_c6c955a30fc2,binary_20260719_044949_c6c955a30fc2,experiments/binary_results/binary_20260719_044949_c6c955a30fc2/test_predictions.csv,f0578c61cfb8f0bbef7c58d8ab338b9d31850912e618d5abe81846aa15e5c298,Figure 4
Fig5,IDH_PR,IDH,Updated MLP,precision_recall_curve,0.461511879049676,0.8275755228505035,,,,2024,binary_20260719_044949_c6c955a30fc2,binary_20260719_044949_c6c955a30fc2,experiments/binary_results/binary_20260719_044949_c6c955a30fc2/test_predictions.csv,f0578c61cfb8f0bbef7c58d8ab338b9d31850912e618d5abe81846aa15e5c298,Figure 4
Fig5,IDH_PR,IDH,Updated MLP,precision_recall_curve,0.45192224622030236,0.8296590007930215,,,,2024,binary_20260719_044949_c6c955a30fc2,binary_20260719_044949_c6c955a30fc2,experiments/binary_results/binary_20260719_044949_c6c955a30fc2/test_predictions.csv,f0578c61cfb8f0bbef7c58d8ab338b9d31850912e618d5abe81846aa15e5c298,Figure 4
Fig5,IDH_PR,IDH,Updated MLP,precision_recall_curve,0.44362850971922246,0.834281072298944,,,,2024,binary_20260719_044949_c6c955a30fc2,binary_20260719_044949_c6c955a30fc2,experiments/binary_results/binary_20260719_044949_c6c955a30fc2/test_predictions.csv,f0578c61cfb8f0bbef7c58d8ab338b9d31850912e618d5abe81846aa15e5c298,Figure 4
Fig5,IDH_PR,IDH,Updated MLP,precision_recall_curve,0.4355075593952484,0.8393273393273393,,,,2024,binary_20260719_044949_c6c955a30fc2,binary_20260719_044949_c6c955a30fc2,experiments/binary_results/binary_20260719_044949_c6c955a30fc2/test_predictions.csv,f0578c61cfb8f0bbef7c58d8ab338b9d31850912e618d5abe81846aa15e5c298,Figure 4
Fig5,IDH_PR,IDH,Updated MLP,precision_recall_curve,0.4262634989200864,0.8426985482493595,,,,2024,binary_20260719_044949_c6c955a30fc2,binary_20260719_044949_c6c955a30fc2,experiments/binary_results/binary_20260719_044949_c6c955a30fc2/test_predictions.csv,f0578c61cfb8f0bbef7c58d8ab338b9d31850912e618d5abe81846aa15e5c298,Figure 4
Fig5,IDH_PR,IDH,Updated MLP,precision_recall_curve,0.41779697624190065,0.8476774758983348,,,,2024,binary_20260719_044949_c6c955a30fc2,binary_20260719_044949_c6c955a30fc2,experiments/binary_results/binary_20260719_044949_c6c955a30fc2/test_predictions.csv,f0578c61cfb8f0bbef7c58d8ab338b9d31850912e618d5abe81846aa15e5c298,Figure 4
Fig5,IDH_PR,IDH,Updated MLP,precision_recall_curve,0.40855291576673863,0.8513051305130513,,,,2024,binary_20260719_044949_c6c955a30fc2,binary_20260719_044949_c6c955a30fc2,experiments/binary_results/binary_20260719_044949_c6c955a30fc2/test_predictions.csv,f0578c61cfb8f0bbef7c58d8ab338b9d31850912e618d5abe81846aa15e5c298,Figure 4
Fig5,IDH_PR,IDH,Updated MLP,precision_recall_curve,0.3994816414686825,0.8555041628122109,,,,2024,binary_20260719_044949_c6c955a30fc2,binary_20260719_044949_c6c955a30fc2,experiments/binary_results/binary_20260719_044949_c6c955a30fc2/test_predictions.csv,f0578c61cfb8f0bbef7c58d8ab338b9d31850912e618d5abe81846aa15e5c298,Figure 4
Fig5,IDH_PR,IDH,Updated MLP,precision_recall_curve,0.3903239740820734,0.8600799543118218,,,,2024,binary_20260719_044949_c6c955a30fc2,binary_20260719_044949_c6c955a30fc2,experiments/binary_results/binary_20260719_044949_c6c955a30fc2/test_predictions.csv,f0578c61cfb8f0bbef7c58d8ab338b9d31850912e618d5abe81846aa15e5c298,Figure 4
Fig5,IDH_PR,IDH,Updated MLP,precision_recall_curve,0.38151187904967604,0.8653733098177543,,,,2024,binary_20260719_044949_c6c955a30fc2,binary_20260719_044949_c6c955a30fc2,experiments/binary_results/binary_20260719_044949_c6c955a30fc2/test_predictions.csv,f0578c61cfb8f0bbef7c58d8ab338b9d31850912e618d5abe81846aa15e5c298,Figure 4
Fig5,IDH_PR,IDH,Updated MLP,precision_recall_curve,0.37131749460043195,0.8677569150010095,,,,2024,binary_20260719_044949_c6c955a30fc2,binary_20260719_044949_c6c955a30fc2,experiments/binary_results/binary_20260719_044949_c6c955a30fc2/test_predictions.csv,f0578c61cfb8f0bbef7c58d8ab338b9d31850912e618d5abe81846aa15e5c298,Figure 4
Fig5,IDH_PR,IDH,Updated MLP,precision_recall_curve,0.3618142548596112,0.8721366097459392,,,,2024,binary_20260719_044949_c6c955a30fc2,binary_20260719_044949_c6c955a30fc2,experiments/binary_results/binary_20260719_044949_c6c955a30fc2/test_predictions.csv,f0578c61cfb8f0bbef7c58d8ab338b9d31850912e618d5abe81846aa15e5c298,Figure 4
Fig5,IDH_PR,IDH,Updated MLP,precision_recall_curve,0.35248380129589635,0.8768536428110896,,,,2024,binary_20260719_044949_c6c955a30fc2,binary_20260719_044949_c6c955a30fc2,experiments/binary_results/binary_20260719_044949_c6c955a30fc2/test_predictions.csv,f0578c61cfb8f0bbef7c58d8ab338b9d31850912e618d5abe81846aa15e5c298,Figure 4
Fig5,IDH_PR,IDH,Updated MLP,precision_recall_curve,0.34289416846652265,0.8814123917388408,,,,2024,binary_20260719_044949_c6c955a30fc2,binary_20260719_044949_c6c955a30fc2,experiments/binary_results/binary_20260719_044949_c6c955a30fc2/test_predictions.csv,f0578c61cfb8f0bbef7c58d8ab338b9d31850912e618d5abe81846aa15e5c298,Figure 4
Fig5,IDH_PR,IDH,Updated MLP,precision_recall_curve,0.33209503239740823,0.8834750632038612,,,,2024,binary_20260719_044949_c6c955a30fc2,binary_20260719_044949_c6c955a30fc2,experiments/binary_results/binary_20260719_044949_c6c955a30fc2/test_predictions.csv,f0578c61cfb8f0bbef7c58d8ab338b9d31850912e618d5abe81846aa15e5c298,Figure 4
Fig5,IDH_PR,IDH,Updated MLP,precision_recall_curve,0.3225917926565875,0.8892593474636818,,,,2024,binary_20260719_044949_c6c955a30fc2,binary_20260719_044949_c6c955a30fc2,experiments/binary_results/binary_20260719_044949_c6c955a30fc2/test_predictions.csv,f0578c61cfb8f0bbef7c58d8ab338b9d31850912e618d5abe81846aa15e5c298,Figure 4
Fig5,IDH_PR,IDH,Updated MLP,precision_recall_curve,0.3130021598272138,0.8945679012345679,,,,2024,binary_20260719_044949_c6c955a30fc2,binary_20260719_044949_c6c955a30fc2,experiments/binary_results/binary_20260719_044949_c6c955a30fc2/test_predictions.csv,f0578c61cfb8f0bbef7c58d8ab338b9d31850912e618d5abe81846aa15e5c298,Figure 4
Fig5,IDH_PR,IDH,Updated MLP,precision_recall_curve,0.3028941684665227,0.898974358974359,,,,2024,binary_20260719_044949_c6c955a30fc2,binary_20260719_044949_c6c955a30fc2,experiments/binary_results/binary_20260719_044949_c6c955a30fc2/test_predictions.csv,f0578c61cfb8f0bbef7c58d8ab338b9d31850912e618d5abe81846aa15e5c298,Figure 4
Fig5,IDH_PR,IDH,Updated MLP,precision_recall_curve,0.29226781857451406,0.9021333333333332,,,,2024,binary_20260719_044949_c6c955a30fc2,binary_20260719_044949_c6c955a30fc2,experiments/binary_results/binary_20260719_044949_c6c955a30fc2/test_predictions.csv,f0578c61cfb8f0bbef7c58d8ab338b9d31850912e618d5abe81846aa15e5c298,Figure 4
Fig5,IDH_PR,IDH,Updated MLP,precision_recall_curve,0.28207343412527,0.9069444444444444,,,,2024,binary_20260719_044949_c6c955a30fc2,binary_20260719_044949_c6c955a30fc2,experiments/binary_results/binary_20260719_044949_c6c955a30fc2/test_predictions.csv,f0578c61cfb8f0bbef7c58d8ab338b9d31850912e618d5abe81846aa15e5c298,Figure 4
Fig5,IDH_PR,IDH,Updated MLP,precision_recall_curve,0.2711879049676026,0.909855072463768,,,,2024,binary_20260719_044949_c6c955a30fc2,binary_20260719_044949_c6c955a30fc2,experiments/binary_results/binary_20260719_044949_c6c955a30fc2/test_predictions.csv,f0578c61cfb8f0bbef7c58d8ab338b9d31850912e618d5abe81846aa15e5c298,Figure 4
Fig5,IDH_PR,IDH,Updated MLP,precision_recall_curve,0.25995680345572353,0.9115419569827324,,,,2024,binary_20260719_044949_c6c955a30fc2,binary_20260719_044949_c6c955a30fc2,experiments/binary_results/binary_20260719_044949_c6c955a30fc2/test_predictions.csv,f0578c61cfb8f0bbef7c58d8ab338b9d31850912e618d5abe81846aa15e5c298,Figure 4
Fig5,IDH_PR,IDH,Updated MLP,precision_recall_curve,0.24976241900647947,0.9177777777777778,,,,2024,binary_20260719_044949_c6c955a30fc2,binary_20260719_044949_c6c955a30fc2,experiments/binary_results/binary_20260719_044949_c6c955a30fc2/test_predictions.csv,f0578c61cfb8f0bbef7c58d8ab338b9d31850912e618d5abe81846aa15e5c298,Figure 4
Fig5,IDH_PR,IDH,Updated MLP,precision_recall_curve,0.23809935205183586,0.9186666666666666,,,,2024,binary_20260719_044949_c6c955a30fc2,binary_20260719_044949_c6c955a30fc2,experiments/binary_results/binary_20260719_044949_c6c955a30fc2/test_predictions.csv,f0578c61cfb8f0bbef7c58d8ab338b9d31850912e618d5abe81846aa15e5c298,Figure 4
Fig5,IDH_PR,IDH,Updated MLP,precision_recall_curve,0.22695464362850973,0.922077922077922,,,,2024,binary_20260719_044949_c6c955a30fc2,binary_20260719_044949_c6c955a30fc2,experiments/binary_results/binary_20260719_044949_c6c955a30fc2/test_predictions.csv,f0578c61cfb8f0bbef7c58d8ab338b9d31850912e618d5abe81846aa15e5c298,Figure 4
Fig5,IDH_PR,IDH,Updated MLP,precision_recall_curve,0.21563714902807776,0.9244444444444444,,,,2024,binary_20260719_044949_c6c955a30fc2,binary_20260719_044949_c6c955a30fc2,experiments/binary_results/binary_20260719_044949_c6c955a30fc2/test_predictions.csv,f0578c61cfb8f0bbef7c58d8ab338b9d31850912e618d5abe81846aa15e5c298,Figure 4
Fig5,IDH_PR,IDH,Updated MLP,precision_recall_curve,0.20475161987041038,0.9294117647058824,,,,2024,binary_20260719_044949_c6c955a30fc2,binary_20260719_044949_c6c955a30fc2,experiments/binary_results/binary_20260719_044949_c6c955a30fc2/test_predictions.csv,f0578c61cfb8f0bbef7c58d8ab338b9d31850912e618d5abe81846aa15e5c298,Figure 4
Fig5,IDH_PR,IDH,Updated MLP,precision_recall_curve,0.1934341252699784,0.933305543976657,,,,2024,binary_20260719_044949_c6c955a30fc2,binary_20260719_044949_c6c955a30fc2,experiments/binary_results/binary_20260719_044949_c6c955a30fc2/test_predictions.csv,f0578c61cfb8f0bbef7c58d8ab338b9d31850912e618d5abe81846aa15e5c298,Figure 4
Fig5,IDH_PR,IDH,Updated MLP,precision_recall_curve,0.18203023758099351,0.9368608270342376,,,,2024,binary_20260719_044949_c6c955a30fc2,binary_20260719_044949_c6c955a30fc2,experiments/binary_results/binary_20260719_044949_c6c955a30fc2/test_predictions.csv,f0578c61cfb8f0bbef7c58d8ab338b9d31850912e618d5abe81846aa15e5c298,Figure 4
Fig5,IDH_PR,IDH,Updated MLP,precision_recall_curve,0.1703671706263499,0.9394949976179132,,,,2024,binary_20260719_044949_c6c955a30fc2,binary_20260719_044949_c6c955a30fc2,experiments/binary_results/binary_20260719_044949_c6c955a30fc2/test_predictions.csv,f0578c61cfb8f0bbef7c58d8ab338b9d31850912e618d5abe81846aa15e5c298,Figure 4
Fig5,IDH_PR,IDH,Updated MLP,precision_recall_curve,0.15870410367170626,0.942051282051282,,,,2024,binary_20260719_044949_c6c955a30fc2,binary_20260719_044949_c6c955a30fc2,experiments/binary_results/binary_20260719_044949_c6c955a30fc2/test_predictions.csv,f0578c61cfb8f0bbef7c58d8ab338b9d31850912e618d5abe81846aa15e5c298,Figure 4
Fig5,IDH_PR,IDH,Updated MLP,precision_recall_curve,0.14704103671706265,0.9455555555555556,,,,2024,binary_20260719_044949_c6c955a30fc2,binary_20260719_044949_c6c955a30fc2,experiments/binary_results/binary_20260719_044949_c6c955a30fc2/test_predictions.csv,f0578c61cfb8f0bbef7c58d8ab338b9d31850912e618d5abe81846aa15e5c298,Figure 4
Fig5,IDH_PR,IDH,Updated MLP,precision_recall_curve,0.1352915766738661,0.9490909090909092,,,,2024,binary_20260719_044949_c6c955a30fc2,binary_20260719_044949_c6c955a30fc2,experiments/binary_results/binary_20260719_044949_c6c955a30fc2/test_predictions.csv,f0578c61cfb8f0bbef7c58d8ab338b9d31850912e618d5abe81846aa15e5c298,Figure 4
Fig5,IDH_PR,IDH,Updated MLP,precision_recall_curve,0.12362850971922246,0.954,,,,2024,binary_20260719_044949_c6c955a30fc2,binary_20260719_044949_c6c955a30fc2,experiments/binary_results/binary_20260719_044949_c6c955a30fc2/test_predictions.csv,f0578c61cfb8f0bbef7c58d8ab338b9d31850912e618d5abe81846aa15e5c298,Figure 4
Fig5,IDH_PR,IDH,Updated MLP,precision_recall_curve,0.11153347732181426,0.9562962962962964,,,,2024,binary_20260719_044949_c6c955a30fc2,binary_20260719_044949_c6c955a30fc2,experiments/binary_results/binary_20260719_044949_c6c955a30fc2/test_predictions.csv,f0578c61cfb8f0bbef7c58d8ab338b9d31850912e618d5abe81846aa15e5c298,Figure 4
Fig5,IDH_PR,IDH,Updated MLP,precision_recall_curve,0.09952483801295896,0.96,,,,2024,binary_20260719_044949_c6c955a30fc2,binary_20260719_044949_c6c955a30fc2,experiments/binary_results/binary_20260719_044949_c6c955a30fc2/test_predictions.csv,f0578c61cfb8f0bbef7c58d8ab338b9d31850912e618d5abe81846aa15e5c298,Figure 4
Fig5,IDH_PR,IDH,Updated MLP,precision_recall_curve,0.087170626349892,0.9618684461391802,,,,2024,binary_20260719_044949_c6c955a30fc2,binary_20260719_044949_c6c955a30fc2,experiments/binary_results/binary_20260719_044949_c6c955a30fc2/test_predictions.csv,f0578c61cfb8f0bbef7c58d8ab338b9d31850912e618d5abe81846aa15e5c298,Figure 4
Fig5,IDH_PR,IDH,Updated MLP,precision_recall_curve,0.07481641468682505,0.9632925472747496,,,,2024,binary_20260719_044949_c6c955a30fc2,binary_20260719_044949_c6c955a30fc2,experiments/binary_results/binary_20260719_044949_c6c955a30fc2/test_predictions.csv,f0578c61cfb8f0bbef7c58d8ab338b9d31850912e618d5abe81846aa15e5c298,Figure 4
Fig5,IDH_PR,IDH,Updated MLP,precision_recall_curve,0.0630669546436285,0.9746328437917224,,,,2024,binary_20260719_044949_c6c955a30fc2,binary_20260719_044949_c6c955a30fc2,experiments/binary_results/binary_20260719_044949_c6c955a30fc2/test_predictions.csv,f0578c61cfb8f0bbef7c58d8ab338b9d31850912e618d5abe81846aa15e5c298,Figure 4
Fig5,IDH_PR,IDH,Updated MLP,precision_recall_curve,0.05062634989200864,0.9766666666666668,,,,2024,binary_20260719_044949_c6c955a30fc2,binary_20260719_044949_c6c955a30fc2,experiments/binary_results/binary_20260719_044949_c6c955a30fc2/test_predictions.csv,f0578c61cfb8f0bbef7c58d8ab338b9d31850912e618d5abe81846aa15e5c298,Figure 4
Fig5,IDH_PR,IDH,Updated MLP,precision_recall_curve,0.03792656587473002,0.9755555555555556,,,,2024,binary_20260719_044949_c6c955a30fc2,binary_20260719_044949_c6c955a30fc2,experiments/binary_results/binary_20260719_044949_c6c955a30fc2/test_predictions.csv,f0578c61cfb8f0bbef7c58d8ab338b9d31850912e618d5abe81846aa15e5c298,Figure 4
Fig5,IDH_PR,IDH,Updated MLP,precision_recall_curve,0.025485961123110152,0.9833333333333332,,,,2024,binary_20260719_044949_c6c955a30fc2,binary_20260719_044949_c6c955a30fc2,experiments/binary_results/binary_20260719_044949_c6c955a30fc2/test_predictions.csv,f0578c61cfb8f0bbef7c58d8ab338b9d31850912e618d5abe81846aa15e5c298,Figure 4
Fig5,IDH_PR,IDH,Updated MLP,precision_recall_curve,0.012958963282937365,1.0,,,,2024,binary_20260719_044949_c6c955a30fc2,binary_20260719_044949_c6c955a30fc2,experiments/binary_results/binary_20260719_044949_c6c955a30fc2/test_predictions.csv,f0578c61cfb8f0bbef7c58d8ab338b9d31850912e618d5abe81846aa15e5c298,Figure 4
Fig5,IDH_PR,IDH,Updated MLP,precision_recall_curve,0.0,1.0,,,,2024,binary_20260719_044949_c6c955a30fc2,binary_20260719_044949_c6c955a30fc2,experiments/binary_results/binary_20260719_044949_c6c955a30fc2/test_predictions.csv,f0578c61cfb8f0bbef7c58d8ab338b9d31850912e618d5abe81846aa15e5c298,Figure 4
Fig5,IDH_calibration,IDH,Updated MLP,observed_rate,0.06746792967722454,0.0555741546702377,,,2987,2024,binary_20260719_044949_c6c955a30fc2,binary_20260719_044949_c6c955a30fc2,experiments/binary_results/binary_20260719_044949_c6c955a30fc2/test_predictions.csv,f0578c61cfb8f0bbef7c58d8ab338b9d31850912e618d5abe81846aa15e5c298,Figure 4
Fig5,IDH_calibration,IDH,Updated MLP,observed_rate,0.10774568836661386,0.0927351858051556,,,2987,2024,binary_20260719_044949_c6c955a30fc2,binary_20260719_044949_c6c955a30fc2,experiments/binary_results/binary_20260719_044949_c6c955a30fc2/test_predictions.csv,f0578c61cfb8f0bbef7c58d8ab338b9d31850912e618d5abe81846aa15e5c298,Figure 4
Fig5,IDH_calibration,IDH,Updated MLP,observed_rate,0.1533261926001646,0.138312123241795,,,2986,2024,binary_20260719_044949_c6c955a30fc2,binary_20260719_044949_c6c955a30fc2,experiments/binary_results/binary_20260719_044949_c6c955a30fc2/test_predictions.csv,f0578c61cfb8f0bbef7c58d8ab338b9d31850912e618d5abe81846aa15e5c298,Figure 4
Fig5,IDH_calibration,IDH,Updated MLP,observed_rate,0.20937349513683676,0.1868095078674255,,,2987,2024,binary_20260719_044949_c6c955a30fc2,binary_20260719_044949_c6c955a30fc2,experiments/binary_results/binary_20260719_044949_c6c955a30fc2/test_predictions.csv,f0578c61cfb8f0bbef7c58d8ab338b9d31850912e618d5abe81846aa15e5c298,Figure 4
Fig5,IDH_calibration,IDH,Updated MLP,observed_rate,0.27677459265544035,0.2531815137307435,,,2986,2024,binary_20260719_044949_c6c955a30fc2,binary_20260719_044949_c6c955a30fc2,experiments/binary_results/binary_20260719_044949_c6c955a30fc2/test_predictions.csv,f0578c61cfb8f0bbef7c58d8ab338b9d31850912e618d5abe81846aa15e5c298,Figure 4
Fig5,IDH_calibration,IDH,Updated MLP,observed_rate,0.3600130351149718,0.3679276866421158,,,2987,2024,binary_20260719_044949_c6c955a30fc2,binary_20260719_044949_c6c955a30fc2,experiments/binary_results/binary_20260719_044949_c6c955a30fc2/test_predictions.csv,f0578c61cfb8f0bbef7c58d8ab338b9d31850912e618d5abe81846aa15e5c298,Figure 4
Fig5,IDH_calibration,IDH,Updated MLP,observed_rate,0.4598507408156086,0.4879437374413932,,,2986,2024,binary_20260719_044949_c6c955a30fc2,binary_20260719_044949_c6c955a30fc2,experiments/binary_results/binary_20260719_044949_c6c955a30fc2/test_predictions.csv,f0578c61cfb8f0bbef7c58d8ab338b9d31850912e618d5abe81846aa15e5c298,Figure 4
Fig5,IDH_calibration,IDH,Updated MLP,observed_rate,0.5902396515905277,0.613324405758286,,,2987,2024,binary_20260719_044949_c6c955a30fc2,binary_20260719_044949_c6c955a30fc2,experiments/binary_results/binary_20260719_044949_c6c955a30fc2/test_predictions.csv,f0578c61cfb8f0bbef7c58d8ab338b9d31850912e618d5abe81846aa15e5c298,Figure 4
Fig5,IDH_calibration,IDH,Updated MLP,observed_rate,0.7408682057714985,0.7608841259209645,,,2986,2024,binary_20260719_044949_c6c955a30fc2,binary_20260719_044949_c6c955a30fc2,experiments/binary_results/binary_20260719_044949_c6c955a30fc2/test_predictions.csv,f0578c61cfb8f0bbef7c58d8ab338b9d31850912e618d5abe81846aa15e5c298,Figure 4
Fig5,IDH_calibration,IDH,Updated MLP,observed_rate,0.9012772767963907,0.9189822564445932,,,2987,2024,binary_20260719_044949_c6c955a30fc2,binary_20260719_044949_c6c955a30fc2,experiments/binary_results/binary_20260719_044949_c6c955a30fc2/test_predictions.csv,f0578c61cfb8f0bbef7c58d8ab338b9d31850912e618d5abe81846aa15e5c298,Figure 4
Fig5,IDH_ROC,IDH,Target-local logistic,roc_curve,0.0,0.0,,,,2024,binary_20260719_044949_c6c955a30fc2,binary_20260719_044949_c6c955a30fc2,experiments/binary_results/binary_20260719_044949_c6c955a30fc2/test_predictions.csv,f0578c61cfb8f0bbef7c58d8ab338b9d31850912e618d5abe81846aa15e5c298,Figure 4
Fig5,IDH_ROC,IDH,Target-local logistic,roc_curve,0.0012574490186430486,0.0628941684665226,,,,2024,binary_20260719_044949_c6c955a30fc2,binary_20260719_044949_c6c955a30fc2,experiments/binary_results/binary_20260719_044949_c6c955a30fc2/test_predictions.csv,f0578c61cfb8f0bbef7c58d8ab338b9d31850912e618d5abe81846aa15e5c298,Figure 4
Fig5,IDH_ROC,IDH,Target-local logistic,roc_curve,0.002514898037286097,0.0958963282937365,,,,2024,binary_20260719_044949_c6c955a30fc2,binary_20260719_044949_c6c955a30fc2,experiments/binary_results/binary_20260719_044949_c6c955a30fc2/test_predictions.csv,f0578c61cfb8f0bbef7c58d8ab338b9d31850912e618d5abe81846aa15e5c298,Figure 4
Fig5,IDH_ROC,IDH,Target-local logistic,roc_curve,0.003936362145317369,0.1228509719222462,,,,2024,binary_20260719_044949_c6c955a30fc2,binary_20260719_044949_c6c955a30fc2,experiments/binary_results/binary_20260719_044949_c6c955a30fc2/test_predictions.csv,f0578c61cfb8f0bbef7c58d8ab338b9d31850912e618d5abe81846aa15e5c298,Figure 4
Fig5,IDH_ROC,IDH,Target-local logistic,roc_curve,0.005357826253348641,0.1496328293736501,,,,2024,binary_20260719_044949_c6c955a30fc2,binary_20260719_044949_c6c955a30fc2,experiments/binary_results/binary_20260719_044949_c6c955a30fc2/test_predictions.csv,f0578c61cfb8f0bbef7c58d8ab338b9d31850912e618d5abe81846aa15e5c298,Figure 4
Fig5,IDH_ROC,IDH,Target-local logistic,roc_curve,0.006779290361379913,0.1718358531317494,,,,2024,binary_20260719_044949_c6c955a30fc2,binary_20260719_044949_c6c955a30fc2,experiments/binary_results/binary_20260719_044949_c6c955a30fc2/test_predictions.csv,f0578c61cfb8f0bbef7c58d8ab338b9d31850912e618d5abe81846aa15e5c298,Figure 4
Fig5,IDH_ROC,IDH,Target-local logistic,roc_curve,0.008255426165873927,0.1898056155507559,,,,2024,binary_20260719_044949_c6c955a30fc2,binary_20260719_044949_c6c955a30fc2,experiments/binary_results/binary_20260719_044949_c6c955a30fc2/test_predictions.csv,f0578c61cfb8f0bbef7c58d8ab338b9d31850912e618d5abe81846aa15e5c298,Figure 4
Fig5,IDH_ROC,IDH,Target-local logistic,roc_curve,0.009622218577442459,0.207170626349892,,,,2024,binary_20260719_044949_c6c955a30fc2,binary_20260719_044949_c6c955a30fc2,experiments/binary_results/binary_20260719_044949_c6c955a30fc2/test_predictions.csv,f0578c61cfb8f0bbef7c58d8ab338b9d31850912e618d5abe81846aa15e5c298,Figure 4
Fig5,IDH_ROC,IDH,Target-local logistic,roc_curve,0.01104368268547373,0.2206479481641468,,,,2024,binary_20260719_044949_c6c955a30fc2,binary_20260719_044949_c6c955a30fc2,experiments/binary_results/binary_20260719_044949_c6c955a30fc2/test_predictions.csv,f0578c61cfb8f0bbef7c58d8ab338b9d31850912e618d5abe81846aa15e5c298,Figure 4
Fig5,IDH_ROC,IDH,Target-local logistic,roc_curve,0.012629161882893225,0.2343844492440605,,,,2024,binary_20260719_044949_c6c955a30fc2,binary_20260719_044949_c6c955a30fc2,experiments/binary_results/binary_20260719_044949_c6c955a30fc2/test_predictions.csv,f0578c61cfb8f0bbef7c58d8ab338b9d31850912e618d5abe81846aa15e5c298,Figure 4
Fig5,IDH_ROC,IDH,Target-local logistic,roc_curve,0.014269312776775463,0.251231101511879,,,,2024,binary_20260719_044949_c6c955a30fc2,binary_20260719_044949_c6c955a30fc2,experiments/binary_results/binary_20260719_044949_c6c955a30fc2/test_predictions.csv,f0578c61cfb8f0bbef7c58d8ab338b9d31850912e618d5abe81846aa15e5c298,Figure 4
Fig5,IDH_ROC,IDH,Target-local logistic,roc_curve,0.016073478760045924,0.2627213822894168,,,,2024,binary_20260719_044949_c6c955a30fc2,binary_20260719_044949_c6c955a30fc2,experiments/binary_results/binary_20260719_044949_c6c955a30fc2/test_predictions.csv,f0578c61cfb8f0bbef7c58d8ab338b9d31850912e618d5abe81846aa15e5c298,Figure 4
Fig5,IDH_ROC,IDH,Target-local logistic,roc_curve,0.01765895795746542,0.2742116630669546,,,,2024,binary_20260719_044949_c6c955a30fc2,binary_20260719_044949_c6c955a30fc2,experiments/binary_results/binary_20260719_044949_c6c955a30fc2/test_predictions.csv,f0578c61cfb8f0bbef7c58d8ab338b9d31850912e618d5abe81846aa15e5c298,Figure 4
Fig5,IDH_ROC,IDH,Target-local logistic,roc_curve,0.019244437154884917,0.2826781857451403,,,,2024,binary_20260719_044949_c6c955a30fc2,binary_20260719_044949_c6c955a30fc2,experiments/binary_results/binary_20260719_044949_c6c955a30fc2/test_predictions.csv,f0578c61cfb8f0bbef7c58d8ab338b9d31850912e618d5abe81846aa15e5c298,Figure 4
Fig5,IDH_ROC,IDH,Target-local logistic,roc_curve,0.020829916352304412,0.297451403887689,,,,2024,binary_20260719_044949_c6c955a30fc2,binary_20260719_044949_c6c955a30fc2,experiments/binary_results/binary_20260719_044949_c6c955a30fc2/test_predictions.csv,f0578c61cfb8f0bbef7c58d8ab338b9d31850912e618d5abe81846aa15e5c298,Figure 4
Fig5,IDH_ROC,IDH,Target-local logistic,roc_curve,0.022415395549723906,0.3050539956803456,,,,2024,binary_20260719_044949_c6c955a30fc2,binary_20260719_044949_c6c955a30fc2,experiments/binary_results/binary_20260719_044949_c6c955a30fc2/test_predictions.csv,f0578c61cfb8f0bbef7c58d8ab338b9d31850912e618d5abe81846aa15e5c298,Figure 4
Fig5,IDH_ROC,IDH,Target-local logistic,roc_curve,0.02432890492591985,0.3131749460043196,,,,2024,binary_20260719_044949_c6c955a30fc2,binary_20260719_044949_c6c955a30fc2,experiments/binary_results/binary_20260719_044949_c6c955a30fc2/test_predictions.csv,f0578c61cfb8f0bbef7c58d8ab338b9d31850912e618d5abe81846aa15e5c298,Figure 4
Fig5,IDH_ROC,IDH,Target-local logistic,roc_curve,0.02602372751626483,0.3212958963282937,,,,2024,binary_20260719_044949_c6c955a30fc2,binary_20260719_044949_c6c955a30fc2,experiments/binary_results/binary_20260719_044949_c6c955a30fc2/test_predictions.csv,f0578c61cfb8f0bbef7c58d8ab338b9d31850912e618d5abe81846aa15e5c298,Figure 4
Fig5,IDH_ROC,IDH,Target-local logistic,roc_curve,0.02777322180307255,0.3319222462203023,,,,2024,binary_20260719_044949_c6c955a30fc2,binary_20260719_044949_c6c955a30fc2,experiments/binary_results/binary_20260719_044949_c6c955a30fc2/test_predictions.csv,f0578c61cfb8f0bbef7c58d8ab338b9d31850912e618d5abe81846aa15e5c298,Figure 4
Fig5,IDH_ROC,IDH,Target-local logistic,roc_curve,0.029632059482805752,0.3397840172786177,,,,2024,binary_20260719_044949_c6c955a30fc2,binary_20260719_044949_c6c955a30fc2,experiments/binary_results/binary_20260719_044949_c6c955a30fc2/test_predictions.csv,f0578c61cfb8f0bbef7c58d8ab338b9d31850912e618d5abe81846aa15e5c298,Figure 4
Fig5,IDH_ROC,IDH,Target-local logistic,roc_curve,0.03094418019791154,0.3492872570194384,,,,2024,binary_20260719_044949_c6c955a30fc2,binary_20260719_044949_c6c955a30fc2,experiments/binary_results/binary_20260719_044949_c6c955a30fc2/test_predictions.csv,f0578c61cfb8f0bbef7c58d8ab338b9d31850912e618d5abe81846aa15e5c298,Figure 4
Fig5,IDH_ROC,IDH,Target-local logistic,roc_curve,0.032748346181182005,0.3571490280777538,,,,2024,binary_20260719_044949_c6c955a30fc2,binary_20260719_044949_c6c955a30fc2,experiments/binary_results/binary_20260719_044949_c6c955a30fc2/test_predictions.csv,f0578c61cfb8f0bbef7c58d8ab338b9d31850912e618d5abe81846aa15e5c298,Figure 4
Fig5,IDH_ROC,IDH,Target-local logistic,roc_curve,0.03438849707506424,0.3643196544276458,,,,2024,binary_20260719_044949_c6c955a30fc2,binary_20260719_044949_c6c955a30fc2,experiments/binary_results/binary_20260719_044949_c6c955a30fc2/test_predictions.csv,f0578c61cfb8f0bbef7c58d8ab338b9d31850912e618d5abe81846aa15e5c298,Figure 4
Fig5,IDH_ROC,IDH,Target-local logistic,roc_curve,0.03613799136187196,0.3707127429805615,,,,2024,binary_20260719_044949_c6c955a30fc2,binary_20260719_044949_c6c955a30fc2,experiments/binary_results/binary_20260719_044949_c6c955a30fc2/test_predictions.csv,f0578c61cfb8f0bbef7c58d8ab338b9d31850912e618d5abe81846aa15e5c298,Figure 4
Fig5,IDH_ROC,IDH,Target-local logistic,roc_curve,0.03794215734514242,0.3803023758099352,,,,2024,binary_20260719_044949_c6c955a30fc2,binary_20260719_044949_c6c955a30fc2,experiments/binary_results/binary_20260719_044949_c6c955a30fc2/test_predictions.csv,f0578c61cfb8f0bbef7c58d8ab338b9d31850912e618d5abe81846aa15e5c298,Figure 4
Fig5,IDH_ROC,IDH,Target-local logistic,roc_curve,0.03952763654256192,0.3882505399568035,,,,2024,binary_20260719_044949_c6c955a30fc2,binary_20260719_044949_c6c955a30fc2,experiments/binary_results/binary_20260719_044949_c6c955a30fc2/test_predictions.csv,f0578c61cfb8f0bbef7c58d8ab338b9d31850912e618d5abe81846aa15e5c298,Figure 4
Fig5,IDH_ROC,IDH,Target-local logistic,roc_curve,0.04127713082936964,0.3966306695464363,,,,2024,binary_20260719_044949_c6c955a30fc2,binary_20260719_044949_c6c955a30fc2,experiments/binary_results/binary_20260719_044949_c6c955a30fc2/test_predictions.csv,f0578c61cfb8f0bbef7c58d8ab338b9d31850912e618d5abe81846aa15e5c298,Figure 4
Fig5,IDH_ROC,IDH,Target-local logistic,roc_curve,0.04286261002678913,0.4053563714902807,,,,2024,binary_20260719_044949_c6c955a30fc2,binary_20260719_044949_c6c955a30fc2,experiments/binary_results/binary_20260719_044949_c6c955a30fc2/test_predictions.csv,f0578c61cfb8f0bbef7c58d8ab338b9d31850912e618d5abe81846aa15e5c298,Figure 4
Fig5,IDH_ROC,IDH,Target-local logistic,roc_curve,0.0449401344923733,0.4121814254859611,,,,2024,binary_20260719_044949_c6c955a30fc2,binary_20260719_044949_c6c955a30fc2,experiments/binary_results/binary_20260719_044949_c6c955a30fc2/test_predictions.csv,f0578c61cfb8f0bbef7c58d8ab338b9d31850912e618d5abe81846aa15e5c298,Figure 4
Fig5,IDH_ROC,IDH,Target-local logistic,roc_curve,0.046634957082718274,0.4166738660907127,,,,2024,binary_20260719_044949_c6c955a30fc2,binary_20260719_044949_c6c955a30fc2,experiments/binary_results/binary_20260719_044949_c6c955a30fc2/test_predictions.csv,f0578c61cfb8f0bbef7c58d8ab338b9d31850912e618d5abe81846aa15e5c298,Figure 4
Fig5,IDH_ROC,IDH,Target-local logistic,roc_curve,0.04887649663769067,0.4226349892008639,,,,2024,binary_20260719_044949_c6c955a30fc2,binary_20260719_044949_c6c955a30fc2,experiments/binary_results/binary_20260719_044949_c6c955a30fc2/test_predictions.csv,f0578c61cfb8f0bbef7c58d8ab338b9d31850912e618d5abe81846aa15e5c298,Figure 4
Fig5,IDH_ROC,IDH,Target-local logistic,roc_curve,0.05079000601388661,0.4292872570194384,,,,2024,binary_20260719_044949_c6c955a30fc2,binary_20260719_044949_c6c955a30fc2,experiments/binary_results/binary_20260719_044949_c6c955a30fc2/test_predictions.csv,f0578c61cfb8f0bbef7c58d8ab338b9d31850912e618d5abe81846aa15e5c298,Figure 4
Fig5,IDH_ROC,IDH,Target-local logistic,roc_curve,0.052594171997157074,0.4353347732181425,,,,2024,binary_20260719_044949_c6c955a30fc2,binary_20260719_044949_c6c955a30fc2,experiments/binary_results/binary_20260719_044949_c6c955a30fc2/test_predictions.csv,f0578c61cfb8f0bbef7c58d8ab338b9d31850912e618d5abe81846aa15e5c298,Figure 4
Fig5,IDH_ROC,IDH,Target-local logistic,roc_curve,0.05450768137335302,0.4408639308855291,,,,2024,binary_20260719_044949_c6c955a30fc2,binary_20260719_044949_c6c955a30fc2,experiments/binary_results/binary_20260719_044949_c6c955a30fc2/test_predictions.csv,f0578c61cfb8f0bbef7c58d8ab338b9d31850912e618d5abe81846aa15e5c298,Figure 4
Fig5,IDH_ROC,IDH,Target-local logistic,roc_curve,0.05631184735662348,0.4472570194384449,,,,2024,binary_20260719_044949_c6c955a30fc2,binary_20260719_044949_c6c955a30fc2,experiments/binary_results/binary_20260719_044949_c6c955a30fc2/test_predictions.csv,f0578c61cfb8f0bbef7c58d8ab338b9d31850912e618d5abe81846aa15e5c298,Figure 4
Fig5,IDH_ROC,IDH,Target-local logistic,roc_curve,0.05822535673281942,0.4549460043196544,,,,2024,binary_20260719_044949_c6c955a30fc2,binary_20260719_044949_c6c955a30fc2,experiments/binary_results/binary_20260719_044949_c6c955a30fc2/test_predictions.csv,f0578c61cfb8f0bbef7c58d8ab338b9d31850912e618d5abe81846aa15e5c298,Figure 4
Fig5,IDH_ROC,IDH,Target-local logistic,roc_curve,0.060193537805478106,0.4606479481641469,,,,2024,binary_20260719_044949_c6c955a30fc2,binary_20260719_044949_c6c955a30fc2,experiments/binary_results/binary_20260719_044949_c6c955a30fc2/test_predictions.csv,f0578c61cfb8f0bbef7c58d8ab338b9d31850912e618d5abe81846aa15e5c298,Figure 4
Fig5,IDH_ROC,IDH,Target-local logistic,roc_curve,0.06232573396752501,0.4658315334773218,,,,2024,binary_20260719_044949_c6c955a30fc2,binary_20260719_044949_c6c955a30fc2,experiments/binary_results/binary_20260719_044949_c6c955a30fc2/test_predictions.csv,f0578c61cfb8f0bbef7c58d8ab338b9d31850912e618d5abe81846aa15e5c298,Figure 4
Fig5,IDH_ROC,IDH,Target-local logistic,roc_curve,0.0645672735224974,0.4719654427645788,,,,2024,binary_20260719_044949_c6c955a30fc2,binary_20260719_044949_c6c955a30fc2,experiments/binary_results/binary_20260719_044949_c6c955a30fc2/test_predictions.csv,f0578c61cfb8f0bbef7c58d8ab338b9d31850912e618d5abe81846aa15e5c298,Figure 4
Fig5,IDH_ROC,IDH,Target-local logistic,roc_curve,0.06675414138100705,0.4781857451403887,,,,2024,binary_20260719_044949_c6c955a30fc2,binary_20260719_044949_c6c955a30fc2,experiments/binary_results/binary_20260719_044949_c6c955a30fc2/test_predictions.csv,f0578c61cfb8f0bbef7c58d8ab338b9d31850912e618d5abe81846aa15e5c298,Figure 4
Fig5,IDH_ROC,IDH,Target-local logistic,roc_curve,0.06921436772183041,0.4847516198704104,,,,2024,binary_20260719_044949_c6c955a30fc2,binary_20260719_044949_c6c955a30fc2,experiments/binary_results/binary_20260719_044949_c6c955a30fc2/test_predictions.csv,f0578c61cfb8f0bbef7c58d8ab338b9d31850912e618d5abe81846aa15e5c298,Figure 4
Fig5,IDH_ROC,IDH,Target-local logistic,roc_curve,0.0709091903121754,0.4899352051835853,,,,2024,binary_20260719_044949_c6c955a30fc2,binary_20260719_044949_c6c955a30fc2,experiments/binary_results/binary_20260719_044949_c6c955a30fc2/test_predictions.csv,f0578c61cfb8f0bbef7c58d8ab338b9d31850912e618d5abe81846aa15e5c298,Figure 4
Fig5,IDH_ROC,IDH,Target-local logistic,roc_curve,0.07342408834946149,0.4949460043196544,,,,2024,binary_20260719_044949_c6c955a30fc2,binary_20260719_044949_c6c955a30fc2,experiments/binary_results/binary_20260719_044949_c6c955a30fc2/test_predictions.csv,f0578c61cfb8f0bbef7c58d8ab338b9d31850912e618d5abe81846aa15e5c298,Figure 4
Fig5,IDH_ROC,IDH,Target-local logistic,roc_curve,0.07555628451150839,0.500475161987041,,,,2024,binary_20260719_044949_c6c955a30fc2,binary_20260719_044949_c6c955a30fc2,experiments/binary_results/binary_20260719_044949_c6c955a30fc2/test_predictions.csv,f0578c61cfb8f0bbef7c58d8ab338b9d31850912e618d5abe81846aa15e5c298,Figure 4
Fig5,IDH_ROC,IDH,Target-local logistic,roc_curve,0.07714176370892789,0.5052267818574514,,,,2024,binary_20260719_044949_c6c955a30fc2,binary_20260719_044949_c6c955a30fc2,experiments/binary_results/binary_20260719_044949_c6c955a30fc2/test_predictions.csv,f0578c61cfb8f0bbef7c58d8ab338b9d31850912e618d5abe81846aa15e5c298,Figure 4
Fig5,IDH_ROC,IDH,Target-local logistic,roc_curve,0.07921928817451206,0.5105831533477322,,,,2024,binary_20260719_044949_c6c955a30fc2,binary_20260719_044949_c6c955a30fc2,experiments/binary_results/binary_20260719_044949_c6c955a30fc2/test_predictions.csv,f0578c61cfb8f0bbef7c58d8ab338b9d31850912e618d5abe81846aa15e5c298,Figure 4
Fig5,IDH_ROC,IDH,Target-local logistic,roc_curve,0.08157017112240993,0.5149892008639309,,,,2024,binary_20260719_044949_c6c955a30fc2,binary_20260719_044949_c6c955a30fc2,experiments/binary_results/binary_20260719_044949_c6c955a30fc2/test_predictions.csv,f0578c61cfb8f0bbef7c58d8ab338b9d31850912e618d5abe81846aa15e5c298,Figure 4
Fig5,IDH_ROC,IDH,Target-local logistic,roc_curve,0.0832649937127549,0.5208639308855292,,,,2024,binary_20260719_044949_c6c955a30fc2,binary_20260719_044949_c6c955a30fc2,experiments/binary_results/binary_20260719_044949_c6c955a30fc2/test_predictions.csv,f0578c61cfb8f0bbef7c58d8ab338b9d31850912e618d5abe81846aa15e5c298,Figure 4
Fig5,IDH_ROC,IDH,Target-local logistic,roc_curve,0.08545186157126455,0.5265658747300216,,,,2024,binary_20260719_044949_c6c955a30fc2,binary_20260719_044949_c6c955a30fc2,experiments/binary_results/binary_20260719_044949_c6c955a30fc2/test_predictions.csv,f0578c61cfb8f0bbef7c58d8ab338b9d31850912e618d5abe81846aa15e5c298,Figure 4
Fig5,IDH_ROC,IDH,Target-local logistic,roc_curve,0.08742004264392324,0.5306263498920086,,,,2024,binary_20260719_044949_c6c955a30fc2,binary_20260719_044949_c6c955a30fc2,experiments/binary_results/binary_20260719_044949_c6c955a30fc2/test_predictions.csv,f0578c61cfb8f0bbef7c58d8ab338b9d31850912e618d5abe81846aa15e5c298,Figure 4
Fig5,IDH_ROC,IDH,Target-local logistic,roc_curve,0.0894975671095074,0.5359827213822894,,,,2024,binary_20260719_044949_c6c955a30fc2,binary_20260719_044949_c6c955a30fc2,experiments/binary_results/binary_20260719_044949_c6c955a30fc2/test_predictions.csv,f0578c61cfb8f0bbef7c58d8ab338b9d31850912e618d5abe81846aa15e5c298,Figure 4
Fig5,IDH_ROC,IDH,Target-local logistic,roc_curve,0.0917391066644798,0.5421166306695464,,,,2024,binary_20260719_044949_c6c955a30fc2,binary_20260719_044949_c6c955a30fc2,experiments/binary_results/binary_20260719_044949_c6c955a30fc2/test_predictions.csv,f0578c61cfb8f0bbef7c58d8ab338b9d31850912e618d5abe81846aa15e5c298,Figure 4
Fig5,IDH_ROC,IDH,Target-local logistic,roc_curve,0.09359794434421301,0.5469546436285098,,,,2024,binary_20260719_044949_c6c955a30fc2,binary_20260719_044949_c6c955a30fc2,experiments/binary_results/binary_20260719_044949_c6c955a30fc2/test_predictions.csv,f0578c61cfb8f0bbef7c58d8ab338b9d31850912e618d5abe81846aa15e5c298,Figure 4
Fig5,IDH_ROC,IDH,Target-local logistic,roc_curve,0.09573014050625991,0.5523110151187905,,,,2024,binary_20260719_044949_c6c955a30fc2,binary_20260719_044949_c6c955a30fc2,experiments/binary_results/binary_20260719_044949_c6c955a30fc2/test_predictions.csv,f0578c61cfb8f0bbef7c58d8ab338b9d31850912e618d5abe81846aa15e5c298,Figure 4
Fig5,IDH_ROC,IDH,Target-local logistic,roc_curve,0.09780766497184408,0.5572354211663066,,,,2024,binary_20260719_044949_c6c955a30fc2,binary_20260719_044949_c6c955a30fc2,experiments/binary_results/binary_20260719_044949_c6c955a30fc2/test_predictions.csv,f0578c61cfb8f0bbef7c58d8ab338b9d31850912e618d5abe81846aa15e5c298,Figure 4
Fig5,IDH_ROC,IDH,Target-local logistic,roc_curve,0.10043190640205565,0.5616414686825054,,,,2024,binary_20260719_044949_c6c955a30fc2,binary_20260719_044949_c6c955a30fc2,experiments/binary_results/binary_20260719_044949_c6c955a30fc2/test_predictions.csv,f0578c61cfb8f0bbef7c58d8ab338b9d31850912e618d5abe81846aa15e5c298,Figure 4
Fig5,IDH_ROC,IDH,Target-local logistic,roc_curve,0.10250943086763982,0.5657019438444925,,,,2024,binary_20260719_044949_c6c955a30fc2,binary_20260719_044949_c6c955a30fc2,experiments/binary_results/binary_20260719_044949_c6c955a30fc2/test_predictions.csv,f0578c61cfb8f0bbef7c58d8ab338b9d31850912e618d5abe81846aa15e5c298,Figure 4
Fig5,IDH_ROC,IDH,Target-local logistic,roc_curve,0.10507900060138867,0.5705399568034557,,,,2024,binary_20260719_044949_c6c955a30fc2,binary_20260719_044949_c6c955a30fc2,experiments/binary_results/binary_20260719_044949_c6c955a30fc2/test_predictions.csv,f0578c61cfb8f0bbef7c58d8ab338b9d31850912e618d5abe81846aa15e5c298,Figure 4
Fig5,IDH_ROC,IDH,Target-local logistic,roc_curve,0.10715652506697283,0.5751187904967603,,,,2024,binary_20260719_044949_c6c955a30fc2,binary_20260719_044949_c6c955a30fc2,experiments/binary_results/binary_20260719_044949_c6c955a30fc2/test_predictions.csv,f0578c61cfb8f0bbef7c58d8ab338b9d31850912e618d5abe81846aa15e5c298,Figure 4
Fig5,IDH_ROC,IDH,Target-local logistic,roc_curve,0.10989010989010989,0.5786609071274298,,,,2024,binary_20260719_044949_c6c955a30fc2,binary_20260719_044949_c6c955a30fc2,experiments/binary_results/binary_20260719_044949_c6c955a30fc2/test_predictions.csv,f0578c61cfb8f0bbef7c58d8ab338b9d31850912e618d5abe81846aa15e5c298,Figure 4
Fig5,IDH_ROC,IDH,Target-local logistic,roc_curve,0.1126783664097097,0.582548596112311,,,,2024,binary_20260719_044949_c6c955a30fc2,binary_20260719_044949_c6c955a30fc2,experiments/binary_results/binary_20260719_044949_c6c955a30fc2/test_predictions.csv,f0578c61cfb8f0bbef7c58d8ab338b9d31850912e618d5abe81846aa15e5c298,Figure 4
Fig5,IDH_ROC,IDH,Target-local logistic,roc_curve,0.11491990596468209,0.5878185745140388,,,,2024,binary_20260719_044949_c6c955a30fc2,binary_20260719_044949_c6c955a30fc2,experiments/binary_results/binary_20260719_044949_c6c955a30fc2/test_predictions.csv,f0578c61cfb8f0bbef7c58d8ab338b9d31850912e618d5abe81846aa15e5c298,Figure 4
Fig5,IDH_ROC,IDH,Target-local logistic,roc_curve,0.11721611721611722,0.5923110151187905,,,,2024,binary_20260719_044949_c6c955a30fc2,binary_20260719_044949_c6c955a30fc2,experiments/binary_results/binary_20260719_044949_c6c955a30fc2/test_predictions.csv,f0578c61cfb8f0bbef7c58d8ab338b9d31850912e618d5abe81846aa15e5c298,Figure 4
Fig5,IDH_ROC,IDH,Target-local logistic,roc_curve,0.11962167186047783,0.5966306695464363,,,,2024,binary_20260719_044949_c6c955a30fc2,binary_20260719_044949_c6c955a30fc2,experiments/binary_results/binary_20260719_044949_c6c955a30fc2/test_predictions.csv,f0578c61cfb8f0bbef7c58d8ab338b9d31850912e618d5abe81846aa15e5c298,Figure 4
Fig5,IDH_ROC,IDH,Target-local logistic,roc_curve,0.12186321141545021,0.6018142548596113,,,,2024,binary_20260719_044949_c6c955a30fc2,binary_20260719_044949_c6c955a30fc2,experiments/binary_results/binary_20260719_044949_c6c955a30fc2/test_predictions.csv,f0578c61cfb8f0bbef7c58d8ab338b9d31850912e618d5abe81846aa15e5c298,Figure 4
Fig5,IDH_ROC,IDH,Target-local logistic,roc_curve,0.12372204909518342,0.6068250539956803,,,,2024,binary_20260719_044949_c6c955a30fc2,binary_20260719_044949_c6c955a30fc2,experiments/binary_results/binary_20260719_044949_c6c955a30fc2/test_predictions.csv,f0578c61cfb8f0bbef7c58d8ab338b9d31850912e618d5abe81846aa15e5c298,Figure 4
Fig5,IDH_ROC,IDH,Target-local logistic,roc_curve,0.12618227543600677,0.610194384449244,,,,2024,binary_20260719_044949_c6c955a30fc2,binary_20260719_044949_c6c955a30fc2,experiments/binary_results/binary_20260719_044949_c6c955a30fc2/test_predictions.csv,f0578c61cfb8f0bbef7c58d8ab338b9d31850912e618d5abe81846aa15e5c298,Figure 4
Fig5,IDH_ROC,IDH,Target-local logistic,roc_curve,0.12842381499097916,0.6171922246220303,,,,2024,binary_20260719_044949_c6c955a30fc2,binary_20260719_044949_c6c955a30fc2,experiments/binary_results/binary_20260719_044949_c6c955a30fc2/test_predictions.csv,f0578c61cfb8f0bbef7c58d8ab338b9d31850912e618d5abe81846aa15e5c298,Figure 4
Fig5,IDH_ROC,IDH,Target-local logistic,roc_curve,0.13066535454595157,0.6209935205183585,,,,2024,binary_20260719_044949_c6c955a30fc2,binary_20260719_044949_c6c955a30fc2,experiments/binary_results/binary_20260719_044949_c6c955a30fc2/test_predictions.csv,f0578c61cfb8f0bbef7c58d8ab338b9d31850912e618d5abe81846aa15e5c298,Figure 4
Fig5,IDH_ROC,IDH,Target-local logistic,roc_curve,0.13307090919031217,0.624535637149028,,,,2024,binary_20260719_044949_c6c955a30fc2,binary_20260719_044949_c6c955a30fc2,experiments/binary_results/binary_20260719_044949_c6c955a30fc2/test_predictions.csv,f0578c61cfb8f0bbef7c58d8ab338b9d31850912e618d5abe81846aa15e5c298,Figure 4
Fig5,IDH_ROC,IDH,Target-local logistic,roc_curve,0.1354764638346728,0.6279913606911447,,,,2024,binary_20260719_044949_c6c955a30fc2,binary_20260719_044949_c6c955a30fc2,experiments/binary_results/binary_20260719_044949_c6c955a30fc2/test_predictions.csv,f0578c61cfb8f0bbef7c58d8ab338b9d31850912e618d5abe81846aa15e5c298,Figure 4
Fig5,IDH_ROC,IDH,Target-local logistic,roc_curve,0.13886610901536275,0.6314470842332613,,,,2024,binary_20260719_044949_c6c955a30fc2,binary_20260719_044949_c6c955a30fc2,experiments/binary_results/binary_20260719_044949_c6c955a30fc2/test_predictions.csv,f0578c61cfb8f0bbef7c58d8ab338b9d31850912e618d5abe81846aa15e5c298,Figure 4
Fig5,IDH_ROC,IDH,Target-local logistic,roc_curve,0.14138100705264883,0.634816414686825,,,,2024,binary_20260719_044949_c6c955a30fc2,binary_20260719_044949_c6c955a30fc2,experiments/binary_results/binary_20260719_044949_c6c955a30fc2/test_predictions.csv,f0578c61cfb8f0bbef7c58d8ab338b9d31850912e618d5abe81846aa15e5c298,Figure 4
Fig5,IDH_ROC,IDH,Target-local logistic,roc_curve,0.14389590508993494,0.639913606911447,,,,2024,binary_20260719_044949_c6c955a30fc2,binary_20260719_044949_c6c955a30fc2,experiments/binary_results/binary_20260719_044949_c6c955a30fc2/test_predictions.csv,f0578c61cfb8f0bbef7c58d8ab338b9d31850912e618d5abe81846aa15e5c298,Figure 4
Fig5,IDH_ROC,IDH,Target-local logistic,roc_curve,0.14586408616259364,0.6444060475161987,,,,2024,binary_20260719_044949_c6c955a30fc2,binary_20260719_044949_c6c955a30fc2,experiments/binary_results/binary_20260719_044949_c6c955a30fc2/test_predictions.csv,f0578c61cfb8f0bbef7c58d8ab338b9d31850912e618d5abe81846aa15e5c298,Figure 4
Fig5,IDH_ROC,IDH,Target-local logistic,roc_curve,0.1476682521458641,0.6485529157667387,,,,2024,binary_20260719_044949_c6c955a30fc2,binary_20260719_044949_c6c955a30fc2,experiments/binary_results/binary_20260719_044949_c6c955a30fc2/test_predictions.csv,f0578c61cfb8f0bbef7c58d8ab338b9d31850912e618d5abe81846aa15e5c298,Figure 4
Fig5,IDH_ROC,IDH,Target-local logistic,roc_curve,0.14985512000437373,0.652354211663067,,,,2024,binary_20260719_044949_c6c955a30fc2,binary_20260719_044949_c6c955a30fc2,experiments/binary_results/binary_20260719_044949_c6c955a30fc2/test_predictions.csv,f0578c61cfb8f0bbef7c58d8ab338b9d31850912e618d5abe81846aa15e5c298,Figure 4
Fig5,IDH_ROC,IDH,Target-local logistic,roc_curve,0.15231534634519708,0.6562419006479482,,,,2024,binary_20260719_044949_c6c955a30fc2,binary_20260719_044949_c6c955a30fc2,experiments/binary_results/binary_20260719_044949_c6c955a30fc2/test_predictions.csv,f0578c61cfb8f0bbef7c58d8ab338b9d31850912e618d5abe81846aa15e5c298,Figure 4
Fig5,IDH_ROC,IDH,Target-local logistic,roc_curve,0.15450221420370674,0.6603023758099352,,,,2024,binary_20260719_044949_c6c955a30fc2,binary_20260719_044949_c6c955a30fc2,experiments/binary_results/binary_20260719_044949_c6c955a30fc2/test_predictions.csv,f0578c61cfb8f0bbef7c58d8ab338b9d31850912e618d5abe81846aa15e5c298,Figure 4
Fig5,IDH_ROC,IDH,Target-local logistic,roc_curve,0.15729047072330654,0.6638444924406047,,,,2024,binary_20260719_044949_c6c955a30fc2,binary_20260719_044949_c6c955a30fc2,experiments/binary_results/binary_20260719_044949_c6c955a30fc2/test_predictions.csv,f0578c61cfb8f0bbef7c58d8ab338b9d31850912e618d5abe81846aa15e5c298,Figure 4
Fig5,IDH_ROC,IDH,Target-local logistic,roc_curve,0.16035208572522006,0.667645788336933,,,,2024,binary_20260719_044949_c6c955a30fc2,binary_20260719_044949_c6c955a30fc2,experiments/binary_results/binary_20260719_044949_c6c955a30fc2/test_predictions.csv,f0578c61cfb8f0bbef7c58d8ab338b9d31850912e618d5abe81846aa15e5c298,Figure 4
Fig5,IDH_ROC,IDH,Target-local logistic,roc_curve,0.16368705920944726,0.6725701943844492,,,,2024,binary_20260719_044949_c6c955a30fc2,binary_20260719_044949_c6c955a30fc2,experiments/binary_results/binary_20260719_044949_c6c955a30fc2/test_predictions.csv,f0578c61cfb8f0bbef7c58d8ab338b9d31850912e618d5abe81846aa15e5c298,Figure 4
Fig5,IDH_ROC,IDH,Target-local logistic,roc_curve,0.16631130063965885,0.6761123110151188,,,,2024,binary_20260719_044949_c6c955a30fc2,binary_20260719_044949_c6c955a30fc2,experiments/binary_results/binary_20260719_044949_c6c955a30fc2/test_predictions.csv,f0578c61cfb8f0bbef7c58d8ab338b9d31850912e618d5abe81846aa15e5c298,Figure 4
Fig5,IDH_ROC,IDH,Target-local logistic,roc_curve,0.16909955715925865,0.6798272138228941,,,,2024,binary_20260719_044949_c6c955a30fc2,binary_20260719_044949_c6c955a30fc2,experiments/binary_results/binary_20260719_044949_c6c955a30fc2/test_predictions.csv,f0578c61cfb8f0bbef7c58d8ab338b9d31850912e618d5abe81846aa15e5c298,Figure 4
Fig5,IDH_ROC,IDH,Target-local logistic,roc_curve,0.171559783500082,0.6833693304535637,,,,2024,binary_20260719_044949_c6c955a30fc2,binary_20260719_044949_c6c955a30fc2,experiments/binary_results/binary_20260719_044949_c6c955a30fc2/test_predictions.csv,f0578c61cfb8f0bbef7c58d8ab338b9d31850912e618d5abe81846aa15e5c298,Figure 4
Fig5,IDH_ROC,IDH,Target-local logistic,roc_curve,0.17423869662675634,0.6869114470842332,,,,2024,binary_20260719_044949_c6c955a30fc2,binary_20260719_044949_c6c955a30fc2,experiments/binary_results/binary_20260719_044949_c6c955a30fc2/test_predictions.csv,f0578c61cfb8f0bbef7c58d8ab338b9d31850912e618d5abe81846aa15e5c298,Figure 4
Fig5,IDH_ROC,IDH,Target-local logistic,roc_curve,0.17664425127111694,0.6900215982721383,,,,2024,binary_20260719_044949_c6c955a30fc2,binary_20260719_044949_c6c955a30fc2,experiments/binary_results/binary_20260719_044949_c6c955a30fc2/test_predictions.csv,f0578c61cfb8f0bbef7c58d8ab338b9d31850912e618d5abe81846aa15e5c298,Figure 4
Fig5,IDH_ROC,IDH,Target-local logistic,roc_curve,0.1784484172543874,0.693390928725702,,,,2024,binary_20260719_044949_c6c955a30fc2,binary_20260719_044949_c6c955a30fc2,experiments/binary_results/binary_20260719_044949_c6c955a30fc2/test_predictions.csv,f0578c61cfb8f0bbef7c58d8ab338b9d31850912e618d5abe81846aa15e5c298,Figure 4
Fig5,IDH_ROC,IDH,Target-local logistic,roc_curve,0.18140068886337543,0.6968466522678186,,,,2024,binary_20260719_044949_c6c955a30fc2,binary_20260719_044949_c6c955a30fc2,experiments/binary_results/binary_20260719_044949_c6c955a30fc2/test_predictions.csv,f0578c61cfb8f0bbef7c58d8ab338b9d31850912e618d5abe81846aa15e5c298,Figure 4
Fig5,IDH_ROC,IDH,Target-local logistic,roc_curve,0.1837515718112733,0.7001295896328293,,,,2024,binary_20260719_044949_c6c955a30fc2,binary_20260719_044949_c6c955a30fc2,experiments/binary_results/binary_20260719_044949_c6c955a30fc2/test_predictions.csv,f0578c61cfb8f0bbef7c58d8ab338b9d31850912e618d5abe81846aa15e5c298,Figure 4
Fig5,IDH_ROC,IDH,Target-local logistic,roc_curve,0.18670384342026133,0.7030669546436286,,,,2024,binary_20260719_044949_c6c955a30fc2,binary_20260719_044949_c6c955a30fc2,experiments/binary_results/binary_20260719_044949_c6c955a30fc2/test_predictions.csv,f0578c61cfb8f0bbef7c58d8ab338b9d31850912e618d5abe81846aa15e5c298,Figure 4
Fig5,IDH_ROC,IDH,Target-local logistic,roc_curve,0.1897107867257121,0.706695464362851,,,,2024,binary_20260719_044949_c6c955a30fc2,binary_20260719_044949_c6c955a30fc2,experiments/binary_results/binary_20260719_044949_c6c955a30fc2/test_predictions.csv,f0578c61cfb8f0bbef7c58d8ab338b9d31850912e618d5abe81846aa15e5c298,Figure 4
Fig5,IDH_ROC,IDH,Target-local logistic,roc_curve,0.19233502815592368,0.7098920086393089,,,,2024,binary_20260719_044949_c6c955a30fc2,binary_20260719_044949_c6c955a30fc2,experiments/binary_results/binary_20260719_044949_c6c955a30fc2/test_predictions.csv,f0578c61cfb8f0bbef7c58d8ab338b9d31850912e618d5abe81846aa15e5c298,Figure 4
Fig5,IDH_ROC,IDH,Target-local logistic,roc_curve,0.1946312394073588,0.7131749460043196,,,,2024,binary_20260719_044949_c6c955a30fc2,binary_20260719_044949_c6c955a30fc2,experiments/binary_results/binary_20260719_044949_c6c955a30fc2/test_predictions.csv,f0578c61cfb8f0bbef7c58d8ab338b9d31850912e618d5abe81846aa15e5c298,Figure 4
Fig5,IDH_ROC,IDH,Target-local logistic,roc_curve,0.1968727789623312,0.7175809935205184,,,,2024,binary_20260719_044949_c6c955a30fc2,binary_20260719_044949_c6c955a30fc2,experiments/binary_results/binary_20260719_044949_c6c955a30fc2/test_predictions.csv,f0578c61cfb8f0bbef7c58d8ab338b9d31850912e618d5abe81846aa15e5c298,Figure 4
Fig5,IDH_ROC,IDH,Target-local logistic,roc_curve,0.19971570717839374,0.7206047516198704,,,,2024,binary_20260719_044949_c6c955a30fc2,binary_20260719_044949_c6c955a30fc2,experiments/binary_results/binary_20260719_044949_c6c955a30fc2/test_predictions.csv,f0578c61cfb8f0bbef7c58d8ab338b9d31850912e618d5abe81846aa15e5c298,Figure 4
Fig5,IDH_ROC,IDH,Target-local logistic,roc_curve,0.2020665901262916,0.7238012958963282,,,,2024,binary_20260719_044949_c6c955a30fc2,binary_20260719_044949_c6c955a30fc2,experiments/binary_results/binary_20260719_044949_c6c955a30fc2/test_predictions.csv,f0578c61cfb8f0bbef7c58d8ab338b9d31850912e618d5abe81846aa15e5c298,Figure 4
Fig5,IDH_ROC,IDH,Target-local logistic,roc_curve,0.2050735334317424,0.7266522678185745,,,,2024,binary_20260719_044949_c6c955a30fc2,binary_20260719_044949_c6c955a30fc2,experiments/binary_results/binary_20260719_044949_c6c955a30fc2/test_predictions.csv,f0578c61cfb8f0bbef7c58d8ab338b9d31850912e618d5abe81846aa15e5c298,Figure 4
Fig5,IDH_ROC,IDH,Target-local logistic,roc_curve,0.20797113334426767,0.7301079913606912,,,,2024,binary_20260719_044949_c6c955a30fc2,binary_20260719_044949_c6c955a30fc2,experiments/binary_results/binary_20260719_044949_c6c955a30fc2/test_predictions.csv,f0578c61cfb8f0bbef7c58d8ab338b9d31850912e618d5abe81846aa15e5c298,Figure 4
Fig5,IDH_ROC,IDH,Target-local logistic,roc_curve,0.21130610682849488,0.7335637149028078,,,,2024,binary_20260719_044949_c6c955a30fc2,binary_20260719_044949_c6c955a30fc2,experiments/binary_results/binary_20260719_044949_c6c955a30fc2/test_predictions.csv,f0578c61cfb8f0bbef7c58d8ab338b9d31850912e618d5abe81846aa15e5c298,Figure 4
Fig5,IDH_ROC,IDH,Target-local logistic,roc_curve,0.21442239352687115,0.7367602591792657,,,,2024,binary_20260719_044949_c6c955a30fc2,binary_20260719_044949_c6c955a30fc2,experiments/binary_results/binary_20260719_044949_c6c955a30fc2/test_predictions.csv,f0578c61cfb8f0bbef7c58d8ab338b9d31850912e618d5abe81846aa15e5c298,Figure 4
Fig5,IDH_ROC,IDH,Target-local logistic,roc_curve,0.21748400852878466,0.7392656587473002,,,,2024,binary_20260719_044949_c6c955a30fc2,binary_20260719_044949_c6c955a30fc2,experiments/binary_results/binary_20260719_044949_c6c955a30fc2/test_predictions.csv,f0578c61cfb8f0bbef7c58d8ab338b9d31850912e618d5abe81846aa15e5c298,Figure 4
Fig5,IDH_ROC,IDH,Target-local logistic,roc_curve,0.22010824995899622,0.7423758099352051,,,,2024,binary_20260719_044949_c6c955a30fc2,binary_20260719_044949_c6c955a30fc2,experiments/binary_results/binary_20260719_044949_c6c955a30fc2/test_predictions.csv,f0578c61cfb8f0bbef7c58d8ab338b9d31850912e618d5abe81846aa15e5c298,Figure 4
Fig5,IDH_ROC,IDH,Target-local logistic,roc_curve,0.22382592531846263,0.745572354211663,,,,2024,binary_20260719_044949_c6c955a30fc2,binary_20260719_044949_c6c955a30fc2,experiments/binary_results/binary_20260719_044949_c6c955a30fc2/test_predictions.csv,f0578c61cfb8f0bbef7c58d8ab338b9d31850912e618d5abe81846aa15e5c298,Figure 4
Fig5,IDH_ROC,IDH,Target-local logistic,roc_curve,0.2271062271062271,0.7493736501079914,,,,2024,binary_20260719_044949_c6c955a30fc2,binary_20260719_044949_c6c955a30fc2,experiments/binary_results/binary_20260719_044949_c6c955a30fc2/test_predictions.csv,f0578c61cfb8f0bbef7c58d8ab338b9d31850912e618d5abe81846aa15e5c298,Figure 4
Fig5,IDH_ROC,IDH,Target-local logistic,roc_curve,0.23049587228691706,0.7531749460043197,,,,2024,binary_20260719_044949_c6c955a30fc2,binary_20260719_044949_c6c955a30fc2,experiments/binary_results/binary_20260719_044949_c6c955a30fc2/test_predictions.csv,f0578c61cfb8f0bbef7c58d8ab338b9d31850912e618d5abe81846aa15e5c298,Figure 4
Fig5,IDH_ROC,IDH,Target-local logistic,roc_curve,0.23404953255699523,0.7556803455723542,,,,2024,binary_20260719_044949_c6c955a30fc2,binary_20260719_044949_c6c955a30fc2,experiments/binary_results/binary_20260719_044949_c6c955a30fc2/test_predictions.csv,f0578c61cfb8f0bbef7c58d8ab338b9d31850912e618d5abe81846aa15e5c298,Figure 4
Fig5,IDH_ROC,IDH,Target-local logistic,roc_curve,0.23749384943414795,0.7588768898488121,,,,2024,binary_20260719_044949_c6c955a30fc2,binary_20260719_044949_c6c955a30fc2,experiments/binary_results/binary_20260719_044949_c6c955a30fc2/test_predictions.csv,f0578c61cfb8f0bbef7c58d8ab338b9d31850912e618d5abe81846aa15e5c298,Figure 4
Fig5,IDH_ROC,IDH,Target-local logistic,roc_curve,0.2405007927395987,0.76207343412527,,,,2024,binary_20260719_044949_c6c955a30fc2,binary_20260719_044949_c6c955a30fc2,experiments/binary_results/binary_20260719_044949_c6c955a30fc2/test_predictions.csv,f0578c61cfb8f0bbef7c58d8ab338b9d31850912e618d5abe81846aa15e5c298,Figure 4
Fig5,IDH_ROC,IDH,Target-local logistic,roc_curve,0.24356240774151222,0.7658747300215982,,,,2024,binary_20260719_044949_c6c955a30fc2,binary_20260719_044949_c6c955a30fc2,experiments/binary_results/binary_20260719_044949_c6c955a30fc2/test_predictions.csv,f0578c61cfb8f0bbef7c58d8ab338b9d31850912e618d5abe81846aa15e5c298,Figure 4
Fig5,IDH_ROC,IDH,Target-local logistic,roc_curve,0.24722541140451587,0.7682073434125269,,,,2024,binary_20260719_044949_c6c955a30fc2,binary_20260719_044949_c6c955a30fc2,experiments/binary_results/binary_20260719_044949_c6c955a30fc2/test_predictions.csv,f0578c61cfb8f0bbef7c58d8ab338b9d31850912e618d5abe81846aa15e5c298,Figure 4
Fig5,IDH_ROC,IDH,Target-local logistic,roc_curve,0.25105243015690776,0.7716630669546436,,,,2024,binary_20260719_044949_c6c955a30fc2,binary_20260719_044949_c6c955a30fc2,experiments/binary_results/binary_20260719_044949_c6c955a30fc2/test_predictions.csv,f0578c61cfb8f0bbef7c58d8ab338b9d31850912e618d5abe81846aa15e5c298,Figure 4
Fig5,IDH_ROC,IDH,Target-local logistic,roc_curve,0.2547154338199114,0.7751187904967602,,,,2024,binary_20260719_044949_c6c955a30fc2,binary_20260719_044949_c6c955a30fc2,experiments/binary_results/binary_20260719_044949_c6c955a30fc2/test_predictions.csv,f0578c61cfb8f0bbef7c58d8ab338b9d31850912e618d5abe81846aa15e5c298,Figure 4
Fig5,IDH_ROC,IDH,Target-local logistic,roc_curve,0.25914384123339346,0.7785745140388769,,,,2024,binary_20260719_044949_c6c955a30fc2,binary_20260719_044949_c6c955a30fc2,experiments/binary_results/binary_20260719_044949_c6c955a30fc2/test_predictions.csv,f0578c61cfb8f0bbef7c58d8ab338b9d31850912e618d5abe81846aa15e5c298,Figure 4
Fig5,IDH_ROC,IDH,Target-local logistic,roc_curve,0.26269750150347165,0.7824622030237581,,,,2024,binary_20260719_044949_c6c955a30fc2,binary_20260719_044949_c6c955a30fc2,experiments/binary_results/binary_20260719_044949_c6c955a30fc2/test_predictions.csv,f0578c61cfb8f0bbef7c58d8ab338b9d31850912e618d5abe81846aa15e5c298,Figure 4
Fig5,IDH_ROC,IDH,Target-local logistic,roc_curve,0.26663386364878905,0.7853995680345572,,,,2024,binary_20260719_044949_c6c955a30fc2,binary_20260719_044949_c6c955a30fc2,experiments/binary_results/binary_20260719_044949_c6c955a30fc2/test_predictions.csv,f0578c61cfb8f0bbef7c58d8ab338b9d31850912e618d5abe81846aa15e5c298,Figure 4
Fig5,IDH_ROC,IDH,Target-local logistic,roc_curve,0.2702421956153299,0.7881641468682505,,,,2024,binary_20260719_044949_c6c955a30fc2,binary_20260719_044949_c6c955a30fc2,experiments/binary_results/binary_20260719_044949_c6c955a30fc2/test_predictions.csv,f0578c61cfb8f0bbef7c58d8ab338b9d31850912e618d5abe81846aa15e5c298,Figure 4
Fig5,IDH_ROC,IDH,Target-local logistic,roc_curve,0.2752173199934394,0.7916198704103672,,,,2024,binary_20260719_044949_c6c955a30fc2,binary_20260719_044949_c6c955a30fc2,experiments/binary_results/binary_20260719_044949_c6c955a30fc2/test_predictions.csv,f0578c61cfb8f0bbef7c58d8ab338b9d31850912e618d5abe81846aa15e5c298,Figure 4
Fig5,IDH_ROC,IDH,Target-local logistic,roc_curve,0.27888032365644305,0.7947300215982721,,,,2024,binary_20260719_044949_c6c955a30fc2,binary_20260719_044949_c6c955a30fc2,experiments/binary_results/binary_20260719_044949_c6c955a30fc2/test_predictions.csv,f0578c61cfb8f0bbef7c58d8ab338b9d31850912e618d5abe81846aa15e5c298,Figure 4
Fig5,IDH_ROC,IDH,Target-local logistic,roc_curve,0.2825433273194467,0.7977537796976242,,,,2024,binary_20260719_044949_c6c955a30fc2,binary_20260719_044949_c6c955a30fc2,experiments/binary_results/binary_20260719_044949_c6c955a30fc2/test_predictions.csv,f0578c61cfb8f0bbef7c58d8ab338b9d31850912e618d5abe81846aa15e5c298,Figure 4
Fig5,IDH_ROC,IDH,Target-local logistic,roc_curve,0.2868077196435405,0.8004319654427646,,,,2024,binary_20260719_044949_c6c955a30fc2,binary_20260719_044949_c6c955a30fc2,experiments/binary_results/binary_20260719_044949_c6c955a30fc2/test_predictions.csv,f0578c61cfb8f0bbef7c58d8ab338b9d31850912e618d5abe81846aa15e5c298,Figure 4
Fig5,IDH_ROC,IDH,Target-local logistic,roc_curve,0.2911267836640971,0.8029373650107992,,,,2024,binary_20260719_044949_c6c955a30fc2,binary_20260719_044949_c6c955a30fc2,experiments/binary_results/binary_20260719_044949_c6c955a30fc2/test_predictions.csv,f0578c61cfb8f0bbef7c58d8ab338b9d31850912e618d5abe81846aa15e5c298,Figure 4
Fig5,IDH_ROC,IDH,Target-local logistic,roc_curve,0.2957738778634301,0.8057019438444925,,,,2024,binary_20260719_044949_c6c955a30fc2,binary_20260719_044949_c6c955a30fc2,experiments/binary_results/binary_20260719_044949_c6c955a30fc2/test_predictions.csv,f0578c61cfb8f0bbef7c58d8ab338b9d31850912e618d5abe81846aa15e5c298,Figure 4
Fig5,IDH_ROC,IDH,Target-local logistic,roc_curve,0.2997649117052102,0.8095032397408207,,,,2024,binary_20260719_044949_c6c955a30fc2,binary_20260719_044949_c6c955a30fc2,experiments/binary_results/binary_20260719_044949_c6c955a30fc2/test_predictions.csv,f0578c61cfb8f0bbef7c58d8ab338b9d31850912e618d5abe81846aa15e5c298,Figure 4
Fig5,IDH_ROC,IDH,Target-local logistic,roc_curve,0.3041386474222295,0.812267818574514,,,,2024,binary_20260719_044949_c6c955a30fc2,binary_20260719_044949_c6c955a30fc2,experiments/binary_results/binary_20260719_044949_c6c955a30fc2/test_predictions.csv,f0578c61cfb8f0bbef7c58d8ab338b9d31850912e618d5abe81846aa15e5c298,Figure 4
Fig5,IDH_ROC,IDH,Target-local logistic,roc_curve,0.3086217265321743,0.8150323974082073,,,,2024,binary_20260719_044949_c6c955a30fc2,binary_20260719_044949_c6c955a30fc2,experiments/binary_results/binary_20260719_044949_c6c955a30fc2/test_predictions.csv,f0578c61cfb8f0bbef7c58d8ab338b9d31850912e618d5abe81846aa15e5c298,Figure 4
Fig5,IDH_ROC,IDH,Target-local logistic,roc_curve,0.3128861188562681,0.8171922246220302,,,,2024,binary_20260719_044949_c6c955a30fc2,binary_20260719_044949_c6c955a30fc2,experiments/binary_results/binary_20260719_044949_c6c955a30fc2/test_predictions.csv,f0578c61cfb8f0bbef7c58d8ab338b9d31850912e618d5abe81846aa15e5c298,Figure 4
Fig5,IDH_ROC,IDH,Target-local logistic,roc_curve,0.31704116778743646,0.8206479481641469,,,,2024,binary_20260719_044949_c6c955a30fc2,binary_20260719_044949_c6c955a30fc2,experiments/binary_results/binary_20260719_044949_c6c955a30fc2/test_predictions.csv,f0578c61cfb8f0bbef7c58d8ab338b9d31850912e618d5abe81846aa15e5c298,Figure 4
Fig5,IDH_ROC,IDH,Target-local logistic,roc_curve,0.32185227707615766,0.8237580993520518,,,,2024,binary_20260719_044949_c6c955a30fc2,binary_20260719_044949_c6c955a30fc2,experiments/binary_results/binary_20260719_044949_c6c955a30fc2/test_predictions.csv,f0578c61cfb8f0bbef7c58d8ab338b9d31850912e618d5abe81846aa15e5c298,Figure 4
Fig5,IDH_ROC,IDH,Target-local logistic,roc_curve,0.3273741184188945,0.8267818574514039,,,,2024,binary_20260719_044949_c6c955a30fc2,binary_20260719_044949_c6c955a30fc2,experiments/binary_results/binary_20260719_044949_c6c955a30fc2/test_predictions.csv,f0578c61cfb8f0bbef7c58d8ab338b9d31850912e618d5abe81846aa15e5c298,Figure 4
Fig5,IDH_ROC,IDH,Target-local logistic,roc_curve,0.33284128806516866,0.8292008639308855,,,,2024,binary_20260719_044949_c6c955a30fc2,binary_20260719_044949_c6c955a30fc2,experiments/binary_results/binary_20260719_044949_c6c955a30fc2/test_predictions.csv,f0578c61cfb8f0bbef7c58d8ab338b9d31850912e618d5abe81846aa15e5c298,Figure 4
Fig5,IDH_ROC,IDH,Target-local logistic,roc_curve,0.336996336996337,0.8322246220302376,,,,2024,binary_20260719_044949_c6c955a30fc2,binary_20260719_044949_c6c955a30fc2,experiments/binary_results/binary_20260719_044949_c6c955a30fc2/test_predictions.csv,f0578c61cfb8f0bbef7c58d8ab338b9d31850912e618d5abe81846aa15e5c298,Figure 4
Fig5,IDH_ROC,IDH,Target-local logistic,roc_curve,0.3420261330709092,0.8354211663066955,,,,2024,binary_20260719_044949_c6c955a30fc2,binary_20260719_044949_c6c955a30fc2,experiments/binary_results/binary_20260719_044949_c6c955a30fc2/test_predictions.csv,f0578c61cfb8f0bbef7c58d8ab338b9d31850912e618d5abe81846aa15e5c298,Figure 4
Fig5,IDH_ROC,IDH,Target-local logistic,roc_curve,0.3463998687879285,0.8380993520518358,,,,2024,binary_20260719_044949_c6c955a30fc2,binary_20260719_044949_c6c955a30fc2,experiments/binary_results/binary_20260719_044949_c6c955a30fc2/test_predictions.csv,f0578c61cfb8f0bbef7c58d8ab338b9d31850912e618d5abe81846aa15e5c298,Figure 4
Fig5,IDH_ROC,IDH,Target-local logistic,roc_curve,0.35186703843420264,0.8409503239740821,,,,2024,binary_20260719_044949_c6c955a30fc2,binary_20260719_044949_c6c955a30fc2,experiments/binary_results/binary_20260719_044949_c6c955a30fc2/test_predictions.csv,f0578c61cfb8f0bbef7c58d8ab338b9d31850912e618d5abe81846aa15e5c298,Figure 4
Fig5,IDH_ROC,IDH,Target-local logistic,roc_curve,0.35645946093707287,0.8438012958963282,,,,2024,binary_20260719_044949_c6c955a30fc2,binary_20260719_044949_c6c955a30fc2,experiments/binary_results/binary_20260719_044949_c6c955a30fc2/test_predictions.csv,f0578c61cfb8f0bbef7c58d8ab338b9d31850912e618d5abe81846aa15e5c298,Figure 4
Fig5,IDH_ROC,IDH,Target-local logistic,roc_curve,0.3618172871904215,0.8464794816414687,,,,2024,binary_20260719_044949_c6c955a30fc2,binary_20260719_044949_c6c955a30fc2,experiments/binary_results/binary_20260719_044949_c6c955a30fc2/test_predictions.csv,f0578c61cfb8f0bbef7c58d8ab338b9d31850912e618d5abe81846aa15e5c298,Figure 4
Fig5,IDH_ROC,IDH,Target-local logistic,roc_curve,0.36673773987206826,0.8495896328293736,,,,2024,binary_20260719_044949_c6c955a30fc2,binary_20260719_044949_c6c955a30fc2,experiments/binary_results/binary_20260719_044949_c6c955a30fc2/test_predictions.csv,f0578c61cfb8f0bbef7c58d8ab338b9d31850912e618d5abe81846aa15e5c298,Figure 4
Fig5,IDH_ROC,IDH,Target-local logistic,roc_curve,0.37269695478650705,0.8522678185745141,,,,2024,binary_20260719_044949_c6c955a30fc2,binary_20260719_044949_c6c955a30fc2,experiments/binary_results/binary_20260719_044949_c6c955a30fc2/test_predictions.csv,f0578c61cfb8f0bbef7c58d8ab338b9d31850912e618d5abe81846aa15e5c298,Figure 4
Fig5,IDH_ROC,IDH,Target-local logistic,roc_curve,0.3783828112186321,0.8545140388768898,,,,2024,binary_20260719_044949_c6c955a30fc2,binary_20260719_044949_c6c955a30fc2,experiments/binary_results/binary_20260719_044949_c6c955a30fc2/test_predictions.csv,f0578c61cfb8f0bbef7c58d8ab338b9d31850912e618d5abe81846aa15e5c298,Figure 4
Fig5,IDH_ROC,IDH,Target-local logistic,roc_curve,0.3841780110436827,0.8571922246220303,,,,2024,binary_20260719_044949_c6c955a30fc2,binary_20260719_044949_c6c955a30fc2,experiments/binary_results/binary_20260719_044949_c6c955a30fc2/test_predictions.csv,f0578c61cfb8f0bbef7c58d8ab338b9d31850912e618d5abe81846aa15e5c298,Figure 4
Fig5,IDH_ROC,IDH,Target-local logistic,roc_curve,0.3892624788147176,0.8597840172786178,,,,2024,binary_20260719_044949_c6c955a30fc2,binary_20260719_044949_c6c955a30fc2,experiments/binary_results/binary_20260719_044949_c6c955a30fc2/test_predictions.csv,f0578c61cfb8f0bbef7c58d8ab338b9d31850912e618d5abe81846aa15e5c298,Figure 4
Fig5,IDH_ROC,IDH,Target-local logistic,roc_curve,0.39445628997867804,0.8623758099352051,,,,2024,binary_20260719_044949_c6c955a30fc2,binary_20260719_044949_c6c955a30fc2,experiments/binary_results/binary_20260719_044949_c6c955a30fc2/test_predictions.csv,f0578c61cfb8f0bbef7c58d8ab338b9d31850912e618d5abe81846aa15e5c298,Figure 4
Fig5,IDH_ROC,IDH,Target-local logistic,roc_curve,0.40047017658957956,0.8647948164146868,,,,2024,binary_20260719_044949_c6c955a30fc2,binary_20260719_044949_c6c955a30fc2,experiments/binary_results/binary_20260719_044949_c6c955a30fc2/test_predictions.csv,f0578c61cfb8f0bbef7c58d8ab338b9d31850912e618d5abe81846aa15e5c298,Figure 4
Fig5,IDH_ROC,IDH,Target-local logistic,roc_curve,0.40817888579082606,0.8675593952483801,,,,2024,binary_20260719_044949_c6c955a30fc2,binary_20260719_044949_c6c955a30fc2,experiments/binary_results/binary_20260719_044949_c6c955a30fc2/test_predictions.csv,f0578c61cfb8f0bbef7c58d8ab338b9d31850912e618d5abe81846aa15e5c298,Figure 4
Fig5,IDH_ROC,IDH,Target-local logistic,roc_curve,0.4137553988300257,0.870842332613391,,,,2024,binary_20260719_044949_c6c955a30fc2,binary_20260719_044949_c6c955a30fc2,experiments/binary_results/binary_20260719_044949_c6c955a30fc2/test_predictions.csv,f0578c61cfb8f0bbef7c58d8ab338b9d31850912e618d5abe81846aa15e5c298,Figure 4
Fig5,IDH_ROC,IDH,Target-local logistic,roc_curve,0.4203706741020174,0.8743844492440604,,,,2024,binary_20260719_044949_c6c955a30fc2,binary_20260719_044949_c6c955a30fc2,experiments/binary_results/binary_20260719_044949_c6c955a30fc2/test_predictions.csv,f0578c61cfb8f0bbef7c58d8ab338b9d31850912e618d5abe81846aa15e5c298,Figure 4
Fig5,IDH_ROC,IDH,Target-local logistic,roc_curve,0.42616587392706795,0.8774082073434125,,,,2024,binary_20260719_044949_c6c955a30fc2,binary_20260719_044949_c6c955a30fc2,experiments/binary_results/binary_20260719_044949_c6c955a30fc2/test_predictions.csv,f0578c61cfb8f0bbef7c58d8ab338b9d31850912e618d5abe81846aa15e5c298,Figure 4
Fig5,IDH_ROC,IDH,Target-local logistic,roc_curve,0.4347493302717183,0.8796544276457884,,,,2024,binary_20260719_044949_c6c955a30fc2,binary_20260719_044949_c6c955a30fc2,experiments/binary_results/binary_20260719_044949_c6c955a30fc2/test_predictions.csv,f0578c61cfb8f0bbef7c58d8ab338b9d31850912e618d5abe81846aa15e5c298,Figure 4
Fig5,IDH_ROC,IDH,Target-local logistic,roc_curve,0.44032584331091795,0.8819870410367171,,,,2024,binary_20260719_044949_c6c955a30fc2,binary_20260719_044949_c6c955a30fc2,experiments/binary_results/binary_20260719_044949_c6c955a30fc2/test_predictions.csv,f0578c61cfb8f0bbef7c58d8ab338b9d31850912e618d5abe81846aa15e5c298,Figure 4
Fig5,IDH_ROC,IDH,Target-local logistic,roc_curve,0.4468317751899841,0.8844060475161987,,,,2024,binary_20260719_044949_c6c955a30fc2,binary_20260719_044949_c6c955a30fc2,experiments/binary_results/binary_20260719_044949_c6c955a30fc2/test_predictions.csv,f0578c61cfb8f0bbef7c58d8ab338b9d31850912e618d5abe81846aa15e5c298,Figure 4
Fig5,IDH_ROC,IDH,Target-local logistic,roc_curve,0.45251763162210923,0.8869114470842333,,,,2024,binary_20260719_044949_c6c955a30fc2,binary_20260719_044949_c6c955a30fc2,experiments/binary_results/binary_20260719_044949_c6c955a30fc2/test_predictions.csv,f0578c61cfb8f0bbef7c58d8ab338b9d31850912e618d5abe81846aa15e5c298,Figure 4
Fig5,IDH_ROC,IDH,Target-local logistic,roc_curve,0.4597342955551911,0.889244060475162,,,,2024,binary_20260719_044949_c6c955a30fc2,binary_20260719_044949_c6c955a30fc2,experiments/binary_results/binary_20260719_044949_c6c955a30fc2/test_predictions.csv,f0578c61cfb8f0bbef7c58d8ab338b9d31850912e618d5abe81846aa15e5c298,Figure 4
Fig5,IDH_ROC,IDH,Target-local logistic,roc_curve,0.4654201519873162,0.8914038876889849,,,,2024,binary_20260719_044949_c6c955a30fc2,binary_20260719_044949_c6c955a30fc2,experiments/binary_results/binary_20260719_044949_c6c955a30fc2/test_predictions.csv,f0578c61cfb8f0bbef7c58d8ab338b9d31850912e618d5abe81846aa15e5c298,Figure 4
Fig5,IDH_ROC,IDH,Target-local logistic,roc_curve,0.4700672461866492,0.8941684665226782,,,,2024,binary_20260719_044949_c6c955a30fc2,binary_20260719_044949_c6c955a30fc2,experiments/binary_results/binary_20260719_044949_c6c955a30fc2/test_predictions.csv,f0578c61cfb8f0bbef7c58d8ab338b9d31850912e618d5abe81846aa15e5c298,Figure 4
Fig5,IDH_ROC,IDH,Target-local logistic,roc_curve,0.4779399704772839,0.8971058315334773,,,,2024,binary_20260719_044949_c6c955a30fc2,binary_20260719_044949_c6c955a30fc2,experiments/binary_results/binary_20260719_044949_c6c955a30fc2/test_predictions.csv,f0578c61cfb8f0bbef7c58d8ab338b9d31850912e618d5abe81846aa15e5c298,Figure 4
Fig5,IDH_ROC,IDH,Target-local logistic,roc_curve,0.48471926083866385,0.8996112311015119,,,,2024,binary_20260719_044949_c6c955a30fc2,binary_20260719_044949_c6c955a30fc2,experiments/binary_results/binary_20260719_044949_c6c955a30fc2/test_predictions.csv,f0578c61cfb8f0bbef7c58d8ab338b9d31850912e618d5abe81846aa15e5c298,Figure 4
Fig5,IDH_ROC,IDH,Target-local logistic,roc_curve,0.48953037012738504,0.9021166306695464,,,,2024,binary_20260719_044949_c6c955a30fc2,binary_20260719_044949_c6c955a30fc2,experiments/binary_results/binary_20260719_044949_c6c955a30fc2/test_predictions.csv,f0578c61cfb8f0bbef7c58d8ab338b9d31850912e618d5abe81846aa15e5c298,Figure 4
Fig5,IDH_ROC,IDH,Target-local logistic,roc_curve,0.49827784156142363,0.904622030237581,,,,2024,binary_20260719_044949_c6c955a30fc2,binary_20260719_044949_c6c955a30fc2,experiments/binary_results/binary_20260719_044949_c6c955a30fc2/test_predictions.csv,f0578c61cfb8f0bbef7c58d8ab338b9d31850912e618d5abe81846aa15e5c298,Figure 4
Fig5,IDH_ROC,IDH,Target-local logistic,roc_curve,0.5059865507626702,0.9073002159827214,,,,2024,binary_20260719_044949_c6c955a30fc2,binary_20260719_044949_c6c955a30fc2,experiments/binary_results/binary_20260719_044949_c6c955a30fc2/test_predictions.csv,f0578c61cfb8f0bbef7c58d8ab338b9d31850912e618d5abe81846aa15e5c298,Figure 4
Fig5,IDH_ROC,IDH,Target-local logistic,roc_curve,0.5107429883549287,0.909805615550756,,,,2024,binary_20260719_044949_c6c955a30fc2,binary_20260719_044949_c6c955a30fc2,experiments/binary_results/binary_20260719_044949_c6c955a30fc2/test_predictions.csv,f0578c61cfb8f0bbef7c58d8ab338b9d31850912e618d5abe81846aa15e5c298,Figure 4
Fig5,IDH_ROC,IDH,Target-local logistic,roc_curve,0.5170849051446066,0.9123974082073434,,,,2024,binary_20260719_044949_c6c955a30fc2,binary_20260719_044949_c6c955a30fc2,experiments/binary_results/binary_20260719_044949_c6c955a30fc2/test_predictions.csv,f0578c61cfb8f0bbef7c58d8ab338b9d31850912e618d5abe81846aa15e5c298,Figure 4
Fig5,IDH_ROC,IDH,Target-local logistic,roc_curve,0.5246295992564649,0.9146436285097193,,,,2024,binary_20260719_044949_c6c955a30fc2,binary_20260719_044949_c6c955a30fc2,experiments/binary_results/binary_20260719_044949_c6c955a30fc2/test_predictions.csv,f0578c61cfb8f0bbef7c58d8ab338b9d31850912e618d5abe81846aa15e5c298,Figure 4
Fig5,IDH_ROC,IDH,Target-local logistic,roc_curve,0.5332677272975781,0.916889848812095,,,,2024,binary_20260719_044949_c6c955a30fc2,binary_20260719_044949_c6c955a30fc2,experiments/binary_results/binary_20260719_044949_c6c955a30fc2/test_predictions.csv,f0578c61cfb8f0bbef7c58d8ab338b9d31850912e618d5abe81846aa15e5c298,Figure 4
Fig5,IDH_ROC,IDH,Target-local logistic,roc_curve,0.5419605270351538,0.9191360691144708,,,,2024,binary_20260719_044949_c6c955a30fc2,binary_20260719_044949_c6c955a30fc2,experiments/binary_results/binary_20260719_044949_c6c955a30fc2/test_predictions.csv,f0578c61cfb8f0bbef7c58d8ab338b9d31850912e618d5abe81846aa15e5c298,Figure 4
Fig5,IDH_ROC,IDH,Target-local logistic,roc_curve,0.5481384287354436,0.9212958963282938,,,,2024,binary_20260719_044949_c6c955a30fc2,binary_20260719_044949_c6c955a30fc2,experiments/binary_results/binary_20260719_044949_c6c955a30fc2/test_predictions.csv,f0578c61cfb8f0bbef7c58d8ab338b9d31850912e618d5abe81846aa15e5c298,Figure 4
Fig5,IDH_ROC,IDH,Target-local logistic,roc_curve,0.5595101415996938,0.9240604751619872,,,,2024,binary_20260719_044949_c6c955a30fc2,binary_20260719_044949_c6c955a30fc2,experiments/binary_results/binary_20260719_044949_c6c955a30fc2/test_predictions.csv,f0578c61cfb8f0bbef7c58d8ab338b9d31850912e618d5abe81846aa15e5c298,Figure 4
Fig5,IDH_ROC,IDH,Target-local logistic,roc_curve,0.5673281941938658,0.926133909287257,,,,2024,binary_20260719_044949_c6c955a30fc2,binary_20260719_044949_c6c955a30fc2,experiments/binary_results/binary_20260719_044949_c6c955a30fc2/test_predictions.csv,f0578c61cfb8f0bbef7c58d8ab338b9d31850912e618d5abe81846aa15e5c298,Figure 4
Fig5,IDH_ROC,IDH,Target-local logistic,roc_curve,0.5741074845552457,0.9284665226781856,,,,2024,binary_20260719_044949_c6c955a30fc2,binary_20260719_044949_c6c955a30fc2,experiments/binary_results/binary_20260719_044949_c6c955a30fc2/test_predictions.csv,f0578c61cfb8f0bbef7c58d8ab338b9d31850912e618d5abe81846aa15e5c298,Figure 4
Fig5,IDH_ROC,IDH,Target-local logistic,roc_curve,0.5831829861680607,0.9310583153347732,,,,2024,binary_20260719_044949_c6c955a30fc2,binary_20260719_044949_c6c955a30fc2,experiments/binary_results/binary_20260719_044949_c6c955a30fc2/test_predictions.csv,f0578c61cfb8f0bbef7c58d8ab338b9d31850912e618d5abe81846aa15e5c298,Figure 4
Fig5,IDH_ROC,IDH,Target-local logistic,roc_curve,0.5955387895686404,0.9334773218142548,,,,2024,binary_20260719_044949_c6c955a30fc2,binary_20260719_044949_c6c955a30fc2,experiments/binary_results/binary_20260719_044949_c6c955a30fc2/test_predictions.csv,f0578c61cfb8f0bbef7c58d8ab338b9d31850912e618d5abe81846aa15e5c298,Figure 4
Fig5,IDH_ROC,IDH,Target-local logistic,roc_curve,0.606801159039965,0.9363282937365012,,,,2024,binary_20260719_044949_c6c955a30fc2,binary_20260719_044949_c6c955a30fc2,experiments/binary_results/binary_20260719_044949_c6c955a30fc2/test_predictions.csv,f0578c61cfb8f0bbef7c58d8ab338b9d31850912e618d5abe81846aa15e5c298,Figure 4
Fig5,IDH_ROC,IDH,Target-local logistic,roc_curve,0.6170247662784977,0.9385745140388768,,,,2024,binary_20260719_044949_c6c955a30fc2,binary_20260719_044949_c6c955a30fc2,experiments/binary_results/binary_20260719_044949_c6c955a30fc2/test_predictions.csv,f0578c61cfb8f0bbef7c58d8ab338b9d31850912e618d5abe81846aa15e5c298,Figure 4
Fig5,IDH_ROC,IDH,Target-local logistic,roc_curve,0.6247881471762069,0.9409071274298056,,,,2024,binary_20260719_044949_c6c955a30fc2,binary_20260719_044949_c6c955a30fc2,experiments/binary_results/binary_20260719_044949_c6c955a30fc2/test_predictions.csv,f0578c61cfb8f0bbef7c58d8ab338b9d31850912e618d5abe81846aa15e5c298,Figure 4
Fig5,IDH_ROC,IDH,Target-local logistic,roc_curve,0.6375813241484883,0.9431533477321814,,,,2024,binary_20260719_044949_c6c955a30fc2,binary_20260719_044949_c6c955a30fc2,experiments/binary_results/binary_20260719_044949_c6c955a30fc2/test_predictions.csv,f0578c61cfb8f0bbef7c58d8ab338b9d31850912e618d5abe81846aa15e5c298,Figure 4
Fig5,IDH_ROC,IDH,Target-local logistic,roc_curve,0.6461647804931387,0.94548596112311,,,,2024,binary_20260719_044949_c6c955a30fc2,binary_20260719_044949_c6c955a30fc2,experiments/binary_results/binary_20260719_044949_c6c955a30fc2/test_predictions.csv,f0578c61cfb8f0bbef7c58d8ab338b9d31850912e618d5abe81846aa15e5c298,Figure 4
Fig5,IDH_ROC,IDH,Target-local logistic,roc_curve,0.6550762670165655,0.9479049676025918,,,,2024,binary_20260719_044949_c6c955a30fc2,binary_20260719_044949_c6c955a30fc2,experiments/binary_results/binary_20260719_044949_c6c955a30fc2/test_predictions.csv,f0578c61cfb8f0bbef7c58d8ab338b9d31850912e618d5abe81846aa15e5c298,Figure 4
Fig5,IDH_ROC,IDH,Target-local logistic,roc_curve,0.6648078289869335,0.9500647948164148,,,,2024,binary_20260719_044949_c6c955a30fc2,binary_20260719_044949_c6c955a30fc2,experiments/binary_results/binary_20260719_044949_c6c955a30fc2/test_predictions.csv,f0578c61cfb8f0bbef7c58d8ab338b9d31850912e618d5abe81846aa15e5c298,Figure 4
Fig5,IDH_ROC,IDH,Target-local logistic,roc_curve,0.6741020173855995,0.952742980561555,,,,2024,binary_20260719_044949_c6c955a30fc2,binary_20260719_044949_c6c955a30fc2,experiments/binary_results/binary_20260719_044949_c6c955a30fc2/test_predictions.csv,f0578c61cfb8f0bbef7c58d8ab338b9d31850912e618d5abe81846aa15e5c298,Figure 4
Fig5,IDH_ROC,IDH,Target-local logistic,roc_curve,0.6845443114099831,0.9550755939524838,,,,2024,binary_20260719_044949_c6c955a30fc2,binary_20260719_044949_c6c955a30fc2,experiments/binary_results/binary_20260719_044949_c6c955a30fc2/test_predictions.csv,f0578c61cfb8f0bbef7c58d8ab338b9d31850912e618d5abe81846aa15e5c298,Figure 4
Fig5,IDH_ROC,IDH,Target-local logistic,roc_curve,0.6947679186485156,0.9572354211663068,,,,2024,binary_20260719_044949_c6c955a30fc2,binary_20260719_044949_c6c955a30fc2,experiments/binary_results/binary_20260719_044949_c6c955a30fc2/test_predictions.csv,f0578c61cfb8f0bbef7c58d8ab338b9d31850912e618d5abe81846aa15e5c298,Figure 4
Fig5,IDH_ROC,IDH,Target-local logistic,roc_curve,0.7078891257995735,0.9594816414686824,,,,2024,binary_20260719_044949_c6c955a30fc2,binary_20260719_044949_c6c955a30fc2,experiments/binary_results/binary_20260719_044949_c6c955a30fc2/test_predictions.csv,f0578c61cfb8f0bbef7c58d8ab338b9d31850912e618d5abe81846aa15e5c298,Figure 4
Fig5,IDH_ROC,IDH,Target-local logistic,roc_curve,0.7169646274123886,0.9616414686825054,,,,2024,binary_20260719_044949_c6c955a30fc2,binary_20260719_044949_c6c955a30fc2,experiments/binary_results/binary_20260719_044949_c6c955a30fc2/test_predictions.csv,f0578c61cfb8f0bbef7c58d8ab338b9d31850912e618d5abe81846aa15e5c298,Figure 4
Fig5,IDH_ROC,IDH,Target-local logistic,roc_curve,0.7286096987589525,0.9638876889848812,,,,2024,binary_20260719_044949_c6c955a30fc2,binary_20260719_044949_c6c955a30fc2,experiments/binary_results/binary_20260719_044949_c6c955a30fc2/test_predictions.csv,f0578c61cfb8f0bbef7c58d8ab338b9d31850912e618d5abe81846aa15e5c298,Figure 4
Fig5,IDH_ROC,IDH,Target-local logistic,roc_curve,0.7415122191241594,0.9661339092872572,,,,2024,binary_20260719_044949_c6c955a30fc2,binary_20260719_044949_c6c955a30fc2,experiments/binary_results/binary_20260719_044949_c6c955a30fc2/test_predictions.csv,f0578c61cfb8f0bbef7c58d8ab338b9d31850912e618d5abe81846aa15e5c298,Figure 4
Fig5,IDH_ROC,IDH,Target-local logistic,roc_curve,0.7543053960964409,0.96829373650108,,,,2024,binary_20260719_044949_c6c955a30fc2,binary_20260719_044949_c6c955a30fc2,experiments/binary_results/binary_20260719_044949_c6c955a30fc2/test_predictions.csv,f0578c61cfb8f0bbef7c58d8ab338b9d31850912e618d5abe81846aa15e5c298,Figure 4
Fig5,IDH_ROC,IDH,Target-local logistic,roc_curve,0.7666065278005576,0.9707127429805616,,,,2024,binary_20260719_044949_c6c955a30fc2,binary_20260719_044949_c6c955a30fc2,experiments/binary_results/binary_20260719_044949_c6c955a30fc2/test_predictions.csv,f0578c61cfb8f0bbef7c58d8ab338b9d31850912e618d5abe81846aa15e5c298,Figure 4
Fig5,IDH_ROC,IDH,Target-local logistic,roc_curve,0.7777048821824941,0.9731317494600432,,,,2024,binary_20260719_044949_c6c955a30fc2,binary_20260719_044949_c6c955a30fc2,experiments/binary_results/binary_20260719_044949_c6c955a30fc2/test_predictions.csv,f0578c61cfb8f0bbef7c58d8ab338b9d31850912e618d5abe81846aa15e5c298,Figure 4
Fig5,IDH_ROC,IDH,Target-local logistic,roc_curve,0.7951451533541086,0.975464362850972,,,,2024,binary_20260719_044949_c6c955a30fc2,binary_20260719_044949_c6c955a30fc2,experiments/binary_results/binary_20260719_044949_c6c955a30fc2/test_predictions.csv,f0578c61cfb8f0bbef7c58d8ab338b9d31850912e618d5abe81846aa15e5c298,Figure 4
Fig5,IDH_ROC,IDH,Target-local logistic,roc_curve,0.8116560056858564,0.9779697624190063,,,,2024,binary_20260719_044949_c6c955a30fc2,binary_20260719_044949_c6c955a30fc2,experiments/binary_results/binary_20260719_044949_c6c955a30fc2/test_predictions.csv,f0578c61cfb8f0bbef7c58d8ab338b9d31850912e618d5abe81846aa15e5c298,Figure 4
Fig5,IDH_ROC,IDH,Target-local logistic,roc_curve,0.8237384506041222,0.9801295896328294,,,,2024,binary_20260719_044949_c6c955a30fc2,binary_20260719_044949_c6c955a30fc2,experiments/binary_results/binary_20260719_044949_c6c955a30fc2/test_predictions.csv,f0578c61cfb8f0bbef7c58d8ab338b9d31850912e618d5abe81846aa15e5c298,Figure 4
Fig5,IDH_ROC,IDH,Target-local logistic,roc_curve,0.8433655896342463,0.9822894168466524,,,,2024,binary_20260719_044949_c6c955a30fc2,binary_20260719_044949_c6c955a30fc2,experiments/binary_results/binary_20260719_044949_c6c955a30fc2/test_predictions.csv,f0578c61cfb8f0bbef7c58d8ab338b9d31850912e618d5abe81846aa15e5c298,Figure 4
Fig5,IDH_ROC,IDH,Target-local logistic,roc_curve,0.8553933628560494,0.984535637149028,,,,2024,binary_20260719_044949_c6c955a30fc2,binary_20260719_044949_c6c955a30fc2,experiments/binary_results/binary_20260719_044949_c6c955a30fc2/test_predictions.csv,f0578c61cfb8f0bbef7c58d8ab338b9d31850912e618d5abe81846aa15e5c298,Figure 4
Fig5,IDH_ROC,IDH,Target-local logistic,roc_curve,0.8779181017986988,0.9866954643628508,,,,2024,binary_20260719_044949_c6c955a30fc2,binary_20260719_044949_c6c955a30fc2,experiments/binary_results/binary_20260719_044949_c6c955a30fc2/test_predictions.csv,f0578c61cfb8f0bbef7c58d8ab338b9d31850912e618d5abe81846aa15e5c298,Figure 4
Fig5,IDH_ROC,IDH,Target-local logistic,roc_curve,0.890984637253294,0.9888552915766738,,,,2024,binary_20260719_044949_c6c955a30fc2,binary_20260719_044949_c6c955a30fc2,experiments/binary_results/binary_20260719_044949_c6c955a30fc2/test_predictions.csv,f0578c61cfb8f0bbef7c58d8ab338b9d31850912e618d5abe81846aa15e5c298,Figure 4
Fig5,IDH_ROC,IDH,Target-local logistic,roc_curve,0.9098463725329397,0.9911015118790496,,,,2024,binary_20260719_044949_c6c955a30fc2,binary_20260719_044949_c6c955a30fc2,experiments/binary_results/binary_20260719_044949_c6c955a30fc2/test_predictions.csv,f0578c61cfb8f0bbef7c58d8ab338b9d31850912e618d5abe81846aa15e5c298,Figure 4
Fig5,IDH_ROC,IDH,Target-local logistic,roc_curve,0.9276693455797933,0.9934341252699784,,,,2024,binary_20260719_044949_c6c955a30fc2,binary_20260719_044949_c6c955a30fc2,experiments/binary_results/binary_20260719_044949_c6c955a30fc2/test_predictions.csv,f0578c61cfb8f0bbef7c58d8ab338b9d31850912e618d5abe81846aa15e5c298,Figure 4
Fig5,IDH_ROC,IDH,Target-local logistic,roc_curve,0.9489366355037997,0.9956803455723542,,,,2024,binary_20260719_044949_c6c955a30fc2,binary_20260719_044949_c6c955a30fc2,experiments/binary_results/binary_20260719_044949_c6c955a30fc2/test_predictions.csv,f0578c61cfb8f0bbef7c58d8ab338b9d31850912e618d5abe81846aa15e5c298,Figure 4
Fig5,IDH_ROC,IDH,Target-local logistic,roc_curve,0.9820676835602209,0.9978401727861772,,,,2024,binary_20260719_044949_c6c955a30fc2,binary_20260719_044949_c6c955a30fc2,experiments/binary_results/binary_20260719_044949_c6c955a30fc2/test_predictions.csv,f0578c61cfb8f0bbef7c58d8ab338b9d31850912e618d5abe81846aa15e5c298,Figure 4
Fig5,IDH_ROC,IDH,Target-local logistic,roc_curve,1.0,1.0,,,,2024,binary_20260719_044949_c6c955a30fc2,binary_20260719_044949_c6c955a30fc2,experiments/binary_results/binary_20260719_044949_c6c955a30fc2/test_predictions.csv,f0578c61cfb8f0bbef7c58d8ab338b9d31850912e618d5abe81846aa15e5c298,Figure 4
Fig5,IDH_PR,IDH,Target-local logistic,precision_recall_curve,1.0,0.3875644545637179,,,,2024,binary_20260719_044949_c6c955a30fc2,binary_20260719_044949_c6c955a30fc2,experiments/binary_results/binary_20260719_044949_c6c955a30fc2/test_predictions.csv,f0578c61cfb8f0bbef7c58d8ab338b9d31850912e618d5abe81846aa15e5c298,Figure 4
Fig5,IDH_PR,IDH,Target-local logistic,precision_recall_curve,0.998963282937365,0.3891169740207296,,,,2024,binary_20260719_044949_c6c955a30fc2,binary_20260719_044949_c6c955a30fc2,experiments/binary_results/binary_20260719_044949_c6c955a30fc2/test_predictions.csv,f0578c61cfb8f0bbef7c58d8ab338b9d31850912e618d5abe81846aa15e5c298,Figure 4
Fig5,IDH_PR,IDH,Target-local logistic,precision_recall_curve,0.9982721382289417,0.3908205371034296,,,,2024,binary_20260719_044949_c6c955a30fc2,binary_20260719_044949_c6c955a30fc2,experiments/binary_results/binary_20260719_044949_c6c955a30fc2/test_predictions.csv,f0578c61cfb8f0bbef7c58d8ab338b9d31850912e618d5abe81846aa15e5c298,Figure 4
Fig5,IDH_PR,IDH,Target-local logistic,precision_recall_curve,0.9978401727861771,0.3926434593418548,,,,2024,binary_20260719_044949_c6c955a30fc2,binary_20260719_044949_c6c955a30fc2,experiments/binary_results/binary_20260719_044949_c6c955a30fc2/test_predictions.csv,f0578c61cfb8f0bbef7c58d8ab338b9d31850912e618d5abe81846aa15e5c298,Figure 4
Fig5,IDH_PR,IDH,Target-local logistic,precision_recall_curve,0.9971490280777537,0.3943825599671974,,,,2024,binary_20260719_044949_c6c955a30fc2,binary_20260719_044949_c6c955a30fc2,experiments/binary_results/binary_20260719_044949_c6c955a30fc2/test_predictions.csv,f0578c61cfb8f0bbef7c58d8ab338b9d31850912e618d5abe81846aa15e5c298,Figure 4
Fig5,IDH_PR,IDH,Target-local logistic,precision_recall_curve,0.9965442764578833,0.3961739249896964,,,,2024,binary_20260719_044949_c6c955a30fc2,binary_20260719_044949_c6c955a30fc2,experiments/binary_results/binary_20260719_044949_c6c955a30fc2/test_predictions.csv,f0578c61cfb8f0bbef7c58d8ab338b9d31850912e618d5abe81846aa15e5c298,Figure 4
Fig5,IDH_PR,IDH,Target-local logistic,precision_recall_curve,0.995939524838013,0.3979838431264241,,,,2024,binary_20260719_044949_c6c955a30fc2,binary_20260719_044949_c6c955a30fc2,experiments/binary_results/binary_20260719_044949_c6c955a30fc2/test_predictions.csv,f0578c61cfb8f0bbef7c58d8ab338b9d31850912e618d5abe81846aa15e5c298,Figure 4
Fig5,IDH_PR,IDH,Target-local logistic,precision_recall_curve,0.9954211663066954,0.3998473070516379,,,,2024,binary_20260719_044949_c6c955a30fc2,binary_20260719_044949_c6c955a30fc2,experiments/binary_results/binary_20260719_044949_c6c955a30fc2/test_predictions.csv,f0578c61cfb8f0bbef7c58d8ab338b9d31850912e618d5abe81846aa15e5c298,Figure 4
Fig5,IDH_PR,IDH,Target-local logistic,precision_recall_curve,0.9942980561555076,0.4014860810716528,,,,2024,binary_20260719_044949_c6c955a30fc2,binary_20260719_044949_c6c955a30fc2,experiments/binary_results/binary_20260719_044949_c6c955a30fc2/test_predictions.csv,f0578c61cfb8f0bbef7c58d8ab338b9d31850912e618d5abe81846aa15e5c298,Figure 4
Fig5,IDH_PR,IDH,Target-local logistic,precision_recall_curve,0.993866090712743,0.4034226399214476,,,,2024,binary_20260719_044949_c6c955a30fc2,binary_20260719_044949_c6c955a30fc2,experiments/binary_results/binary_20260719_044949_c6c955a30fc2/test_predictions.csv,f0578c61cfb8f0bbef7c58d8ab338b9d31850912e618d5abe81846aa15e5c298,Figure 4
Fig5,IDH_PR,IDH,Target-local logistic,precision_recall_curve,0.9927429805615551,0.4050976521187337,,,,2024,binary_20260719_044949_c6c955a30fc2,binary_20260719_044949_c6c955a30fc2,experiments/binary_results/binary_20260719_044949_c6c955a30fc2/test_predictions.csv,f0578c61cfb8f0bbef7c58d8ab338b9d31850912e618d5abe81846aa15e5c298,Figure 4
Fig5,IDH_PR,IDH,Target-local logistic,precision_recall_curve,0.991792656587473,0.4068613552594273,,,,2024,binary_20260719_044949_c6c955a30fc2,binary_20260719_044949_c6c955a30fc2,experiments/binary_results/binary_20260719_044949_c6c955a30fc2/test_predictions.csv,f0578c61cfb8f0bbef7c58d8ab338b9d31850912e618d5abe81846aa15e5c298,Figure 4
Fig5,IDH_PR,IDH,Target-local logistic,precision_recall_curve,0.9909287257019438,0.4086795410817359,,,,2024,binary_20260719_044949_c6c955a30fc2,binary_20260719_044949_c6c955a30fc2,experiments/binary_results/binary_20260719_044949_c6c955a30fc2/test_predictions.csv,f0578c61cfb8f0bbef7c58d8ab338b9d31850912e618d5abe81846aa15e5c298,Figure 4
Fig5,IDH_PR,IDH,Target-local logistic,precision_recall_curve,0.9898920086393088,0.4104603259896113,,,,2024,binary_20260719_044949_c6c955a30fc2,binary_20260719_044949_c6c955a30fc2,experiments/binary_results/binary_20260719_044949_c6c955a30fc2/test_predictions.csv,f0578c61cfb8f0bbef7c58d8ab338b9d31850912e618d5abe81846aa15e5c298,Figure 4
Fig5,IDH_PR,IDH,Target-local logistic,precision_recall_curve,0.9891144708423326,0.4123536826940392,,,,2024,binary_20260719_044949_c6c955a30fc2,binary_20260719_044949_c6c955a30fc2,experiments/binary_results/binary_20260719_044949_c6c955a30fc2/test_predictions.csv,f0578c61cfb8f0bbef7c58d8ab338b9d31850912e618d5abe81846aa15e5c298,Figure 4
Fig5,IDH_PR,IDH,Target-local logistic,precision_recall_curve,0.9882505399568035,0.4142313959804454,,,,2024,binary_20260719_044949_c6c955a30fc2,binary_20260719_044949_c6c955a30fc2,experiments/binary_results/binary_20260719_044949_c6c955a30fc2/test_predictions.csv,f0578c61cfb8f0bbef7c58d8ab338b9d31850912e618d5abe81846aa15e5c298,Figure 4
Fig5,IDH_PR,IDH,Target-local logistic,precision_recall_curve,0.9865226781857451,0.4157655197524121,,,,2024,binary_20260719_044949_c6c955a30fc2,binary_20260719_044949_c6c955a30fc2,experiments/binary_results/binary_20260719_044949_c6c955a30fc2/test_predictions.csv,f0578c61cfb8f0bbef7c58d8ab338b9d31850912e618d5abe81846aa15e5c298,Figure 4
Fig5,IDH_PR,IDH,Target-local logistic,precision_recall_curve,0.9859179265658747,0.4177924217462932,,,,2024,binary_20260719_044949_c6c955a30fc2,binary_20260719_044949_c6c955a30fc2,experiments/binary_results/binary_20260719_044949_c6c955a30fc2/test_predictions.csv,f0578c61cfb8f0bbef7c58d8ab338b9d31850912e618d5abe81846aa15e5c298,Figure 4
Fig5,IDH_PR,IDH,Target-local logistic,precision_recall_curve,0.9848812095032398,0.4196576477084484,,,,2024,binary_20260719_044949_c6c955a30fc2,binary_20260719_044949_c6c955a30fc2,experiments/binary_results/binary_20260719_044949_c6c955a30fc2/test_predictions.csv,f0578c61cfb8f0bbef7c58d8ab338b9d31850912e618d5abe81846aa15e5c298,Figure 4
Fig5,IDH_PR,IDH,Target-local logistic,precision_recall_curve,0.984535637149028,0.4218397186748103,,,,2024,binary_20260719_044949_c6c955a30fc2,binary_20260719_044949_c6c955a30fc2,experiments/binary_results/binary_20260719_044949_c6c955a30fc2/test_predictions.csv,f0578c61cfb8f0bbef7c58d8ab338b9d31850912e618d5abe81846aa15e5c298,Figure 4
Fig5,IDH_PR,IDH,Target-local logistic,precision_recall_curve,0.9832397408207343,0.4236367020286618,,,,2024,binary_20260719_044949_c6c955a30fc2,binary_20260719_044949_c6c955a30fc2,experiments/binary_results/binary_20260719_044949_c6c955a30fc2/test_predictions.csv,f0578c61cfb8f0bbef7c58d8ab338b9d31850912e618d5abe81846aa15e5c298,Figure 4
Fig5,IDH_PR,IDH,Target-local logistic,precision_recall_curve,0.9817710583153347,0.4253790005614823,,,,2024,binary_20260719_044949_c6c955a30fc2,binary_20260719_044949_c6c955a30fc2,experiments/binary_results/binary_20260719_044949_c6c955a30fc2/test_predictions.csv,f0578c61cfb8f0bbef7c58d8ab338b9d31850912e618d5abe81846aa15e5c298,Figure 4
Fig5,IDH_PR,IDH,Target-local logistic,precision_recall_curve,0.9808207343412527,0.4273668360624882,,,,2024,binary_20260719_044949_c6c955a30fc2,binary_20260719_044949_c6c955a30fc2,experiments/binary_results/binary_20260719_044949_c6c955a30fc2/test_predictions.csv,f0578c61cfb8f0bbef7c58d8ab338b9d31850912e618d5abe81846aa15e5c298,Figure 4
Fig5,IDH_PR,IDH,Target-local logistic,precision_recall_curve,0.9801295896328294,0.42949081961007,,,,2024,binary_20260719_044949_c6c955a30fc2,binary_20260719_044949_c6c955a30fc2,experiments/binary_results/binary_20260719_044949_c6c955a30fc2/test_predictions.csv,f0578c61cfb8f0bbef7c58d8ab338b9d31850912e618d5abe81846aa15e5c298,Figure 4
Fig5,IDH_PR,IDH,Target-local logistic,precision_recall_curve,0.9789200863930886,0.4314106225014277,,,,2024,binary_20260719_044949_c6c955a30fc2,binary_20260719_044949_c6c955a30fc2,experiments/binary_results/binary_20260719_044949_c6c955a30fc2/test_predictions.csv,f0578c61cfb8f0bbef7c58d8ab338b9d31850912e618d5abe81846aa15e5c298,Figure 4
Fig5,IDH_PR,IDH,Target-local logistic,precision_recall_curve,0.9775377969762419,0.4332924867886957,,,,2024,binary_20260719_044949_c6c955a30fc2,binary_20260719_044949_c6c955a30fc2,experiments/binary_results/binary_20260719_044949_c6c955a30fc2/test_predictions.csv,f0578c61cfb8f0bbef7c58d8ab338b9d31850912e618d5abe81846aa15e5c298,Figure 4
Fig5,IDH_PR,IDH,Target-local logistic,precision_recall_curve,0.9762419006479481,0.4352179941457402,,,,2024,binary_20260719_044949_c6c955a30fc2,binary_20260719_044949_c6c955a30fc2,experiments/binary_results/binary_20260719_044949_c6c955a30fc2/test_predictions.csv,f0578c61cfb8f0bbef7c58d8ab338b9d31850912e618d5abe81846aa15e5c298,Figure 4
Fig5,IDH_PR,IDH,Target-local logistic,precision_recall_curve,0.9754643628509719,0.4373983109940342,,,,2024,binary_20260719_044949_c6c955a30fc2,binary_20260719_044949_c6c955a30fc2,experiments/binary_results/binary_20260719_044949_c6c955a30fc2/test_predictions.csv,f0578c61cfb8f0bbef7c58d8ab338b9d31850912e618d5abe81846aa15e5c298,Figure 4
Fig5,IDH_PR,IDH,Target-local logistic,precision_recall_curve,0.9746004319654428,0.4395651496259352,,,,2024,binary_20260719_044949_c6c955a30fc2,binary_20260719_044949_c6c955a30fc2,experiments/binary_results/binary_20260719_044949_c6c955a30fc2/test_predictions.csv,f0578c61cfb8f0bbef7c58d8ab338b9d31850912e618d5abe81846aa15e5c298,Figure 4
Fig5,IDH_PR,IDH,Target-local logistic,precision_recall_curve,0.9732181425485961,0.4415223014815395,,,,2024,binary_20260719_044949_c6c955a30fc2,binary_20260719_044949_c6c955a30fc2,experiments/binary_results/binary_20260719_044949_c6c955a30fc2/test_predictions.csv,f0578c61cfb8f0bbef7c58d8ab338b9d31850912e618d5abe81846aa15e5c298,Figure 4
Fig5,IDH_PR,IDH,Target-local logistic,precision_recall_curve,0.9719222462203023,0.4435420280712821,,,,2024,binary_20260719_044949_c6c955a30fc2,binary_20260719_044949_c6c955a30fc2,experiments/binary_results/binary_20260719_044949_c6c955a30fc2/test_predictions.csv,f0578c61cfb8f0bbef7c58d8ab338b9d31850912e618d5abe81846aa15e5c298,Figure 4
Fig5,IDH_PR,IDH,Target-local logistic,precision_recall_curve,0.970280777537797,0.4454271436503529,,,,2024,binary_20260719_044949_c6c955a30fc2,binary_20260719_044949_c6c955a30fc2,experiments/binary_results/binary_20260719_044949_c6c955a30fc2/test_predictions.csv,f0578c61cfb8f0bbef7c58d8ab338b9d31850912e618d5abe81846aa15e5c298,Figure 4
Fig5,IDH_PR,IDH,Target-local logistic,precision_recall_curve,0.9690712742980562,0.4475343121608682,,,,2024,binary_20260719_044949_c6c955a30fc2,binary_20260719_044949_c6c955a30fc2,experiments/binary_results/binary_20260719_044949_c6c955a30fc2/test_predictions.csv,f0578c61cfb8f0bbef7c58d8ab338b9d31850912e618d5abe81846aa15e5c298,Figure 4
Fig5,IDH_PR,IDH,Target-local logistic,precision_recall_curve,0.9674298056155508,0.4494661636027936,,,,2024,binary_20260719_044949_c6c955a30fc2,binary_20260719_044949_c6c955a30fc2,experiments/binary_results/binary_20260719_044949_c6c955a30fc2/test_predictions.csv,f0578c61cfb8f0bbef7c58d8ab338b9d31850912e618d5abe81846aa15e5c298,Figure 4
Fig5,IDH_PR,IDH,Target-local logistic,precision_recall_curve,0.9663930885529157,0.4517040865772896,,,,2024,binary_20260719_044949_c6c955a30fc2,binary_20260719_044949_c6c955a30fc2,experiments/binary_results/binary_20260719_044949_c6c955a30fc2/test_predictions.csv,f0578c61cfb8f0bbef7c58d8ab338b9d31850912e618d5abe81846aa15e5c298,Figure 4
Fig5,IDH_PR,IDH,Target-local logistic,precision_recall_curve,0.9649244060475162,0.4537661493459007,,,,2024,binary_20260719_044949_c6c955a30fc2,binary_20260719_044949_c6c955a30fc2,experiments/binary_results/binary_20260719_044949_c6c955a30fc2/test_predictions.csv,f0578c61cfb8f0bbef7c58d8ab338b9d31850912e618d5abe81846aa15e5c298,Figure 4
Fig5,IDH_PR,IDH,Target-local logistic,precision_recall_curve,0.9638012958963283,0.4560170045781556,,,,2024,binary_20260719_044949_c6c955a30fc2,binary_20260719_044949_c6c955a30fc2,experiments/binary_results/binary_20260719_044949_c6c955a30fc2/test_predictions.csv,f0578c61cfb8f0bbef7c58d8ab338b9d31850912e618d5abe81846aa15e5c298,Figure 4
Fig5,IDH_PR,IDH,Target-local logistic,precision_recall_curve,0.9624190064794816,0.4581722464423788,,,,2024,binary_20260719_044949_c6c955a30fc2,binary_20260719_044949_c6c955a30fc2,experiments/binary_results/binary_20260719_044949_c6c955a30fc2/test_predictions.csv,f0578c61cfb8f0bbef7c58d8ab338b9d31850912e618d5abe81846aa15e5c298,Figure 4
Fig5,IDH_PR,IDH,Target-local logistic,precision_recall_curve,0.9606047516198704,0.4601663700699416,,,,2024,binary_20260719_044949_c6c955a30fc2,binary_20260719_044949_c6c955a30fc2,experiments/binary_results/binary_20260719_044949_c6c955a30fc2/test_predictions.csv,f0578c61cfb8f0bbef7c58d8ab338b9d31850912e618d5abe81846aa15e5c298,Figure 4
Fig5,IDH_PR,IDH,Target-local logistic,precision_recall_curve,0.9587904967602592,0.4621663265731062,,,,2024,binary_20260719_044949_c6c955a30fc2,binary_20260719_044949_c6c955a30fc2,experiments/binary_results/binary_20260719_044949_c6c955a30fc2/test_predictions.csv,f0578c61cfb8f0bbef7c58d8ab338b9d31850912e618d5abe81846aa15e5c298,Figure 4
Fig5,IDH_PR,IDH,Target-local logistic,precision_recall_curve,0.9578401727861771,0.4646104848510246,,,,2024,binary_20260719_044949_c6c955a30fc2,binary_20260719_044949_c6c955a30fc2,experiments/binary_results/binary_20260719_044949_c6c955a30fc2/test_predictions.csv,f0578c61cfb8f0bbef7c58d8ab338b9d31850912e618d5abe81846aa15e5c298,Figure 4
Fig5,IDH_PR,IDH,Target-local logistic,precision_recall_curve,0.9566306695464363,0.466959051996795,,,,2024,binary_20260719_044949_c6c955a30fc2,binary_20260719_044949_c6c955a30fc2,experiments/binary_results/binary_20260719_044949_c6c955a30fc2/test_predictions.csv,f0578c61cfb8f0bbef7c58d8ab338b9d31850912e618d5abe81846aa15e5c298,Figure 4
Fig5,IDH_PR,IDH,Target-local logistic,precision_recall_curve,0.9549892008639309,0.4691253236005602,,,,2024,binary_20260719_044949_c6c955a30fc2,binary_20260719_044949_c6c955a30fc2,experiments/binary_results/binary_20260719_044949_c6c955a30fc2/test_predictions.csv,f0578c61cfb8f0bbef7c58d8ab338b9d31850912e618d5abe81846aa15e5c298,Figure 4
Fig5,IDH_PR,IDH,Target-local logistic,precision_recall_curve,0.9531749460043196,0.471233929868022,,,,2024,binary_20260719_044949_c6c955a30fc2,binary_20260719_044949_c6c955a30fc2,experiments/binary_results/binary_20260719_044949_c6c955a30fc2/test_predictions.csv,f0578c61cfb8f0bbef7c58d8ab338b9d31850912e618d5abe81846aa15e5c298,Figure 4
Fig5,IDH_PR,IDH,Target-local logistic,precision_recall_curve,0.951792656587473,0.4735846623393371,,,,2024,binary_20260719_044949_c6c955a30fc2,binary_20260719_044949_c6c955a30fc2,experiments/binary_results/binary_20260719_044949_c6c955a30fc2/test_predictions.csv,f0578c61cfb8f0bbef7c58d8ab338b9d31850912e618d5abe81846aa15e5c298,Figure 4
Fig5,IDH_PR,IDH,Target-local logistic,precision_recall_curve,0.9493736501079914,0.4754467182970622,,,,2024,binary_20260719_044949_c6c955a30fc2,binary_20260719_044949_c6c955a30fc2,experiments/binary_results/binary_20260719_044949_c6c955a30fc2/test_predictions.csv,f0578c61cfb8f0bbef7c58d8ab338b9d31850912e618d5abe81846aa15e5c298,Figure 4
Fig5,IDH_PR,IDH,Target-local logistic,precision_recall_curve,0.9479049676025918,0.4778121325610765,,,,2024,binary_20260719_044949_c6c955a30fc2,binary_20260719_044949_c6c955a30fc2,experiments/binary_results/binary_20260719_044949_c6c955a30fc2/test_predictions.csv,f0578c61cfb8f0bbef7c58d8ab338b9d31850912e618d5abe81846aa15e5c298,Figure 4
Fig5,IDH_PR,IDH,Target-local logistic,precision_recall_curve,0.9464362850971922,0.480208652961031,,,,2024,binary_20260719_044949_c6c955a30fc2,binary_20260719_044949_c6c955a30fc2,experiments/binary_results/binary_20260719_044949_c6c955a30fc2/test_predictions.csv,f0578c61cfb8f0bbef7c58d8ab338b9d31850912e618d5abe81846aa15e5c298,Figure 4
Fig5,IDH_PR,IDH,Target-local logistic,precision_recall_curve,0.9443628509719223,0.4823280236508847,,,,2024,binary_20260719_044949_c6c955a30fc2,binary_20260719_044949_c6c955a30fc2,experiments/binary_results/binary_20260719_044949_c6c955a30fc2/test_predictions.csv,f0578c61cfb8f0bbef7c58d8ab338b9d31850912e618d5abe81846aa15e5c298,Figure 4
Fig5,IDH_PR,IDH,Target-local logistic,precision_recall_curve,0.9428077753779698,0.484742148980589,,,,2024,binary_20260719_044949_c6c955a30fc2,binary_20260719_044949_c6c955a30fc2,experiments/binary_results/binary_20260719_044949_c6c955a30fc2/test_predictions.csv,f0578c61cfb8f0bbef7c58d8ab338b9d31850912e618d5abe81846aa15e5c298,Figure 4
Fig5,IDH_PR,IDH,Target-local logistic,precision_recall_curve,0.9412526997840173,0.4872104462928182,,,,2024,binary_20260719_044949_c6c955a30fc2,binary_20260719_044949_c6c955a30fc2,experiments/binary_results/binary_20260719_044949_c6c955a30fc2/test_predictions.csv,f0578c61cfb8f0bbef7c58d8ab338b9d31850912e618d5abe81846aa15e5c298,Figure 4
Fig5,IDH_PR,IDH,Target-local logistic,precision_recall_curve,0.9395248380129589,0.4896002160994057,,,,2024,binary_20260719_044949_c6c955a30fc2,binary_20260719_044949_c6c955a30fc2,experiments/binary_results/binary_20260719_044949_c6c955a30fc2/test_predictions.csv,f0578c61cfb8f0bbef7c58d8ab338b9d31850912e618d5abe81846aa15e5c298,Figure 4
Fig5,IDH_PR,IDH,Target-local logistic,precision_recall_curve,0.9378833693304536,0.4920678089021847,,,,2024,binary_20260719_044949_c6c955a30fc2,binary_20260719_044949_c6c955a30fc2,experiments/binary_results/binary_20260719_044949_c6c955a30fc2/test_predictions.csv,f0578c61cfb8f0bbef7c58d8ab338b9d31850912e618d5abe81846aa15e5c298,Figure 4
Fig5,IDH_PR,IDH,Target-local logistic,precision_recall_curve,0.9362419006479482,0.4945691858342461,,,,2024,binary_20260719_044949_c6c955a30fc2,binary_20260719_044949_c6c955a30fc2,experiments/binary_results/binary_20260719_044949_c6c955a30fc2/test_predictions.csv,f0578c61cfb8f0bbef7c58d8ab338b9d31850912e618d5abe81846aa15e5c298,Figure 4
Fig5,IDH_PR,IDH,Target-local logistic,precision_recall_curve,0.934341252699784,0.4969671905155776,,,,2024,binary_20260719_044949_c6c955a30fc2,binary_20260719_044949_c6c955a30fc2,experiments/binary_results/binary_20260719_044949_c6c955a30fc2/test_predictions.csv,f0578c61cfb8f0bbef7c58d8ab338b9d31850912e618d5abe81846aa15e5c298,Figure 4
Fig5,IDH_PR,IDH,Target-local logistic,precision_recall_curve,0.9329589632829374,0.4996761058671108,,,,2024,binary_20260719_044949_c6c955a30fc2,binary_20260719_044949_c6c955a30fc2,experiments/binary_results/binary_20260719_044949_c6c955a30fc2/test_predictions.csv,f0578c61cfb8f0bbef7c58d8ab338b9d31850912e618d5abe81846aa15e5c298,Figure 4
Fig5,IDH_PR,IDH,Target-local logistic,precision_recall_curve,0.9314902807775378,0.5023762929829466,,,,2024,binary_20260719_044949_c6c955a30fc2,binary_20260719_044949_c6c955a30fc2,experiments/binary_results/binary_20260719_044949_c6c955a30fc2/test_predictions.csv,f0578c61cfb8f0bbef7c58d8ab338b9d31850912e618d5abe81846aa15e5c298,Figure 4
Fig5,IDH_PR,IDH,Target-local logistic,precision_recall_curve,0.9293304535637149,0.5047391141141141,,,,2024,binary_20260719_044949_c6c955a30fc2,binary_20260719_044949_c6c955a30fc2,experiments/binary_results/binary_20260719_044949_c6c955a30fc2/test_predictions.csv,f0578c61cfb8f0bbef7c58d8ab338b9d31850912e618d5abe81846aa15e5c298,Figure 4
Fig5,IDH_PR,IDH,Target-local logistic,precision_recall_curve,0.9269978401727862,0.50704092240809,,,,2024,binary_20260719_044949_c6c955a30fc2,binary_20260719_044949_c6c955a30fc2,experiments/binary_results/binary_20260719_044949_c6c955a30fc2/test_predictions.csv,f0578c61cfb8f0bbef7c58d8ab338b9d31850912e618d5abe81846aa15e5c298,Figure 4
Fig5,IDH_PR,IDH,Target-local logistic,precision_recall_curve,0.9249244060475162,0.509518370454978,,,,2024,binary_20260719_044949_c6c955a30fc2,binary_20260719_044949_c6c955a30fc2,experiments/binary_results/binary_20260719_044949_c6c955a30fc2/test_predictions.csv,f0578c61cfb8f0bbef7c58d8ab338b9d31850912e618d5abe81846aa15e5c298,Figure 4
Fig5,IDH_PR,IDH,Target-local logistic,precision_recall_curve,0.9232829373650108,0.5122711149458345,,,,2024,binary_20260719_044949_c6c955a30fc2,binary_20260719_044949_c6c955a30fc2,experiments/binary_results/binary_20260719_044949_c6c955a30fc2/test_predictions.csv,f0578c61cfb8f0bbef7c58d8ab338b9d31850912e618d5abe81846aa15e5c298,Figure 4
Fig5,IDH_PR,IDH,Target-local logistic,precision_recall_curve,0.9216414686825054,0.515063731170336,,,,2024,binary_20260719_044949_c6c955a30fc2,binary_20260719_044949_c6c955a30fc2,experiments/binary_results/binary_20260719_044949_c6c955a30fc2/test_predictions.csv,f0578c61cfb8f0bbef7c58d8ab338b9d31850912e618d5abe81846aa15e5c298,Figure 4
Fig5,IDH_PR,IDH,Target-local logistic,precision_recall_curve,0.9193088552915767,0.5175080245112343,,,,2024,binary_20260719_044949_c6c955a30fc2,binary_20260719_044949_c6c955a30fc2,experiments/binary_results/binary_20260719_044949_c6c955a30fc2/test_predictions.csv,f0578c61cfb8f0bbef7c58d8ab338b9d31850912e618d5abe81846aa15e5c298,Figure 4
Fig5,IDH_PR,IDH,Target-local logistic,precision_recall_curve,0.9174946004319654,0.5203076772328646,,,,2024,binary_20260719_044949_c6c955a30fc2,binary_20260719_044949_c6c955a30fc2,experiments/binary_results/binary_20260719_044949_c6c955a30fc2/test_predictions.csv,f0578c61cfb8f0bbef7c58d8ab338b9d31850912e618d5abe81846aa15e5c298,Figure 4
Fig5,IDH_PR,IDH,Target-local logistic,precision_recall_curve,0.9154211663066955,0.5229751739795666,,,,2024,binary_20260719_044949_c6c955a30fc2,binary_20260719_044949_c6c955a30fc2,experiments/binary_results/binary_20260719_044949_c6c955a30fc2/test_predictions.csv,f0578c61cfb8f0bbef7c58d8ab338b9d31850912e618d5abe81846aa15e5c298,Figure 4
Fig5,IDH_PR,IDH,Target-local logistic,precision_recall_curve,0.9139524838012959,0.5260305305554175,,,,2024,binary_20260719_044949_c6c955a30fc2,binary_20260719_044949_c6c955a30fc2,experiments/binary_results/binary_20260719_044949_c6c955a30fc2/test_predictions.csv,f0578c61cfb8f0bbef7c58d8ab338b9d31850912e618d5abe81846aa15e5c298,Figure 4
Fig5,IDH_PR,IDH,Target-local logistic,precision_recall_curve,0.9112742980561556,0.5284304393567456,,,,2024,binary_20260719_044949_c6c955a30fc2,binary_20260719_044949_c6c955a30fc2,experiments/binary_results/binary_20260719_044949_c6c955a30fc2/test_predictions.csv,f0578c61cfb8f0bbef7c58d8ab338b9d31850912e618d5abe81846aa15e5c298,Figure 4
Fig5,IDH_PR,IDH,Target-local logistic,precision_recall_curve,0.9087688984881209,0.5309676442380495,,,,2024,binary_20260719_044949_c6c955a30fc2,binary_20260719_044949_c6c955a30fc2,experiments/binary_results/binary_20260719_044949_c6c955a30fc2/test_predictions.csv,f0578c61cfb8f0bbef7c58d8ab338b9d31850912e618d5abe81846aa15e5c298,Figure 4
Fig5,IDH_PR,IDH,Target-local logistic,precision_recall_curve,0.9059179265658748,0.533340114948375,,,,2024,binary_20260719_044949_c6c955a30fc2,binary_20260719_044949_c6c955a30fc2,experiments/binary_results/binary_20260719_044949_c6c955a30fc2/test_predictions.csv,f0578c61cfb8f0bbef7c58d8ab338b9d31850912e618d5abe81846aa15e5c298,Figure 4
Fig5,IDH_PR,IDH,Target-local logistic,precision_recall_curve,0.9034989200863931,0.5360053303264825,,,,2024,binary_20260719_044949_c6c955a30fc2,binary_20260719_044949_c6c955a30fc2,experiments/binary_results/binary_20260719_044949_c6c955a30fc2/test_predictions.csv,f0578c61cfb8f0bbef7c58d8ab338b9d31850912e618d5abe81846aa15e5c298,Figure 4
Fig5,IDH_PR,IDH,Target-local logistic,precision_recall_curve,0.901511879049676,0.5389700945199112,,,,2024,binary_20260719_044949_c6c955a30fc2,binary_20260719_044949_c6c955a30fc2,experiments/binary_results/binary_20260719_044949_c6c955a30fc2/test_predictions.csv,f0578c61cfb8f0bbef7c58d8ab338b9d31850912e618d5abe81846aa15e5c298,Figure 4
Fig5,IDH_PR,IDH,Target-local logistic,precision_recall_curve,0.8985745140388769,0.5414085680079121,,,,2024,binary_20260719_044949_c6c955a30fc2,binary_20260719_044949_c6c955a30fc2,experiments/binary_results/binary_20260719_044949_c6c955a30fc2/test_predictions.csv,f0578c61cfb8f0bbef7c58d8ab338b9d31850912e618d5abe81846aa15e5c298,Figure 4
Fig5,IDH_PR,IDH,Target-local logistic,precision_recall_curve,0.896328293736501,0.5443051256492314,,,,2024,binary_20260719_044949_c6c955a30fc2,binary_20260719_044949_c6c955a30fc2,experiments/binary_results/binary_20260719_044949_c6c955a30fc2/test_predictions.csv,f0578c61cfb8f0bbef7c58d8ab338b9d31850912e618d5abe81846aa15e5c298,Figure 4
Fig5,IDH_PR,IDH,Target-local logistic,precision_recall_curve,0.8935637149028077,0.5469303579927026,,,,2024,binary_20260719_044949_c6c955a30fc2,binary_20260719_044949_c6c955a30fc2,experiments/binary_results/binary_20260719_044949_c6c955a30fc2/test_predictions.csv,f0578c61cfb8f0bbef7c58d8ab338b9d31850912e618d5abe81846aa15e5c298,Figure 4
Fig5,IDH_PR,IDH,Target-local logistic,precision_recall_curve,0.890194384449244,0.5492244549864079,,,,2024,binary_20260719_044949_c6c955a30fc2,binary_20260719_044949_c6c955a30fc2,experiments/binary_results/binary_20260719_044949_c6c955a30fc2/test_predictions.csv,f0578c61cfb8f0bbef7c58d8ab338b9d31850912e618d5abe81846aa15e5c298,Figure 4
Fig5,IDH_PR,IDH,Target-local logistic,precision_recall_curve,0.8875161987041037,0.5520150456743687,,,,2024,binary_20260719_044949_c6c955a30fc2,binary_20260719_044949_c6c955a30fc2,experiments/binary_results/binary_20260719_044949_c6c955a30fc2/test_predictions.csv,f0578c61cfb8f0bbef7c58d8ab338b9d31850912e618d5abe81846aa15e5c298,Figure 4
Fig5,IDH_PR,IDH,Target-local logistic,precision_recall_curve,0.8855291576673866,0.5552546045503792,,,,2024,binary_20260719_044949_c6c955a30fc2,binary_20260719_044949_c6c955a30fc2,experiments/binary_results/binary_20260719_044949_c6c955a30fc2/test_predictions.csv,f0578c61cfb8f0bbef7c58d8ab338b9d31850912e618d5abe81846aa15e5c298,Figure 4
Fig5,IDH_PR,IDH,Target-local logistic,precision_recall_curve,0.8830237580993521,0.5582195521572911,,,,2024,binary_20260719_044949_c6c955a30fc2,binary_20260719_044949_c6c955a30fc2,experiments/binary_results/binary_20260719_044949_c6c955a30fc2/test_predictions.csv,f0578c61cfb8f0bbef7c58d8ab338b9d31850912e618d5abe81846aa15e5c298,Figure 4
Fig5,IDH_PR,IDH,Target-local logistic,precision_recall_curve,0.8801727861771058,0.5610132158590309,,,,2024,binary_20260719_044949_c6c955a30fc2,binary_20260719_044949_c6c955a30fc2,experiments/binary_results/binary_20260719_044949_c6c955a30fc2/test_predictions.csv,f0578c61cfb8f0bbef7c58d8ab338b9d31850912e618d5abe81846aa15e5c298,Figure 4
Fig5,IDH_PR,IDH,Target-local logistic,precision_recall_curve,0.8785313174946004,0.5646307606885064,,,,2024,binary_20260719_044949_c6c955a30fc2,binary_20260719_044949_c6c955a30fc2,experiments/binary_results/binary_20260719_044949_c6c955a30fc2/test_predictions.csv,f0578c61cfb8f0bbef7c58d8ab338b9d31850912e618d5abe81846aa15e5c298,Figure 4
Fig5,IDH_PR,IDH,Target-local logistic,precision_recall_curve,0.8755075593952484,0.5674132138857783,,,,2024,binary_20260719_044949_c6c955a30fc2,binary_20260719_044949_c6c955a30fc2,experiments/binary_results/binary_20260719_044949_c6c955a30fc2/test_predictions.csv,f0578c61cfb8f0bbef7c58d8ab338b9d31850912e618d5abe81846aa15e5c298,Figure 4
Fig5,IDH_PR,IDH,Target-local logistic,precision_recall_curve,0.8719654427645789,0.5699040090344438,,,,2024,binary_20260719_044949_c6c955a30fc2,binary_20260719_044949_c6c955a30fc2,experiments/binary_results/binary_20260719_044949_c6c955a30fc2/test_predictions.csv,f0578c61cfb8f0bbef7c58d8ab338b9d31850912e618d5abe81846aa15e5c298,Figure 4
Fig5,IDH_PR,IDH,Target-local logistic,precision_recall_curve,0.8688552915766738,0.5727220956719817,,,,2024,binary_20260719_044949_c6c955a30fc2,binary_20260719_044949_c6c955a30fc2,experiments/binary_results/binary_20260719_044949_c6c955a30fc2/test_predictions.csv,f0578c61cfb8f0bbef7c58d8ab338b9d31850912e618d5abe81846aa15e5c298,Figure 4
Fig5,IDH_PR,IDH,Target-local logistic,precision_recall_curve,0.8660907127429806,0.5758184951177484,,,,2024,binary_20260719_044949_c6c955a30fc2,binary_20260719_044949_c6c955a30fc2,experiments/binary_results/binary_20260719_044949_c6c955a30fc2/test_predictions.csv,f0578c61cfb8f0bbef7c58d8ab338b9d31850912e618d5abe81846aa15e5c298,Figure 4
Fig5,IDH_PR,IDH,Target-local logistic,precision_recall_curve,0.8634125269978402,0.579026651216686,,,,2024,binary_20260719_044949_c6c955a30fc2,binary_20260719_044949_c6c955a30fc2,experiments/binary_results/binary_20260719_044949_c6c955a30fc2/test_predictions.csv,f0578c61cfb8f0bbef7c58d8ab338b9d31850912e618d5abe81846aa15e5c298,Figure 4
Fig5,IDH_PR,IDH,Target-local logistic,precision_recall_curve,0.8603887688984881,0.5820572764465225,,,,2024,binary_20260719_044949_c6c955a30fc2,binary_20260719_044949_c6c955a30fc2,experiments/binary_results/binary_20260719_044949_c6c955a30fc2/test_predictions.csv,f0578c61cfb8f0bbef7c58d8ab338b9d31850912e618d5abe81846aa15e5c298,Figure 4
Fig5,IDH_PR,IDH,Target-local logistic,precision_recall_curve,0.857451403887689,0.5852004716981132,,,,2024,binary_20260719_044949_c6c955a30fc2,binary_20260719_044949_c6c955a30fc2,experiments/binary_results/binary_20260719_044949_c6c955a30fc2/test_predictions.csv,f0578c61cfb8f0bbef7c58d8ab338b9d31850912e618d5abe81846aa15e5c298,Figure 4
Fig5,IDH_PR,IDH,Target-local logistic,precision_recall_curve,0.854427645788337,0.5883402736466389,,,,2024,binary_20260719_044949_c6c955a30fc2,binary_20260719_044949_c6c955a30fc2,experiments/binary_results/binary_20260719_044949_c6c955a30fc2/test_predictions.csv,f0578c61cfb8f0bbef7c58d8ab338b9d31850912e618d5abe81846aa15e5c298,Figure 4
Fig5,IDH_PR,IDH,Target-local logistic,precision_recall_curve,0.8517494600431965,0.5918122336274686,,,,2024,binary_20260719_044949_c6c955a30fc2,binary_20260719_044949_c6c955a30fc2,experiments/binary_results/binary_20260719_044949_c6c955a30fc2/test_predictions.csv,f0578c61cfb8f0bbef7c58d8ab338b9d31850912e618d5abe81846aa15e5c298,Figure 4
Fig5,IDH_PR,IDH,Target-local logistic,precision_recall_curve,0.8485529157667386,0.5949482100672361,,,,2024,binary_20260719_044949_c6c955a30fc2,binary_20260719_044949_c6c955a30fc2,experiments/binary_results/binary_20260719_044949_c6c955a30fc2/test_predictions.csv,f0578c61cfb8f0bbef7c58d8ab338b9d31850912e618d5abe81846aa15e5c298,Figure 4
Fig5,IDH_PR,IDH,Target-local logistic,precision_recall_curve,0.8452699784017279,0.5980805672718381,,,,2024,binary_20260719_044949_c6c955a30fc2,binary_20260719_044949_c6c955a30fc2,experiments/binary_results/binary_20260719_044949_c6c955a30fc2/test_predictions.csv,f0578c61cfb8f0bbef7c58d8ab338b9d31850912e618d5abe81846aa15e5c298,Figure 4
Fig5,IDH_PR,IDH,Target-local logistic,precision_recall_curve,0.8416414686825054,0.6010241224011351,,,,2024,binary_20260719_044949_c6c955a30fc2,binary_20260719_044949_c6c955a30fc2,experiments/binary_results/binary_20260719_044949_c6c955a30fc2/test_predictions.csv,f0578c61cfb8f0bbef7c58d8ab338b9d31850912e618d5abe81846aa15e5c298,Figure 4
Fig5,IDH_PR,IDH,Target-local logistic,precision_recall_curve,0.8384449244060476,0.6043340183074911,,,,2024,binary_20260719_044949_c6c955a30fc2,binary_20260719_044949_c6c955a30fc2,experiments/binary_results/binary_20260719_044949_c6c955a30fc2/test_predictions.csv,f0578c61cfb8f0bbef7c58d8ab338b9d31850912e618d5abe81846aa15e5c298,Figure 4
Fig5,IDH_PR,IDH,Target-local logistic,precision_recall_curve,0.834902807775378,0.6074548997422843,,,,2024,binary_20260719_044949_c6c955a30fc2,binary_20260719_044949_c6c955a30fc2,experiments/binary_results/binary_20260719_044949_c6c955a30fc2/test_predictions.csv,f0578c61cfb8f0bbef7c58d8ab338b9d31850912e618d5abe81846aa15e5c298,Figure 4
Fig5,IDH_PR,IDH,Target-local logistic,precision_recall_curve,0.8311015118790497,0.6104448251792627,,,,2024,binary_20260719_044949_c6c955a30fc2,binary_20260719_044949_c6c955a30fc2,experiments/binary_results/binary_20260719_044949_c6c955a30fc2/test_predictions.csv,f0578c61cfb8f0bbef7c58d8ab338b9d31850912e618d5abe81846aa15e5c298,Figure 4
Fig5,IDH_PR,IDH,Target-local logistic,precision_recall_curve,0.827645788336933,0.6137484784419245,,,,2024,binary_20260719_044949_c6c955a30fc2,binary_20260719_044949_c6c955a30fc2,experiments/binary_results/binary_20260719_044949_c6c955a30fc2/test_predictions.csv,f0578c61cfb8f0bbef7c58d8ab338b9d31850912e618d5abe81846aa15e5c298,Figure 4
Fig5,IDH_PR,IDH,Target-local logistic,precision_recall_curve,0.8243628509719223,0.6172456174396792,,,,2024,binary_20260719_044949_c6c955a30fc2,binary_20260719_044949_c6c955a30fc2,experiments/binary_results/binary_20260719_044949_c6c955a30fc2/test_predictions.csv,f0578c61cfb8f0bbef7c58d8ab338b9d31850912e618d5abe81846aa15e5c298,Figure 4
Fig5,IDH_PR,IDH,Target-local logistic,precision_recall_curve,0.8207343412526998,0.6205500032660527,,,,2024,binary_20260719_044949_c6c955a30fc2,binary_20260719_044949_c6c955a30fc2,experiments/binary_results/binary_20260719_044949_c6c955a30fc2/test_predictions.csv,f0578c61cfb8f0bbef7c58d8ab338b9d31850912e618d5abe81846aa15e5c298,Figure 4
Fig5,IDH_PR,IDH,Target-local logistic,precision_recall_curve,0.8165874730021598,0.6235239791542978,,,,2024,binary_20260719_044949_c6c955a30fc2,binary_20260719_044949_c6c955a30fc2,experiments/binary_results/binary_20260719_044949_c6c955a30fc2/test_predictions.csv,f0578c61cfb8f0bbef7c58d8ab338b9d31850912e618d5abe81846aa15e5c298,Figure 4
Fig5,IDH_PR,IDH,Target-local logistic,precision_recall_curve,0.8134773218142548,0.6273569191818242,,,,2024,binary_20260719_044949_c6c955a30fc2,binary_20260719_044949_c6c955a30fc2,experiments/binary_results/binary_20260719_044949_c6c955a30fc2/test_predictions.csv,f0578c61cfb8f0bbef7c58d8ab338b9d31850912e618d5abe81846aa15e5c298,Figure 4
Fig5,IDH_PR,IDH,Target-local logistic,precision_recall_curve,0.8095896328293737,0.6307039978462781,,,,2024,binary_20260719_044949_c6c955a30fc2,binary_20260719_044949_c6c955a30fc2,experiments/binary_results/binary_20260719_044949_c6c955a30fc2/test_predictions.csv,f0578c61cfb8f0bbef7c58d8ab338b9d31850912e618d5abe81846aa15e5c298,Figure 4
Fig5,IDH_PR,IDH,Target-local logistic,precision_recall_curve,0.8052699784017279,0.6337367419091651,,,,2024,binary_20260719_044949_c6c955a30fc2,binary_20260719_044949_c6c955a30fc2,experiments/binary_results/binary_20260719_044949_c6c955a30fc2/test_predictions.csv,f0578c61cfb8f0bbef7c58d8ab338b9d31850912e618d5abe81846aa15e5c298,Figure 4
Fig5,IDH_PR,IDH,Target-local logistic,precision_recall_curve,0.8013822894168466,0.6371754361862894,,,,2024,binary_20260719_044949_c6c955a30fc2,binary_20260719_044949_c6c955a30fc2,experiments/binary_results/binary_20260719_044949_c6c955a30fc2/test_predictions.csv,f0578c61cfb8f0bbef7c58d8ab338b9d31850912e618d5abe81846aa15e5c298,Figure 4
Fig5,IDH_PR,IDH,Target-local logistic,precision_recall_curve,0.79792656587473,0.6410327595780122,,,,2024,binary_20260719_044949_c6c955a30fc2,binary_20260719_044949_c6c955a30fc2,experiments/binary_results/binary_20260719_044949_c6c955a30fc2/test_predictions.csv,f0578c61cfb8f0bbef7c58d8ab338b9d31850912e618d5abe81846aa15e5c298,Figure 4
Fig5,IDH_PR,IDH,Target-local logistic,precision_recall_curve,0.7935205183585313,0.6441997475101697,,,,2024,binary_20260719_044949_c6c955a30fc2,binary_20260719_044949_c6c955a30fc2,experiments/binary_results/binary_20260719_044949_c6c955a30fc2/test_predictions.csv,f0578c61cfb8f0bbef7c58d8ab338b9d31850912e618d5abe81846aa15e5c298,Figure 4
Fig5,IDH_PR,IDH,Target-local logistic,precision_recall_curve,0.7891144708423327,0.6474340799546356,,,,2024,binary_20260719_044949_c6c955a30fc2,binary_20260719_044949_c6c955a30fc2,experiments/binary_results/binary_20260719_044949_c6c955a30fc2/test_predictions.csv,f0578c61cfb8f0bbef7c58d8ab338b9d31850912e618d5abe81846aa15e5c298,Figure 4
Fig5,IDH_PR,IDH,Target-local logistic,precision_recall_curve,0.7848812095032397,0.6508812150737928,,,,2024,binary_20260719_044949_c6c955a30fc2,binary_20260719_044949_c6c955a30fc2,experiments/binary_results/binary_20260719_044949_c6c955a30fc2/test_predictions.csv,f0578c61cfb8f0bbef7c58d8ab338b9d31850912e618d5abe81846aa15e5c298,Figure 4
Fig5,IDH_PR,IDH,Target-local logistic,precision_recall_curve,0.7799568034557235,0.6538238702201622,,,,2024,binary_20260719_044949_c6c955a30fc2,binary_20260719_044949_c6c955a30fc2,experiments/binary_results/binary_20260719_044949_c6c955a30fc2/test_predictions.csv,f0578c61cfb8f0bbef7c58d8ab338b9d31850912e618d5abe81846aa15e5c298,Figure 4
Fig5,IDH_PR,IDH,Target-local logistic,precision_recall_curve,0.7760691144708424,0.6577097671694245,,,,2024,binary_20260719_044949_c6c955a30fc2,binary_20260719_044949_c6c955a30fc2,experiments/binary_results/binary_20260719_044949_c6c955a30fc2/test_predictions.csv,f0578c61cfb8f0bbef7c58d8ab338b9d31850912e618d5abe81846aa15e5c298,Figure 4
Fig5,IDH_PR,IDH,Target-local logistic,precision_recall_curve,0.7710583153347732,0.6607195735860231,,,,2024,binary_20260719_044949_c6c955a30fc2,binary_20260719_044949_c6c955a30fc2,experiments/binary_results/binary_20260719_044949_c6c955a30fc2/test_predictions.csv,f0578c61cfb8f0bbef7c58d8ab338b9d31850912e618d5abe81846aa15e5c298,Figure 4
Fig5,IDH_PR,IDH,Target-local logistic,precision_recall_curve,0.7669114470842333,0.664545590657284,,,,2024,binary_20260719_044949_c6c955a30fc2,binary_20260719_044949_c6c955a30fc2,experiments/binary_results/binary_20260719_044949_c6c955a30fc2/test_predictions.csv,f0578c61cfb8f0bbef7c58d8ab338b9d31850912e618d5abe81846aa15e5c298,Figure 4
Fig5,IDH_PR,IDH,Target-local logistic,precision_recall_curve,0.7615550755939525,0.6673985463355542,,,,2024,binary_20260719_044949_c6c955a30fc2,binary_20260719_044949_c6c955a30fc2,experiments/binary_results/binary_20260719_044949_c6c955a30fc2/test_predictions.csv,f0578c61cfb8f0bbef7c58d8ab338b9d31850912e618d5abe81846aa15e5c298,Figure 4
Fig5,IDH_PR,IDH,Target-local logistic,precision_recall_curve,0.7565442764578834,0.6706747338592326,,,,2024,binary_20260719_044949_c6c955a30fc2,binary_20260719_044949_c6c955a30fc2,experiments/binary_results/binary_20260719_044949_c6c955a30fc2/test_predictions.csv,f0578c61cfb8f0bbef7c58d8ab338b9d31850912e618d5abe81846aa15e5c298,Figure 4
Fig5,IDH_PR,IDH,Target-local logistic,precision_recall_curve,0.7523974082073435,0.6747501355853412,,,,2024,binary_20260719_044949_c6c955a30fc2,binary_20260719_044949_c6c955a30fc2,experiments/binary_results/binary_20260719_044949_c6c955a30fc2/test_predictions.csv,f0578c61cfb8f0bbef7c58d8ab338b9d31850912e618d5abe81846aa15e5c298,Figure 4
Fig5,IDH_PR,IDH,Target-local logistic,precision_recall_curve,0.7471274298056155,0.6779023281335738,,,,2024,binary_20260719_044949_c6c955a30fc2,binary_20260719_044949_c6c955a30fc2,experiments/binary_results/binary_20260719_044949_c6c955a30fc2/test_predictions.csv,f0578c61cfb8f0bbef7c58d8ab338b9d31850912e618d5abe81846aa15e5c298,Figure 4
Fig5,IDH_PR,IDH,Target-local logistic,precision_recall_curve,0.7420302375809935,0.6812881732370905,,,,2024,binary_20260719_044949_c6c955a30fc2,binary_20260719_044949_c6c955a30fc2,experiments/binary_results/binary_20260719_044949_c6c955a30fc2/test_predictions.csv,f0578c61cfb8f0bbef7c58d8ab338b9d31850912e618d5abe81846aa15e5c298,Figure 4
Fig5,IDH_PR,IDH,Target-local logistic,precision_recall_curve,0.7370194384449245,0.6848358352733402,,,,2024,binary_20260719_044949_c6c955a30fc2,binary_20260719_044949_c6c955a30fc2,experiments/binary_results/binary_20260719_044949_c6c955a30fc2/test_predictions.csv,f0578c61cfb8f0bbef7c58d8ab338b9d31850912e618d5abe81846aa15e5c298,Figure 4
Fig5,IDH_PR,IDH,Target-local logistic,precision_recall_curve,0.7316630669546437,0.6881449581538962,,,,2024,binary_20260719_044949_c6c955a30fc2,binary_20260719_044949_c6c955a30fc2,experiments/binary_results/binary_20260719_044949_c6c955a30fc2/test_predictions.csv,f0578c61cfb8f0bbef7c58d8ab338b9d31850912e618d5abe81846aa15e5c298,Figure 4
Fig5,IDH_PR,IDH,Target-local logistic,precision_recall_curve,0.7265658747300215,0.6917825121329275,,,,2024,binary_20260719_044949_c6c955a30fc2,binary_20260719_044949_c6c955a30fc2,experiments/binary_results/binary_20260719_044949_c6c955a30fc2/test_predictions.csv,f0578c61cfb8f0bbef7c58d8ab338b9d31850912e618d5abe81846aa15e5c298,Figure 4
Fig5,IDH_PR,IDH,Target-local logistic,precision_recall_curve,0.7212095032397409,0.6952610976930124,,,,2024,binary_20260719_044949_c6c955a30fc2,binary_20260719_044949_c6c955a30fc2,experiments/binary_results/binary_20260719_044949_c6c955a30fc2/test_predictions.csv,f0578c61cfb8f0bbef7c58d8ab338b9d31850912e618d5abe81846aa15e5c298,Figure 4
Fig5,IDH_PR,IDH,Target-local logistic,precision_recall_curve,0.7149892008639309,0.6979843130640129,,,,2024,binary_20260719_044949_c6c955a30fc2,binary_20260719_044949_c6c955a30fc2,experiments/binary_results/binary_20260719_044949_c6c955a30fc2/test_predictions.csv,f0578c61cfb8f0bbef7c58d8ab338b9d31850912e618d5abe81846aa15e5c298,Figure 4
Fig5,IDH_PR,IDH,Target-local logistic,precision_recall_curve,0.7089416846652268,0.7009481506790809,,,,2024,binary_20260719_044949_c6c955a30fc2,binary_20260719_044949_c6c955a30fc2,experiments/binary_results/binary_20260719_044949_c6c955a30fc2/test_predictions.csv,f0578c61cfb8f0bbef7c58d8ab338b9d31850912e618d5abe81846aa15e5c298,Figure 4
Fig5,IDH_PR,IDH,Target-local logistic,precision_recall_curve,0.7032397408207344,0.7043350350436964,,,,2024,binary_20260719_044949_c6c955a30fc2,binary_20260719_044949_c6c955a30fc2,experiments/binary_results/binary_20260719_044949_c6c955a30fc2/test_predictions.csv,f0578c61cfb8f0bbef7c58d8ab338b9d31850912e618d5abe81846aa15e5c298,Figure 4
Fig5,IDH_PR,IDH,Target-local logistic,precision_recall_curve,0.697451403887689,0.707723327781187,,,,2024,binary_20260719_044949_c6c955a30fc2,binary_20260719_044949_c6c955a30fc2,experiments/binary_results/binary_20260719_044949_c6c955a30fc2/test_predictions.csv,f0578c61cfb8f0bbef7c58d8ab338b9d31850912e618d5abe81846aa15e5c298,Figure 4
Fig5,IDH_PR,IDH,Target-local logistic,precision_recall_curve,0.6916630669546436,0.7112019188060762,,,,2024,binary_20260719_044949_c6c955a30fc2,binary_20260719_044949_c6c955a30fc2,experiments/binary_results/binary_20260719_044949_c6c955a30fc2/test_predictions.csv,f0578c61cfb8f0bbef7c58d8ab338b9d31850912e618d5abe81846aa15e5c298,Figure 4
Fig5,IDH_PR,IDH,Target-local logistic,precision_recall_curve,0.6859611231101512,0.7149288672789483,,,,2024,binary_20260719_044949_c6c955a30fc2,binary_20260719_044949_c6c955a30fc2,experiments/binary_results/binary_20260719_044949_c6c955a30fc2/test_predictions.csv,f0578c61cfb8f0bbef7c58d8ab338b9d31850912e618d5abe81846aa15e5c298,Figure 4
Fig5,IDH_PR,IDH,Target-local logistic,precision_recall_curve,0.6795680345572355,0.7179627601314348,,,,2024,binary_20260719_044949_c6c955a30fc2,binary_20260719_044949_c6c955a30fc2,experiments/binary_results/binary_20260719_044949_c6c955a30fc2/test_predictions.csv,f0578c61cfb8f0bbef7c58d8ab338b9d31850912e618d5abe81846aa15e5c298,Figure 4
Fig5,IDH_PR,IDH,Target-local logistic,precision_recall_curve,0.673866090712743,0.7218212104386452,,,,2024,binary_20260719_044949_c6c955a30fc2,binary_20260719_044949_c6c955a30fc2,experiments/binary_results/binary_20260719_044949_c6c955a30fc2/test_predictions.csv,f0578c61cfb8f0bbef7c58d8ab338b9d31850912e618d5abe81846aa15e5c298,Figure 4
Fig5,IDH_PR,IDH,Target-local logistic,precision_recall_curve,0.6675593952483801,0.7251313813813813,,,,2024,binary_20260719_044949_c6c955a30fc2,binary_20260719_044949_c6c955a30fc2,experiments/binary_results/binary_20260719_044949_c6c955a30fc2/test_predictions.csv,f0578c61cfb8f0bbef7c58d8ab338b9d31850912e618d5abe81846aa15e5c298,Figure 4
Fig5,IDH_PR,IDH,Target-local logistic,precision_recall_curve,0.6620302375809936,0.7293927279649723,,,,2024,binary_20260719_044949_c6c955a30fc2,binary_20260719_044949_c6c955a30fc2,experiments/binary_results/binary_20260719_044949_c6c955a30fc2/test_predictions.csv,f0578c61cfb8f0bbef7c58d8ab338b9d31850912e618d5abe81846aa15e5c298,Figure 4
Fig5,IDH_PR,IDH,Target-local logistic,precision_recall_curve,0.6556371490280778,0.7328118964851293,,,,2024,binary_20260719_044949_c6c955a30fc2,binary_20260719_044949_c6c955a30fc2,experiments/binary_results/binary_20260719_044949_c6c955a30fc2/test_predictions.csv,f0578c61cfb8f0bbef7c58d8ab338b9d31850912e618d5abe81846aa15e5c298,Figure 4
Fig5,IDH_PR,IDH,Target-local logistic,precision_recall_curve,0.6484665226781857,0.7354497354497355,,,,2024,binary_20260719_044949_c6c955a30fc2,binary_20260719_044949_c6c955a30fc2,experiments/binary_results/binary_20260719_044949_c6c955a30fc2/test_predictions.csv,f0578c61cfb8f0bbef7c58d8ab338b9d31850912e618d5abe81846aa15e5c298,Figure 4
Fig5,IDH_PR,IDH,Target-local logistic,precision_recall_curve,0.6407775377969762,0.7375696101829753,,,,2024,binary_20260719_044949_c6c955a30fc2,binary_20260719_044949_c6c955a30fc2,experiments/binary_results/binary_20260719_044949_c6c955a30fc2/test_predictions.csv,f0578c61cfb8f0bbef7c58d8ab338b9d31850912e618d5abe81846aa15e5c298,Figure 4
Fig5,IDH_PR,IDH,Target-local logistic,precision_recall_curve,0.6335205183585313,0.7402584292348072,,,,2024,binary_20260719_044949_c6c955a30fc2,binary_20260719_044949_c6c955a30fc2,experiments/binary_results/binary_20260719_044949_c6c955a30fc2/test_predictions.csv,f0578c61cfb8f0bbef7c58d8ab338b9d31850912e618d5abe81846aa15e5c298,Figure 4
Fig5,IDH_PR,IDH,Target-local logistic,precision_recall_curve,0.6285961123110151,0.7457974579745797,,,,2024,binary_20260719_044949_c6c955a30fc2,binary_20260719_044949_c6c955a30fc2,experiments/binary_results/binary_20260719_044949_c6c955a30fc2/test_predictions.csv,f0578c61cfb8f0bbef7c58d8ab338b9d31850912e618d5abe81846aa15e5c298,Figure 4
Fig5,IDH_PR,IDH,Target-local logistic,precision_recall_curve,0.6222030237580993,0.7497397459920883,,,,2024,binary_20260719_044949_c6c955a30fc2,binary_20260719_044949_c6c955a30fc2,experiments/binary_results/binary_20260719_044949_c6c955a30fc2/test_predictions.csv,f0578c61cfb8f0bbef7c58d8ab338b9d31850912e618d5abe81846aa15e5c298,Figure 4
Fig5,IDH_PR,IDH,Target-local logistic,precision_recall_curve,0.6151187904967602,0.7529610829103215,,,,2024,binary_20260719_044949_c6c955a30fc2,binary_20260719_044949_c6c955a30fc2,experiments/binary_results/binary_20260719_044949_c6c955a30fc2/test_predictions.csv,f0578c61cfb8f0bbef7c58d8ab338b9d31850912e618d5abe81846aa15e5c298,Figure 4
Fig5,IDH_PR,IDH,Target-local logistic,precision_recall_curve,0.6072570194384449,0.7554003224073079,,,,2024,binary_20260719_044949_c6c955a30fc2,binary_20260719_044949_c6c955a30fc2,experiments/binary_results/binary_20260719_044949_c6c955a30fc2/test_predictions.csv,f0578c61cfb8f0bbef7c58d8ab338b9d31850912e618d5abe81846aa15e5c298,Figure 4
Fig5,IDH_PR,IDH,Target-local logistic,precision_recall_curve,0.5996544276457884,0.7581649371927909,,,,2024,binary_20260719_044949_c6c955a30fc2,binary_20260719_044949_c6c955a30fc2,experiments/binary_results/binary_20260719_044949_c6c955a30fc2/test_predictions.csv,f0578c61cfb8f0bbef7c58d8ab338b9d31850912e618d5abe81846aa15e5c298,Figure 4
Fig5,IDH_PR,IDH,Target-local logistic,precision_recall_curve,0.5926565874730022,0.7617990005552471,,,,2024,binary_20260719_044949_c6c955a30fc2,binary_20260719_044949_c6c955a30fc2,experiments/binary_results/binary_20260719_044949_c6c955a30fc2/test_predictions.csv,f0578c61cfb8f0bbef7c58d8ab338b9d31850912e618d5abe81846aa15e5c298,Figure 4
Fig5,IDH_PR,IDH,Target-local logistic,precision_recall_curve,0.5853131749460043,0.7651044607566346,,,,2024,binary_20260719_044949_c6c955a30fc2,binary_20260719_044949_c6c955a30fc2,experiments/binary_results/binary_20260719_044949_c6c955a30fc2/test_predictions.csv,f0578c61cfb8f0bbef7c58d8ab338b9d31850912e618d5abe81846aa15e5c298,Figure 4
Fig5,IDH_PR,IDH,Target-local logistic,precision_recall_curve,0.5785745140388769,0.7693279724296381,,,,2024,binary_20260719_044949_c6c955a30fc2,binary_20260719_044949_c6c955a30fc2,experiments/binary_results/binary_20260719_044949_c6c955a30fc2/test_predictions.csv,f0578c61cfb8f0bbef7c58d8ab338b9d31850912e618d5abe81846aa15e5c298,Figure 4
Fig5,IDH_PR,IDH,Target-local logistic,precision_recall_curve,0.5719222462203024,0.7738164815897136,,,,2024,binary_20260719_044949_c6c955a30fc2,binary_20260719_044949_c6c955a30fc2,experiments/binary_results/binary_20260719_044949_c6c955a30fc2/test_predictions.csv,f0578c61cfb8f0bbef7c58d8ab338b9d31850912e618d5abe81846aa15e5c298,Figure 4
Fig5,IDH_PR,IDH,Target-local logistic,precision_recall_curve,0.5650971922246221,0.778227245687091,,,,2024,binary_20260719_044949_c6c955a30fc2,binary_20260719_044949_c6c955a30fc2,experiments/binary_results/binary_20260719_044949_c6c955a30fc2/test_predictions.csv,f0578c61cfb8f0bbef7c58d8ab338b9d31850912e618d5abe81846aa15e5c298,Figure 4
Fig5,IDH_PR,IDH,Target-local logistic,precision_recall_curve,0.5580993520518358,0.7825560266505148,,,,2024,binary_20260719_044949_c6c955a30fc2,binary_20260719_044949_c6c955a30fc2,experiments/binary_results/binary_20260719_044949_c6c955a30fc2/test_predictions.csv,f0578c61cfb8f0bbef7c58d8ab338b9d31850912e618d5abe81846aa15e5c298,Figure 4
Fig5,IDH_PR,IDH,Target-local logistic,precision_recall_curve,0.5503239740820735,0.7859346082665022,,,,2024,binary_20260719_044949_c6c955a30fc2,binary_20260719_044949_c6c955a30fc2,experiments/binary_results/binary_20260719_044949_c6c955a30fc2/test_predictions.csv,f0578c61cfb8f0bbef7c58d8ab338b9d31850912e618d5abe81846aa15e5c298,Figure 4
Fig5,IDH_PR,IDH,Target-local logistic,precision_recall_curve,0.5422030237580994,0.7889377749842866,,,,2024,binary_20260719_044949_c6c955a30fc2,binary_20260719_044949_c6c955a30fc2,experiments/binary_results/binary_20260719_044949_c6c955a30fc2/test_predictions.csv,f0578c61cfb8f0bbef7c58d8ab338b9d31850912e618d5abe81846aa15e5c298,Figure 4
Fig5,IDH_PR,IDH,Target-local logistic,precision_recall_curve,0.5341684665226781,0.7921844971172325,,,,2024,binary_20260719_044949_c6c955a30fc2,binary_20260719_044949_c6c955a30fc2,experiments/binary_results/binary_20260719_044949_c6c955a30fc2/test_predictions.csv,f0578c61cfb8f0bbef7c58d8ab338b9d31850912e618d5abe81846aa15e5c298,Figure 4
Fig5,IDH_PR,IDH,Target-local logistic,precision_recall_curve,0.5264794816414686,0.7960809928151535,,,,2024,binary_20260719_044949_c6c955a30fc2,binary_20260719_044949_c6c955a30fc2,experiments/binary_results/binary_20260719_044949_c6c955a30fc2/test_predictions.csv,f0578c61cfb8f0bbef7c58d8ab338b9d31850912e618d5abe81846aa15e5c298,Figure 4
Fig5,IDH_PR,IDH,Target-local logistic,precision_recall_curve,0.5178401727861771,0.7986675549633577,,,,2024,binary_20260719_044949_c6c955a30fc2,binary_20260719_044949_c6c955a30fc2,experiments/binary_results/binary_20260719_044949_c6c955a30fc2/test_predictions.csv,f0578c61cfb8f0bbef7c58d8ab338b9d31850912e618d5abe81846aa15e5c298,Figure 4
Fig5,IDH_PR,IDH,Target-local logistic,precision_recall_curve,0.5103239740820734,0.8032363339679086,,,,2024,binary_20260719_044949_c6c955a30fc2,binary_20260719_044949_c6c955a30fc2,experiments/binary_results/binary_20260719_044949_c6c955a30fc2/test_predictions.csv,f0578c61cfb8f0bbef7c58d8ab338b9d31850912e618d5abe81846aa15e5c298,Figure 4
Fig5,IDH_PR,IDH,Target-local logistic,precision_recall_curve,0.5020302375809935,0.806635202665186,,,,2024,binary_20260719_044949_c6c955a30fc2,binary_20260719_044949_c6c955a30fc2,experiments/binary_results/binary_20260719_044949_c6c955a30fc2/test_predictions.csv,f0578c61cfb8f0bbef7c58d8ab338b9d31850912e618d5abe81846aa15e5c298,Figure 4
Fig5,IDH_PR,IDH,Target-local logistic,precision_recall_curve,0.49399568034557234,0.8106039126736604,,,,2024,binary_20260719_044949_c6c955a30fc2,binary_20260719_044949_c6c955a30fc2,experiments/binary_results/binary_20260719_044949_c6c955a30fc2/test_predictions.csv,f0578c61cfb8f0bbef7c58d8ab338b9d31850912e618d5abe81846aa15e5c298,Figure 4
Fig5,IDH_PR,IDH,Target-local logistic,precision_recall_curve,0.486133909287257,0.8150347624565469,,,,2024,binary_20260719_044949_c6c955a30fc2,binary_20260719_044949_c6c955a30fc2,experiments/binary_results/binary_20260719_044949_c6c955a30fc2/test_predictions.csv,f0578c61cfb8f0bbef7c58d8ab338b9d31850912e618d5abe81846aa15e5c298,Figure 4
Fig5,IDH_PR,IDH,Target-local logistic,precision_recall_curve,0.47809935205183585,0.819366301450992,,,,2024,binary_20260719_044949_c6c955a30fc2,binary_20260719_044949_c6c955a30fc2,experiments/binary_results/binary_20260719_044949_c6c955a30fc2/test_predictions.csv,f0578c61cfb8f0bbef7c58d8ab338b9d31850912e618d5abe81846aa15e5c298,Figure 4
Fig5,IDH_PR,IDH,Target-local logistic,precision_recall_curve,0.46980561555075595,0.8234403391883707,,,,2024,binary_20260719_044949_c6c955a30fc2,binary_20260719_044949_c6c955a30fc2,experiments/binary_results/binary_20260719_044949_c6c955a30fc2/test_predictions.csv,f0578c61cfb8f0bbef7c58d8ab338b9d31850912e618d5abe81846aa15e5c298,Figure 4
Fig5,IDH_PR,IDH,Target-local logistic,precision_recall_curve,0.4618574514038877,0.8283235202974899,,,,2024,binary_20260719_044949_c6c955a30fc2,binary_20260719_044949_c6c955a30fc2,experiments/binary_results/binary_20260719_044949_c6c955a30fc2/test_predictions.csv,f0578c61cfb8f0bbef7c58d8ab338b9d31850912e618d5abe81846aa15e5c298,Figure 4
Fig5,IDH_PR,IDH,Target-local logistic,precision_recall_curve,0.45339092872570197,0.8324873096446701,,,,2024,binary_20260719_044949_c6c955a30fc2,binary_20260719_044949_c6c955a30fc2,experiments/binary_results/binary_20260719_044949_c6c955a30fc2/test_predictions.csv,f0578c61cfb8f0bbef7c58d8ab338b9d31850912e618d5abe81846aa15e5c298,Figure 4
Fig5,IDH_PR,IDH,Target-local logistic,precision_recall_curve,0.44406047516198704,0.8352291192720182,,,,2024,binary_20260719_044949_c6c955a30fc2,binary_20260719_044949_c6c955a30fc2,experiments/binary_results/binary_20260719_044949_c6c955a30fc2/test_predictions.csv,f0578c61cfb8f0bbef7c58d8ab338b9d31850912e618d5abe81846aa15e5c298,Figure 4
Fig5,IDH_PR,IDH,Target-local logistic,precision_recall_curve,0.4355075593952484,0.8396069287141905,,,,2024,binary_20260719_044949_c6c955a30fc2,binary_20260719_044949_c6c955a30fc2,experiments/binary_results/binary_20260719_044949_c6c955a30fc2/test_predictions.csv,f0578c61cfb8f0bbef7c58d8ab338b9d31850912e618d5abe81846aa15e5c298,Figure 4
Fig5,IDH_PR,IDH,Target-local logistic,precision_recall_curve,0.42652267818574513,0.8433549709600273,,,,2024,binary_20260719_044949_c6c955a30fc2,binary_20260719_044949_c6c955a30fc2,experiments/binary_results/binary_20260719_044949_c6c955a30fc2/test_predictions.csv,f0578c61cfb8f0bbef7c58d8ab338b9d31850912e618d5abe81846aa15e5c298,Figure 4
Fig5,IDH_PR,IDH,Target-local logistic,precision_recall_curve,0.41814254859611233,0.8485273492286115,,,,2024,binary_20260719_044949_c6c955a30fc2,binary_20260719_044949_c6c955a30fc2,experiments/binary_results/binary_20260719_044949_c6c955a30fc2/test_predictions.csv,f0578c61cfb8f0bbef7c58d8ab338b9d31850912e618d5abe81846aa15e5c298,Figure 4
Fig5,IDH_PR,IDH,Target-local logistic,precision_recall_curve,0.4097624190064795,0.8541329011345219,,,,2024,binary_20260719_044949_c6c955a30fc2,binary_20260719_044949_c6c955a30fc2,experiments/binary_results/binary_20260719_044949_c6c955a30fc2/test_predictions.csv,f0578c61cfb8f0bbef7c58d8ab338b9d31850912e618d5abe81846aa15e5c298,Figure 4
Fig5,IDH_PR,IDH,Target-local logistic,precision_recall_curve,0.40034557235421164,0.8576716638904313,,,,2024,binary_20260719_044949_c6c955a30fc2,binary_20260719_044949_c6c955a30fc2,experiments/binary_results/binary_20260719_044949_c6c955a30fc2/test_predictions.csv,f0578c61cfb8f0bbef7c58d8ab338b9d31850912e618d5abe81846aa15e5c298,Figure 4
Fig5,IDH_PR,IDH,Target-local logistic,precision_recall_curve,0.3910151187904968,0.8616028935846183,,,,2024,binary_20260719_044949_c6c955a30fc2,binary_20260719_044949_c6c955a30fc2,experiments/binary_results/binary_20260719_044949_c6c955a30fc2/test_predictions.csv,f0578c61cfb8f0bbef7c58d8ab338b9d31850912e618d5abe81846aa15e5c298,Figure 4
Fig5,IDH_PR,IDH,Target-local logistic,precision_recall_curve,0.3807343412526998,0.8636096413874191,,,,2024,binary_20260719_044949_c6c955a30fc2,binary_20260719_044949_c6c955a30fc2,experiments/binary_results/binary_20260719_044949_c6c955a30fc2/test_predictions.csv,f0578c61cfb8f0bbef7c58d8ab338b9d31850912e618d5abe81846aa15e5c298,Figure 4
Fig5,IDH_PR,IDH,Target-local logistic,precision_recall_curve,0.37071274298056156,0.8663436301231577,,,,2024,binary_20260719_044949_c6c955a30fc2,binary_20260719_044949_c6c955a30fc2,experiments/binary_results/binary_20260719_044949_c6c955a30fc2/test_predictions.csv,f0578c61cfb8f0bbef7c58d8ab338b9d31850912e618d5abe81846aa15e5c298,Figure 4
Fig5,IDH_PR,IDH,Target-local logistic,precision_recall_curve,0.3619870410367171,0.8723714345200916,,,,2024,binary_20260719_044949_c6c955a30fc2,binary_20260719_044949_c6c955a30fc2,experiments/binary_results/binary_20260719_044949_c6c955a30fc2/test_predictions.csv,f0578c61cfb8f0bbef7c58d8ab338b9d31850912e618d5abe81846aa15e5c298,Figure 4
Fig5,IDH_PR,IDH,Target-local logistic,precision_recall_curve,0.3521382289416847,0.8759939823769611,,,,2024,binary_20260719_044949_c6c955a30fc2,binary_20260719_044949_c6c955a30fc2,experiments/binary_results/binary_20260719_044949_c6c955a30fc2/test_predictions.csv,f0578c61cfb8f0bbef7c58d8ab338b9d31850912e618d5abe81846aa15e5c298,Figure 4
Fig5,IDH_PR,IDH,Target-local logistic,precision_recall_curve,0.34159827213822896,0.8780812791472352,,,,2024,binary_20260719_044949_c6c955a30fc2,binary_20260719_044949_c6c955a30fc2,experiments/binary_results/binary_20260719_044949_c6c955a30fc2/test_predictions.csv,f0578c61cfb8f0bbef7c58d8ab338b9d31850912e618d5abe81846aa15e5c298,Figure 4
Fig5,IDH_PR,IDH,Target-local logistic,precision_recall_curve,0.33218142548596113,0.8832988743395359,,,,2024,binary_20260719_044949_c6c955a30fc2,binary_20260719_044949_c6c955a30fc2,experiments/binary_results/binary_20260719_044949_c6c955a30fc2/test_predictions.csv,f0578c61cfb8f0bbef7c58d8ab338b9d31850912e618d5abe81846aa15e5c298,Figure 4
Fig5,IDH_PR,IDH,Target-local logistic,precision_recall_curve,0.32181425485961124,0.8862717106828456,,,,2024,binary_20260719_044949_c6c955a30fc2,binary_20260719_044949_c6c955a30fc2,experiments/binary_results/binary_20260719_044949_c6c955a30fc2/test_predictions.csv,f0578c61cfb8f0bbef7c58d8ab338b9d31850912e618d5abe81846aa15e5c298,Figure 4
Fig5,IDH_PR,IDH,Target-local logistic,precision_recall_curve,0.31205183585313173,0.8911917098445595,,,,2024,binary_20260719_044949_c6c955a30fc2,binary_20260719_044949_c6c955a30fc2,experiments/binary_results/binary_20260719_044949_c6c955a30fc2/test_predictions.csv,f0578c61cfb8f0bbef7c58d8ab338b9d31850912e618d5abe81846aa15e5c298,Figure 4
Fig5,IDH_PR,IDH,Target-local logistic,precision_recall_curve,0.30272138228941686,0.897770945426595,,,,2024,binary_20260719_044949_c6c955a30fc2,binary_20260719_044949_c6c955a30fc2,experiments/binary_results/binary_20260719_044949_c6c955a30fc2/test_predictions.csv,f0578c61cfb8f0bbef7c58d8ab338b9d31850912e618d5abe81846aa15e5c298,Figure 4
Fig5,IDH_PR,IDH,Target-local logistic,precision_recall_curve,0.2921814254859611,0.9011457500666132,,,,2024,binary_20260719_044949_c6c955a30fc2,binary_20260719_044949_c6c955a30fc2,experiments/binary_results/binary_20260719_044949_c6c955a30fc2/test_predictions.csv,f0578c61cfb8f0bbef7c58d8ab338b9d31850912e618d5abe81846aa15e5c298,Figure 4
Fig5,IDH_PR,IDH,Target-local logistic,precision_recall_curve,0.2812095032397408,0.9036646307606884,,,,2024,binary_20260719_044949_c6c955a30fc2,binary_20260719_044949_c6c955a30fc2,experiments/binary_results/binary_20260719_044949_c6c955a30fc2/test_predictions.csv,f0578c61cfb8f0bbef7c58d8ab338b9d31850912e618d5abe81846aa15e5c298,Figure 4
Fig5,IDH_PR,IDH,Target-local logistic,precision_recall_curve,0.2709287257019438,0.9084588644264194,,,,2024,binary_20260719_044949_c6c955a30fc2,binary_20260719_044949_c6c955a30fc2,experiments/binary_results/binary_20260719_044949_c6c955a30fc2/test_predictions.csv,f0578c61cfb8f0bbef7c58d8ab338b9d31850912e618d5abe81846aa15e5c298,Figure 4
Fig5,IDH_PR,IDH,Target-local logistic,precision_recall_curve,0.2606479481641469,0.9136886735311932,,,,2024,binary_20260719_044949_c6c955a30fc2,binary_20260719_044949_c6c955a30fc2,experiments/binary_results/binary_20260719_044949_c6c955a30fc2/test_predictions.csv,f0578c61cfb8f0bbef7c58d8ab338b9d31850912e618d5abe81846aa15e5c298,Figure 4
Fig5,IDH_PR,IDH,Target-local logistic,precision_recall_curve,0.2500215982721382,0.9181472081218274,,,,2024,binary_20260719_044949_c6c955a30fc2,binary_20260719_044949_c6c955a30fc2,experiments/binary_results/binary_20260719_044949_c6c955a30fc2/test_predictions.csv,f0578c61cfb8f0bbef7c58d8ab338b9d31850912e618d5abe81846aa15e5c298,Figure 4
Fig5,IDH_PR,IDH,Target-local logistic,precision_recall_curve,0.23879049676025918,0.9207195203197868,,,,2024,binary_20260719_044949_c6c955a30fc2,binary_20260719_044949_c6c955a30fc2,experiments/binary_results/binary_20260719_044949_c6c955a30fc2/test_predictions.csv,f0578c61cfb8f0bbef7c58d8ab338b9d31850912e618d5abe81846aa15e5c298,Figure 4
Fig5,IDH_PR,IDH,Target-local logistic,precision_recall_curve,0.22755939524838012,0.923562412342216,,,,2024,binary_20260719_044949_c6c955a30fc2,binary_20260719_044949_c6c955a30fc2,experiments/binary_results/binary_20260719_044949_c6c955a30fc2/test_predictions.csv,f0578c61cfb8f0bbef7c58d8ab338b9d31850912e618d5abe81846aa15e5c298,Figure 4
Fig5,IDH_PR,IDH,Target-local logistic,precision_recall_curve,0.21658747300215983,0.9278312361213916,,,,2024,binary_20260719_044949_c6c955a30fc2,binary_20260719_044949_c6c955a30fc2,experiments/binary_results/binary_20260719_044949_c6c955a30fc2/test_predictions.csv,f0578c61cfb8f0bbef7c58d8ab338b9d31850912e618d5abe81846aa15e5c298,Figure 4
Fig5,IDH_PR,IDH,Target-local logistic,precision_recall_curve,0.2054427645788337,0.9318181818181818,,,,2024,binary_20260719_044949_c6c955a30fc2,binary_20260719_044949_c6c955a30fc2,experiments/binary_results/binary_20260719_044949_c6c955a30fc2/test_predictions.csv,f0578c61cfb8f0bbef7c58d8ab338b9d31850912e618d5abe81846aa15e5c298,Figure 4
Fig5,IDH_PR,IDH,Target-local logistic,precision_recall_curve,0.19377969762419006,0.933805162364696,,,,2024,binary_20260719_044949_c6c955a30fc2,binary_20260719_044949_c6c955a30fc2,experiments/binary_results/binary_20260719_044949_c6c955a30fc2/test_predictions.csv,f0578c61cfb8f0bbef7c58d8ab338b9d31850912e618d5abe81846aa15e5c298,Figure 4
Fig5,IDH_PR,IDH,Target-local logistic,precision_recall_curve,0.18220302375809935,0.9365008880994672,,,,2024,binary_20260719_044949_c6c955a30fc2,binary_20260719_044949_c6c955a30fc2,experiments/binary_results/binary_20260719_044949_c6c955a30fc2/test_predictions.csv,f0578c61cfb8f0bbef7c58d8ab338b9d31850912e618d5abe81846aa15e5c298,Figure 4
Fig5,IDH_PR,IDH,Target-local logistic,precision_recall_curve,0.1709719222462203,0.9414843006660324,,,,2024,binary_20260719_044949_c6c955a30fc2,binary_20260719_044949_c6c955a30fc2,experiments/binary_results/binary_20260719_044949_c6c955a30fc2/test_predictions.csv,f0578c61cfb8f0bbef7c58d8ab338b9d31850912e618d5abe81846aa15e5c298,Figure 4
Fig5,IDH_PR,IDH,Target-local logistic,precision_recall_curve,0.15939524838012958,0.9451844262295082,,,,2024,binary_20260719_044949_c6c955a30fc2,binary_20260719_044949_c6c955a30fc2,experiments/binary_results/binary_20260719_044949_c6c955a30fc2/test_predictions.csv,f0578c61cfb8f0bbef7c58d8ab338b9d31850912e618d5abe81846aa15e5c298,Figure 4
Fig5,IDH_PR,IDH,Target-local logistic,precision_recall_curve,0.14721382289416846,0.946141032759578,,,,2024,binary_20260719_044949_c6c955a30fc2,binary_20260719_044949_c6c955a30fc2,experiments/binary_results/binary_20260719_044949_c6c955a30fc2/test_predictions.csv,f0578c61cfb8f0bbef7c58d8ab338b9d31850912e618d5abe81846aa15e5c298,Figure 4
Fig5,IDH_PR,IDH,Target-local logistic,precision_recall_curve,0.1352915766738661,0.9485160508782556,,,,2024,binary_20260719_044949_c6c955a30fc2,binary_20260719_044949_c6c955a30fc2,experiments/binary_results/binary_20260719_044949_c6c955a30fc2/test_predictions.csv,f0578c61cfb8f0bbef7c58d8ab338b9d31850912e618d5abe81846aa15e5c298,Figure 4
Fig5,IDH_PR,IDH,Target-local logistic,precision_recall_curve,0.12319654427645789,0.950033311125916,,,,2024,binary_20260719_044949_c6c955a30fc2,binary_20260719_044949_c6c955a30fc2,experiments/binary_results/binary_20260719_044949_c6c955a30fc2/test_predictions.csv,f0578c61cfb8f0bbef7c58d8ab338b9d31850912e618d5abe81846aa15e5c298,Figure 4
Fig5,IDH_PR,IDH,Target-local logistic,precision_recall_curve,0.11161987041036717,0.9563286454478164,,,,2024,binary_20260719_044949_c6c955a30fc2,binary_20260719_044949_c6c955a30fc2,experiments/binary_results/binary_20260719_044949_c6c955a30fc2/test_predictions.csv,f0578c61cfb8f0bbef7c58d8ab338b9d31850912e618d5abe81846aa15e5c298,Figure 4
Fig5,IDH_PR,IDH,Target-local logistic,precision_recall_curve,0.09952483801295896,0.9592006661115736,,,,2024,binary_20260719_044949_c6c955a30fc2,binary_20260719_044949_c6c955a30fc2,experiments/binary_results/binary_20260719_044949_c6c955a30fc2/test_predictions.csv,f0578c61cfb8f0bbef7c58d8ab338b9d31850912e618d5abe81846aa15e5c298,Figure 4
Fig5,IDH_PR,IDH,Target-local logistic,precision_recall_curve,0.08760259179265659,0.9647954329210277,,,,2024,binary_20260719_044949_c6c955a30fc2,binary_20260719_044949_c6c955a30fc2,experiments/binary_results/binary_20260719_044949_c6c955a30fc2/test_predictions.csv,f0578c61cfb8f0bbef7c58d8ab338b9d31850912e618d5abe81846aa15e5c298,Figure 4
Fig5,IDH_PR,IDH,Target-local logistic,precision_recall_curve,0.07542116630669546,0.9689234184239732,,,,2024,binary_20260719_044949_c6c955a30fc2,binary_20260719_044949_c6c955a30fc2,experiments/binary_results/binary_20260719_044949_c6c955a30fc2/test_predictions.csv,f0578c61cfb8f0bbef7c58d8ab338b9d31850912e618d5abe81846aa15e5c298,Figure 4
Fig5,IDH_PR,IDH,Target-local logistic,precision_recall_curve,0.06289416846652268,0.9693741677762984,,,,2024,binary_20260719_044949_c6c955a30fc2,binary_20260719_044949_c6c955a30fc2,experiments/binary_results/binary_20260719_044949_c6c955a30fc2/test_predictions.csv,f0578c61cfb8f0bbef7c58d8ab338b9d31850912e618d5abe81846aa15e5c298,Figure 4
Fig5,IDH_PR,IDH,Target-local logistic,precision_recall_curve,0.05028077753779698,0.9683860232945092,,,,2024,binary_20260719_044949_c6c955a30fc2,binary_20260719_044949_c6c955a30fc2,experiments/binary_results/binary_20260719_044949_c6c955a30fc2/test_predictions.csv,f0578c61cfb8f0bbef7c58d8ab338b9d31850912e618d5abe81846aa15e5c298,Figure 4
Fig5,IDH_PR,IDH,Target-local logistic,precision_recall_curve,0.03784017278617711,0.9711751662971176,,,,2024,binary_20260719_044949_c6c955a30fc2,binary_20260719_044949_c6c955a30fc2,experiments/binary_results/binary_20260719_044949_c6c955a30fc2/test_predictions.csv,f0578c61cfb8f0bbef7c58d8ab338b9d31850912e618d5abe81846aa15e5c298,Figure 4
Fig5,IDH_PR,IDH,Target-local logistic,precision_recall_curve,0.025399568034557236,0.9767441860465116,,,,2024,binary_20260719_044949_c6c955a30fc2,binary_20260719_044949_c6c955a30fc2,experiments/binary_results/binary_20260719_044949_c6c955a30fc2/test_predictions.csv,f0578c61cfb8f0bbef7c58d8ab338b9d31850912e618d5abe81846aa15e5c298,Figure 4
Fig5,IDH_PR,IDH,Target-local logistic,precision_recall_curve,0.01287257019438445,0.9867549668874172,,,,2024,binary_20260719_044949_c6c955a30fc2,binary_20260719_044949_c6c955a30fc2,experiments/binary_results/binary_20260719_044949_c6c955a30fc2/test_predictions.csv,f0578c61cfb8f0bbef7c58d8ab338b9d31850912e618d5abe81846aa15e5c298,Figure 4
Fig5,IDH_PR,IDH,Target-local logistic,precision_recall_curve,0.0,1.0,,,,2024,binary_20260719_044949_c6c955a30fc2,binary_20260719_044949_c6c955a30fc2,experiments/binary_results/binary_20260719_044949_c6c955a30fc2/test_predictions.csv,f0578c61cfb8f0bbef7c58d8ab338b9d31850912e618d5abe81846aa15e5c298,Figure 4
Fig5,IDH_calibration,IDH,Target-local logistic,observed_rate,0.05094225042379222,0.0642785403414797,,,2987,2024,binary_20260719_044949_c6c955a30fc2,binary_20260719_044949_c6c955a30fc2,experiments/binary_results/binary_20260719_044949_c6c955a30fc2/test_predictions.csv,f0578c61cfb8f0bbef7c58d8ab338b9d31850912e618d5abe81846aa15e5c298,Figure 4
Fig5,IDH_calibration,IDH,Target-local logistic,observed_rate,0.10881782352373562,0.0964178105122196,,,2987,2024,binary_20260719_044949_c6c955a30fc2,binary_20260719_044949_c6c955a30fc2,experiments/binary_results/binary_20260719_044949_c6c955a30fc2/test_predictions.csv,f0578c61cfb8f0bbef7c58d8ab338b9d31850912e618d5abe81846aa15e5c298,Figure 4
Fig5,IDH_calibration,IDH,Target-local logistic,observed_rate,0.15986847430673867,0.1346282652377763,,,2986,2024,binary_20260719_044949_c6c955a30fc2,binary_20260719_044949_c6c955a30fc2,experiments/binary_results/binary_20260719_044949_c6c955a30fc2/test_predictions.csv,f0578c61cfb8f0bbef7c58d8ab338b9d31850912e618d5abe81846aa15e5c298,Figure 4
Fig5,IDH_calibration,IDH,Target-local logistic,observed_rate,0.2178192048054166,0.1824573150318044,,,2987,2024,binary_20260719_044949_c6c955a30fc2,binary_20260719_044949_c6c955a30fc2,experiments/binary_results/binary_20260719_044949_c6c955a30fc2/test_predictions.csv,f0578c61cfb8f0bbef7c58d8ab338b9d31850912e618d5abe81846aa15e5c298,Figure 4
Fig5,IDH_calibration,IDH,Target-local logistic,observed_rate,0.28715682754282035,0.2531815137307435,,,2986,2024,binary_20260719_044949_c6c955a30fc2,binary_20260719_044949_c6c955a30fc2,experiments/binary_results/binary_20260719_044949_c6c955a30fc2/test_predictions.csv,f0578c61cfb8f0bbef7c58d8ab338b9d31850912e618d5abe81846aa15e5c298,Figure 4
Fig5,IDH_calibration,IDH,Target-local logistic,observed_rate,0.36878751042260455,0.3575493806494811,,,2987,2024,binary_20260719_044949_c6c955a30fc2,binary_20260719_044949_c6c955a30fc2,experiments/binary_results/binary_20260719_044949_c6c955a30fc2/test_predictions.csv,f0578c61cfb8f0bbef7c58d8ab338b9d31850912e618d5abe81846aa15e5c298,Figure 4
Fig5,IDH_calibration,IDH,Target-local logistic,observed_rate,0.4647937084473912,0.4989953114534494,,,2986,2024,binary_20260719_044949_c6c955a30fc2,binary_20260719_044949_c6c955a30fc2,experiments/binary_results/binary_20260719_044949_c6c955a30fc2/test_predictions.csv,f0578c61cfb8f0bbef7c58d8ab338b9d31850912e618d5abe81846aa15e5c298,Figure 4
Fig5,IDH_calibration,IDH,Target-local logistic,observed_rate,0.5812582944656821,0.6083026447941078,,,2987,2024,binary_20260719_044949_c6c955a30fc2,binary_20260719_044949_c6c955a30fc2,experiments/binary_results/binary_20260719_044949_c6c955a30fc2/test_predictions.csv,f0578c61cfb8f0bbef7c58d8ab338b9d31850912e618d5abe81846aa15e5c298,Figure 4
Fig5,IDH_calibration,IDH,Target-local logistic,observed_rate,0.7201763550768017,0.7595445411922304,,,2986,2024,binary_20260719_044949_c6c955a30fc2,binary_20260719_044949_c6c955a30fc2,experiments/binary_results/binary_20260719_044949_c6c955a30fc2/test_predictions.csv,f0578c61cfb8f0bbef7c58d8ab338b9d31850912e618d5abe81846aa15e5c298,Figure 4
Fig5,IDH_calibration,IDH,Target-local logistic,observed_rate,0.8844004116006962,0.9203213927017074,,,2987,2024,binary_20260719_044949_c6c955a30fc2,binary_20260719_044949_c6c955a30fc2,experiments/binary_results/binary_20260719_044949_c6c955a30fc2/test_predictions.csv,f0578c61cfb8f0bbef7c58d8ab338b9d31850912e618d5abe81846aa15e5c298,Figure 4
Fig5,IH_ROC,IH,Source MLP,roc_curve,0.0,0.0,,,,2024,binary_20260719_044949_c6c955a30fc2,binary_20260719_044949_c6c955a30fc2,experiments/binary_results/binary_20260719_044949_c6c955a30fc2/test_predictions.csv,f0578c61cfb8f0bbef7c58d8ab338b9d31850912e618d5abe81846aa15e5c298,Figure 4
Fig5,IH_ROC,IH,Source MLP,roc_curve,0.000611176897513274,0.0176295090859777,,,,2024,binary_20260719_044949_c6c955a30fc2,binary_20260719_044949_c6c955a30fc2,experiments/binary_results/binary_20260719_044949_c6c955a30fc2/test_predictions.csv,f0578c61cfb8f0bbef7c58d8ab338b9d31850912e618d5abe81846aa15e5c298,Figure 4
Fig5,IH_ROC,IH,Source MLP,roc_curve,0.0011841552389319683,0.0363439110387849,,,,2024,binary_20260719_044949_c6c955a30fc2,binary_20260719_044949_c6c955a30fc2,experiments/binary_results/binary_20260719_044949_c6c955a30fc2/test_predictions.csv,f0578c61cfb8f0bbef7c58d8ab338b9d31850912e618d5abe81846aa15e5c298,Figure 4
Fig5,IH_ROC,IH,Source MLP,roc_curve,0.001718935024256083,0.0545158665581773,,,,2024,binary_20260719_044949_c6c955a30fc2,binary_20260719_044949_c6c955a30fc2,experiments/binary_results/binary_20260719_044949_c6c955a30fc2/test_predictions.csv,f0578c61cfb8f0bbef7c58d8ab338b9d31850912e618d5abe81846aa15e5c298,Figure 4
Fig5,IH_ROC,IH,Source MLP,roc_curve,0.0024829061461476756,0.0686194738269595,,,,2024,binary_20260719_044949_c6c955a30fc2,binary_20260719_044949_c6c955a30fc2,experiments/binary_results/binary_20260719_044949_c6c955a30fc2/test_predictions.csv,f0578c61cfb8f0bbef7c58d8ab338b9d31850912e618d5abe81846aa15e5c298,Figure 4
Fig5,IH_ROC,IH,Source MLP,roc_curve,0.00305588448756637,0.0754000542446433,,,,2024,binary_20260719_044949_c6c955a30fc2,binary_20260719_044949_c6c955a30fc2,experiments/binary_results/binary_20260719_044949_c6c955a30fc2/test_predictions.csv,f0578c61cfb8f0bbef7c58d8ab338b9d31850912e618d5abe81846aa15e5c298,Figure 4
Fig5,IH_ROC,IH,Source MLP,roc_curve,0.003667061385079644,0.0873338757797667,,,,2024,binary_20260719_044949_c6c955a30fc2,binary_20260719_044949_c6c955a30fc2,experiments/binary_results/binary_20260719_044949_c6c955a30fc2/test_predictions.csv,f0578c61cfb8f0bbef7c58d8ab338b9d31850912e618d5abe81846aa15e5c298,Figure 4
Fig5,IH_ROC,IH,Source MLP,roc_curve,0.004240039726498338,0.0992676973148901,,,,2024,binary_20260719_044949_c6c955a30fc2,binary_20260719_044949_c6c955a30fc2,experiments/binary_results/binary_20260719_044949_c6c955a30fc2/test_predictions.csv,f0578c61cfb8f0bbef7c58d8ab338b9d31850912e618d5abe81846aa15e5c298,Figure 4
Fig5,IH_ROC,IH,Source MLP,roc_curve,0.004774819511822453,0.107675617032818,,,,2024,binary_20260719_044949_c6c955a30fc2,binary_20260719_044949_c6c955a30fc2,experiments/binary_results/binary_20260719_044949_c6c955a30fc2/test_predictions.csv,f0578c61cfb8f0bbef7c58d8ab338b9d31850912e618d5abe81846aa15e5c298,Figure 4
Fig5,IH_ROC,IH,Source MLP,roc_curve,0.005806180526376103,0.1236777868185516,,,,2024,binary_20260719_044949_c6c955a30fc2,binary_20260719_044949_c6c955a30fc2,experiments/binary_results/binary_20260719_044949_c6c955a30fc2/test_predictions.csv,f0578c61cfb8f0bbef7c58d8ab338b9d31850912e618d5abe81846aa15e5c298,Figure 4
Fig5,IH_ROC,IH,Source MLP,roc_curve,0.0065319530921731156,0.1345267154868456,,,,2024,binary_20260719_044949_c6c955a30fc2,binary_20260719_044949_c6c955a30fc2,experiments/binary_results/binary_20260719_044949_c6c955a30fc2/test_predictions.csv,f0578c61cfb8f0bbef7c58d8ab338b9d31850912e618d5abe81846aa15e5c298,Figure 4
Fig5,IH_ROC,IH,Source MLP,roc_curve,0.0072577256579701285,0.145646867371847,,,,2024,binary_20260719_044949_c6c955a30fc2,binary_20260719_044949_c6c955a30fc2,experiments/binary_results/binary_20260719_044949_c6c955a30fc2/test_predictions.csv,f0578c61cfb8f0bbef7c58d8ab338b9d31850912e618d5abe81846aa15e5c298,Figure 4
Fig5,IH_ROC,IH,Source MLP,roc_curve,0.007945299667672562,0.1543260103064822,,,,2024,binary_20260719_044949_c6c955a30fc2,binary_20260719_044949_c6c955a30fc2,experiments/binary_results/binary_20260719_044949_c6c955a30fc2/test_predictions.csv,f0578c61cfb8f0bbef7c58d8ab338b9d31850912e618d5abe81846aa15e5c298,Figure 4
Fig5,IH_ROC,IH,Source MLP,roc_curve,0.008785667901753313,0.1616490371575807,,,,2024,binary_20260719_044949_c6c955a30fc2,binary_20260719_044949_c6c955a30fc2,experiments/binary_results/binary_20260719_044949_c6c955a30fc2/test_predictions.csv,f0578c61cfb8f0bbef7c58d8ab338b9d31850912e618d5abe81846aa15e5c298,Figure 4
Fig5,IH_ROC,IH,Source MLP,roc_curve,0.009664234691928645,0.1757526444263629,,,,2024,binary_20260719_044949_c6c955a30fc2,binary_20260719_044949_c6c955a30fc2,experiments/binary_results/binary_20260719_044949_c6c955a30fc2/test_predictions.csv,f0578c61cfb8f0bbef7c58d8ab338b9d31850912e618d5abe81846aa15e5c298,Figure 4
Fig5,IH_ROC,IH,Source MLP,roc_curve,0.01019901447725276,0.1849742337944128,,,,2024,binary_20260719_044949_c6c955a30fc2,binary_20260719_044949_c6c955a30fc2,experiments/binary_results/binary_20260719_044949_c6c955a30fc2/test_predictions.csv,f0578c61cfb8f0bbef7c58d8ab338b9d31850912e618d5abe81846aa15e5c298,Figure 4
Fig5,IH_ROC,IH,Source MLP,roc_curve,0.011001184155238932,0.1925684838622186,,,,2024,binary_20260719_044949_c6c955a30fc2,binary_20260719_044949_c6c955a30fc2,experiments/binary_results/binary_20260719_044949_c6c955a30fc2/test_predictions.csv,f0578c61cfb8f0bbef7c58d8ab338b9d31850912e618d5abe81846aa15e5c298,Figure 4
Fig5,IH_ROC,IH,Source MLP,roc_curve,0.011650559608846785,0.1979929481963656,,,,2024,binary_20260719_044949_c6c955a30fc2,binary_20260719_044949_c6c955a30fc2,experiments/binary_results/binary_20260719_044949_c6c955a30fc2/test_predictions.csv,f0578c61cfb8f0bbef7c58d8ab338b9d31850912e618d5abe81846aa15e5c298,Figure 4
Fig5,IH_ROC,IH,Source MLP,roc_curve,0.012681920623400435,0.2061296446975861,,,,2024,binary_20260719_044949_c6c955a30fc2,binary_20260719_044949_c6c955a30fc2,experiments/binary_results/binary_20260719_044949_c6c955a30fc2/test_predictions.csv,f0578c61cfb8f0bbef7c58d8ab338b9d31850912e618d5abe81846aa15e5c298,Figure 4
Fig5,IH_ROC,IH,Source MLP,roc_curve,0.013675083081859506,0.2120965554651478,,,,2024,binary_20260719_044949_c6c955a30fc2,binary_20260719_044949_c6c955a30fc2,experiments/binary_results/binary_20260719_044949_c6c955a30fc2/test_predictions.csv,f0578c61cfb8f0bbef7c58d8ab338b9d31850912e618d5abe81846aa15e5c298,Figure 4
Fig5,IH_ROC,IH,Source MLP,roc_curve,0.014630046984223996,0.2191483590995389,,,,2024,binary_20260719_044949_c6c955a30fc2,binary_20260719_044949_c6c955a30fc2,experiments/binary_results/binary_20260719_044949_c6c955a30fc2/test_predictions.csv,f0578c61cfb8f0bbef7c58d8ab338b9d31850912e618d5abe81846aa15e5c298,Figure 4
Fig5,IH_ROC,IH,Source MLP,roc_curve,0.015470415218304749,0.2294548413344182,,,,2024,binary_20260719_044949_c6c955a30fc2,binary_20260719_044949_c6c955a30fc2,experiments/binary_results/binary_20260719_044949_c6c955a30fc2/test_predictions.csv,f0578c61cfb8f0bbef7c58d8ab338b9d31850912e618d5abe81846aa15e5c298,Figure 4
Fig5,IH_ROC,IH,Source MLP,roc_curve,0.01638718056457466,0.2386764307024681,,,,2024,binary_20260719_044949_c6c955a30fc2,binary_20260719_044949_c6c955a30fc2,experiments/binary_results/binary_20260719_044949_c6c955a30fc2/test_predictions.csv,f0578c61cfb8f0bbef7c58d8ab338b9d31850912e618d5abe81846aa15e5c298,Figure 4
Fig5,IH_ROC,IH,Source MLP,roc_curve,0.017609534359601206,0.2473555736371033,,,,2024,binary_20260719_044949_c6c955a30fc2,binary_20260719_044949_c6c955a30fc2,experiments/binary_results/binary_20260719_044949_c6c955a30fc2/test_predictions.csv,f0578c61cfb8f0bbef7c58d8ab338b9d31850912e618d5abe81846aa15e5c298,Figure 4
Fig5,IH_ROC,IH,Source MLP,roc_curve,0.018831888154627757,0.2530512611879577,,,,2024,binary_20260719_044949_c6c955a30fc2,binary_20260719_044949_c6c955a30fc2,experiments/binary_results/binary_20260719_044949_c6c955a30fc2/test_predictions.csv,f0578c61cfb8f0bbef7c58d8ab338b9d31850912e618d5abe81846aa15e5c298,Figure 4
Fig5,IH_ROC,IH,Source MLP,roc_curve,0.019825050613086825,0.258746948738812,,,,2024,binary_20260719_044949_c6c955a30fc2,binary_20260719_044949_c6c955a30fc2,experiments/binary_results/binary_20260719_044949_c6c955a30fc2/test_predictions.csv,f0578c61cfb8f0bbef7c58d8ab338b9d31850912e618d5abe81846aa15e5c298,Figure 4
Fig5,IH_ROC,IH,Source MLP,roc_curve,0.020589021734978417,0.2674260916734473,,,,2024,binary_20260719_044949_c6c955a30fc2,binary_20260719_044949_c6c955a30fc2,experiments/binary_results/binary_20260719_044949_c6c955a30fc2/test_predictions.csv,f0578c61cfb8f0bbef7c58d8ab338b9d31850912e618d5abe81846aa15e5c298,Figure 4
Fig5,IH_ROC,IH,Source MLP,roc_curve,0.02150578708124833,0.2744778953078383,,,,2024,binary_20260719_044949_c6c955a30fc2,binary_20260719_044949_c6c955a30fc2,experiments/binary_results/binary_20260719_044949_c6c955a30fc2/test_predictions.csv,f0578c61cfb8f0bbef7c58d8ab338b9d31850912e618d5abe81846aa15e5c298,Figure 4
Fig5,IH_ROC,IH,Source MLP,roc_curve,0.022728140876274876,0.2785462435584486,,,,2024,binary_20260719_044949_c6c955a30fc2,binary_20260719_044949_c6c955a30fc2,experiments/binary_results/binary_20260719_044949_c6c955a30fc2/test_predictions.csv,f0578c61cfb8f0bbef7c58d8ab338b9d31850912e618d5abe81846aa15e5c298,Figure 4
Fig5,IH_ROC,IH,Source MLP,roc_curve,0.02364490622254479,0.2842419311093029,,,,2024,binary_20260719_044949_c6c955a30fc2,binary_20260719_044949_c6c955a30fc2,experiments/binary_results/binary_20260719_044949_c6c955a30fc2/test_predictions.csv,f0578c61cfb8f0bbef7c58d8ab338b9d31850912e618d5abe81846aa15e5c298,Figure 4
Fig5,IH_ROC,IH,Source MLP,roc_curve,0.024638068681003857,0.2907512883102793,,,,2024,binary_20260719_044949_c6c955a30fc2,binary_20260719_044949_c6c955a30fc2,experiments/binary_results/binary_20260719_044949_c6c955a30fc2/test_predictions.csv,f0578c61cfb8f0bbef7c58d8ab338b9d31850912e618d5abe81846aa15e5c298,Figure 4
Fig5,IH_ROC,IH,Source MLP,roc_curve,0.025975018144314146,0.2961757526444263,,,,2024,binary_20260719_044949_c6c955a30fc2,binary_20260719_044949_c6c955a30fc2,experiments/binary_results/binary_20260719_044949_c6c955a30fc2/test_predictions.csv,f0578c61cfb8f0bbef7c58d8ab338b9d31850912e618d5abe81846aa15e5c298,Figure 4
Fig5,IH_ROC,IH,Source MLP,roc_curve,0.026929982046678635,0.3043124491456468,,,,2024,binary_20260719_044949_c6c955a30fc2,binary_20260719_044949_c6c955a30fc2,experiments/binary_results/binary_20260719_044949_c6c955a30fc2/test_predictions.csv,f0578c61cfb8f0bbef7c58d8ab338b9d31850912e618d5abe81846aa15e5c298,Figure 4
Fig5,IH_ROC,IH,Source MLP,roc_curve,0.027923144505137706,0.3108218063466232,,,,2024,binary_20260719_044949_c6c955a30fc2,binary_20260719_044949_c6c955a30fc2,experiments/binary_results/binary_20260719_044949_c6c955a30fc2/test_predictions.csv,f0578c61cfb8f0bbef7c58d8ab338b9d31850912e618d5abe81846aa15e5c298,Figure 4
Fig5,IH_ROC,IH,Source MLP,roc_curve,0.028992704075785934,0.3154326010306482,,,,2024,binary_20260719_044949_c6c955a30fc2,binary_20260719_044949_c6c955a30fc2,experiments/binary_results/binary_20260719_044949_c6c955a30fc2/test_predictions.csv,f0578c61cfb8f0bbef7c58d8ab338b9d31850912e618d5abe81846aa15e5c298,Figure 4
Fig5,IH_ROC,IH,Source MLP,roc_curve,0.030062263646434165,0.3200433957146731,,,,2024,binary_20260719_044949_c6c955a30fc2,binary_20260719_044949_c6c955a30fc2,experiments/binary_results/binary_20260719_044949_c6c955a30fc2/test_predictions.csv,f0578c61cfb8f0bbef7c58d8ab338b9d31850912e618d5abe81846aa15e5c298,Figure 4
Fig5,IH_ROC,IH,Source MLP,roc_curve,0.031284617441460716,0.3270951993490643,,,,2024,binary_20260719_044949_c6c955a30fc2,binary_20260719_044949_c6c955a30fc2,experiments/binary_results/binary_20260719_044949_c6c955a30fc2/test_predictions.csv,f0578c61cfb8f0bbef7c58d8ab338b9d31850912e618d5abe81846aa15e5c298,Figure 4
Fig5,IH_ROC,IH,Source MLP,roc_curve,0.03334733947056801,0.3325196636832113,,,,2024,binary_20260719_044949_c6c955a30fc2,binary_20260719_044949_c6c955a30fc2,experiments/binary_results/binary_20260719_044949_c6c955a30fc2/test_predictions.csv,f0578c61cfb8f0bbef7c58d8ab338b9d31850912e618d5abe81846aa15e5c298,Figure 4
Fig5,IH_ROC,IH,Source MLP,roc_curve,0.03460789182168914,0.339300244100895,,,,2024,binary_20260719_044949_c6c955a30fc2,binary_20260719_044949_c6c955a30fc2,experiments/binary_results/binary_20260719_044949_c6c955a30fc2/test_predictions.csv,f0578c61cfb8f0bbef7c58d8ab338b9d31850912e618d5abe81846aa15e5c298,Figure 4
Fig5,IH_ROC,IH,Source MLP,roc_curve,0.03605943695328317,0.344724708435042,,,,2024,binary_20260719_044949_c6c955a30fc2,binary_20260719_044949_c6c955a30fc2,experiments/binary_results/binary_20260719_044949_c6c955a30fc2/test_predictions.csv,f0578c61cfb8f0bbef7c58d8ab338b9d31850912e618d5abe81846aa15e5c298,Figure 4
Fig5,IH_ROC,IH,Source MLP,roc_curve,0.03762557775316093,0.3536750745863846,,,,2024,binary_20260719_044949_c6c955a30fc2,binary_20260719_044949_c6c955a30fc2,experiments/binary_results/binary_20260719_044949_c6c955a30fc2/test_predictions.csv,f0578c61cfb8f0bbef7c58d8ab338b9d31850912e618d5abe81846aa15e5c298,Figure 4
Fig5,IH_ROC,IH,Source MLP,roc_curve,0.039000725772565796,0.3582858692704095,,,,2024,binary_20260719_044949_c6c955a30fc2,binary_20260719_044949_c6c955a30fc2,experiments/binary_results/binary_20260719_044949_c6c955a30fc2/test_predictions.csv,f0578c61cfb8f0bbef7c58d8ab338b9d31850912e618d5abe81846aa15e5c298,Figure 4
Fig5,IH_ROC,IH,Source MLP,roc_curve,0.040337675235876086,0.3639815568212639,,,,2024,binary_20260719_044949_c6c955a30fc2,binary_20260719_044949_c6c955a30fc2,experiments/binary_results/binary_20260719_044949_c6c955a30fc2/test_predictions.csv,f0578c61cfb8f0bbef7c58d8ab338b9d31850912e618d5abe81846aa15e5c298,Figure 4
Fig5,IH_ROC,IH,Source MLP,roc_curve,0.04144543336261889,0.3694060211554109,,,,2024,binary_20260719_044949_c6c955a30fc2,binary_20260719_044949_c6c955a30fc2,experiments/binary_results/binary_20260719_044949_c6c955a30fc2/test_predictions.csv,f0578c61cfb8f0bbef7c58d8ab338b9d31850912e618d5abe81846aa15e5c298,Figure 4
Fig5,IH_ROC,IH,Source MLP,roc_curve,0.042285801596699646,0.3753729319229726,,,,2024,binary_20260719_044949_c6c955a30fc2,binary_20260719_044949_c6c955a30fc2,experiments/binary_results/binary_20260719_044949_c6c955a30fc2/test_predictions.csv,f0578c61cfb8f0bbef7c58d8ab338b9d31850912e618d5abe81846aa15e5c298,Figure 4
Fig5,IH_ROC,IH,Source MLP,roc_curve,0.04385194239657741,0.381882289123949,,,,2024,binary_20260719_044949_c6c955a30fc2,binary_20260719_044949_c6c955a30fc2,experiments/binary_results/binary_20260719_044949_c6c955a30fc2/test_predictions.csv,f0578c61cfb8f0bbef7c58d8ab338b9d31850912e618d5abe81846aa15e5c298,Figure 4
Fig5,IH_ROC,IH,Source MLP,roc_curve,0.04484510485503648,0.388120423108218,,,,2024,binary_20260719_044949_c6c955a30fc2,binary_20260719_044949_c6c955a30fc2,experiments/binary_results/binary_20260719_044949_c6c955a30fc2/test_predictions.csv,f0578c61cfb8f0bbef7c58d8ab338b9d31850912e618d5abe81846aa15e5c298,Figure 4
Fig5,IH_ROC,IH,Source MLP,roc_curve,0.04587646586959013,0.3940873338757797,,,,2024,binary_20260719_044949_c6c955a30fc2,binary_20260719_044949_c6c955a30fc2,experiments/binary_results/binary_20260719_044949_c6c955a30fc2/test_predictions.csv,f0578c61cfb8f0bbef7c58d8ab338b9d31850912e618d5abe81846aa15e5c298,Figure 4
Fig5,IH_ROC,IH,Source MLP,roc_curve,0.0466786355475763,0.3984269053430974,,,,2024,binary_20260719_044949_c6c955a30fc2,binary_20260719_044949_c6c955a30fc2,experiments/binary_results/binary_20260719_044949_c6c955a30fc2/test_predictions.csv,f0578c61cfb8f0bbef7c58d8ab338b9d31850912e618d5abe81846aa15e5c298,Figure 4
Fig5,IH_ROC,IH,Source MLP,roc_curve,0.04801558501088659,0.403580146460537,,,,2024,binary_20260719_044949_c6c955a30fc2,binary_20260719_044949_c6c955a30fc2,experiments/binary_results/binary_20260719_044949_c6c955a30fc2/test_predictions.csv,f0578c61cfb8f0bbef7c58d8ab338b9d31850912e618d5abe81846aa15e5c298,Figure 4
Fig5,IH_ROC,IH,Source MLP,roc_curve,0.04870315902058902,0.409004610794684,,,,2024,binary_20260719_044949_c6c955a30fc2,binary_20260719_044949_c6c955a30fc2,experiments/binary_results/binary_20260719_044949_c6c955a30fc2/test_predictions.csv,f0578c61cfb8f0bbef7c58d8ab338b9d31850912e618d5abe81846aa15e5c298,Figure 4
Fig5,IH_ROC,IH,Source MLP,roc_curve,0.049849115703426414,0.414429075128831,,,,2024,binary_20260719_044949_c6c955a30fc2,binary_20260719_044949_c6c955a30fc2,experiments/binary_results/binary_20260719_044949_c6c955a30fc2/test_predictions.csv,f0578c61cfb8f0bbef7c58d8ab338b9d31850912e618d5abe81846aa15e5c298,Figure 4
Fig5,IH_ROC,IH,Source MLP,roc_curve,0.05103327094235838,0.4193110930295633,,,,2024,binary_20260719_044949_c6c955a30fc2,binary_20260719_044949_c6c955a30fc2,experiments/binary_results/binary_20260719_044949_c6c955a30fc2/test_predictions.csv,f0578c61cfb8f0bbef7c58d8ab338b9d31850912e618d5abe81846aa15e5c298,Figure 4
Fig5,IH_ROC,IH,Source MLP,roc_curve,0.0530577944153711,0.4241931109302956,,,,2024,binary_20260719_044949_c6c955a30fc2,binary_20260719_044949_c6c955a30fc2,experiments/binary_results/binary_20260719_044949_c6c955a30fc2/test_predictions.csv,f0578c61cfb8f0bbef7c58d8ab338b9d31850912e618d5abe81846aa15e5c298,Figure 4
Fig5,IH_ROC,IH,Source MLP,roc_curve,0.05447114099087055,0.4301600216978573,,,,2024,binary_20260719_044949_c6c955a30fc2,binary_20260719_044949_c6c955a30fc2,experiments/binary_results/binary_20260719_044949_c6c955a30fc2/test_predictions.csv,f0578c61cfb8f0bbef7c58d8ab338b9d31850912e618d5abe81846aa15e5c298,Figure 4
Fig5,IH_ROC,IH,Source MLP,roc_curve,0.05584628901027541,0.435313262815297,,,,2024,binary_20260719_044949_c6c955a30fc2,binary_20260719_044949_c6c955a30fc2,experiments/binary_results/binary_20260719_044949_c6c955a30fc2/test_predictions.csv,f0578c61cfb8f0bbef7c58d8ab338b9d31850912e618d5abe81846aa15e5c298,Figure 4
Fig5,IH_ROC,IH,Source MLP,roc_curve,0.05752702547843692,0.4393816110659072,,,,2024,binary_20260719_044949_c6c955a30fc2,binary_20260719_044949_c6c955a30fc2,experiments/binary_results/binary_20260719_044949_c6c955a30fc2/test_predictions.csv,f0578c61cfb8f0bbef7c58d8ab338b9d31850912e618d5abe81846aa15e5c298,Figure 4
Fig5,IH_ROC,IH,Source MLP,roc_curve,0.058520187936895986,0.4448060754000542,,,,2024,binary_20260719_044949_c6c955a30fc2,binary_20260719_044949_c6c955a30fc2,experiments/binary_results/binary_20260719_044949_c6c955a30fc2/test_predictions.csv,f0578c61cfb8f0bbef7c58d8ab338b9d31850912e618d5abe81846aa15e5c298,Figure 4
Fig5,IH_ROC,IH,Source MLP,roc_curve,0.05993353451239543,0.4510442093843233,,,,2024,binary_20260719_044949_c6c955a30fc2,binary_20260719_044949_c6c955a30fc2,experiments/binary_results/binary_20260719_044949_c6c955a30fc2/test_predictions.csv,f0578c61cfb8f0bbef7c58d8ab338b9d31850912e618d5abe81846aa15e5c298,Figure 4
Fig5,IH_ROC,IH,Source MLP,roc_curve,0.06123228541961114,0.4548413344182262,,,,2024,binary_20260719_044949_c6c955a30fc2,binary_20260719_044949_c6c955a30fc2,experiments/binary_results/binary_20260719_044949_c6c955a30fc2/test_predictions.csv,f0578c61cfb8f0bbef7c58d8ab338b9d31850912e618d5abe81846aa15e5c298,Figure 4
Fig5,IH_ROC,IH,Source MLP,roc_curve,0.06272202910729975,0.4599945755356658,,,,2024,binary_20260719_044949_c6c955a30fc2,binary_20260719_044949_c6c955a30fc2,experiments/binary_results/binary_20260719_044949_c6c955a30fc2/test_predictions.csv,f0578c61cfb8f0bbef7c58d8ab338b9d31850912e618d5abe81846aa15e5c298,Figure 4
Fig5,IH_ROC,IH,Source MLP,roc_curve,0.06463195691202872,0.4646053702196908,,,,2024,binary_20260719_044949_c6c955a30fc2,binary_20260719_044949_c6c955a30fc2,experiments/binary_results/binary_20260719_044949_c6c955a30fc2/test_predictions.csv,f0578c61cfb8f0bbef7c58d8ab338b9d31850912e618d5abe81846aa15e5c298,Figure 4
Fig5,IH_ROC,IH,Source MLP,roc_curve,0.06585431070705527,0.468673718470301,,,,2024,binary_20260719_044949_c6c955a30fc2,binary_20260719_044949_c6c955a30fc2,experiments/binary_results/binary_20260719_044949_c6c955a30fc2/test_predictions.csv,f0578c61cfb8f0bbef7c58d8ab338b9d31850912e618d5abe81846aa15e5c298,Figure 4
Fig5,IH_ROC,IH,Source MLP,roc_curve,0.0674968486191222,0.4738269595877407,,,,2024,binary_20260719_044949_c6c955a30fc2,binary_20260719_044949_c6c955a30fc2,experiments/binary_results/binary_20260719_044949_c6c955a30fc2/test_predictions.csv,f0578c61cfb8f0bbef7c58d8ab338b9d31850912e618d5abe81846aa15e5c298,Figure 4
Fig5,IH_ROC,IH,Source MLP,roc_curve,0.06894839375071622,0.478708977488473,,,,2024,binary_20260719_044949_c6c955a30fc2,binary_20260719_044949_c6c955a30fc2,experiments/binary_results/binary_20260719_044949_c6c955a30fc2/test_predictions.csv,f0578c61cfb8f0bbef7c58d8ab338b9d31850912e618d5abe81846aa15e5c298,Figure 4
Fig5,IH_ROC,IH,Source MLP,roc_curve,0.07051453455059399,0.4830485489557906,,,,2024,binary_20260719_044949_c6c955a30fc2,binary_20260719_044949_c6c955a30fc2,experiments/binary_results/binary_20260719_044949_c6c955a30fc2/test_predictions.csv,f0578c61cfb8f0bbef7c58d8ab338b9d31850912e618d5abe81846aa15e5c298,Figure 4
Fig5,IH_ROC,IH,Source MLP,roc_curve,0.07230986668703923,0.4879305668565229,,,,2024,binary_20260719_044949_c6c955a30fc2,binary_20260719_044949_c6c955a30fc2,experiments/binary_results/binary_20260719_044949_c6c955a30fc2/test_predictions.csv,f0578c61cfb8f0bbef7c58d8ab338b9d31850912e618d5abe81846aa15e5c298,Figure 4
Fig5,IH_ROC,IH,Source MLP,roc_curve,0.07360861759425494,0.4933550311906699,,,,2024,binary_20260719_044949_c6c955a30fc2,binary_20260719_044949_c6c955a30fc2,experiments/binary_results/binary_20260719_044949_c6c955a30fc2/test_predictions.csv,f0578c61cfb8f0bbef7c58d8ab338b9d31850912e618d5abe81846aa15e5c298,Figure 4
Fig5,IH_ROC,IH,Source MLP,roc_curve,0.07544214828679476,0.4990507187415243,,,,2024,binary_20260719_044949_c6c955a30fc2,binary_20260719_044949_c6c955a30fc2,experiments/binary_results/binary_20260719_044949_c6c955a30fc2/test_predictions.csv,f0578c61cfb8f0bbef7c58d8ab338b9d31850912e618d5abe81846aa15e5c298,Figure 4
Fig5,IH_ROC,IH,Source MLP,roc_curve,0.07784865732075327,0.5039327366422566,,,,2024,binary_20260719_044949_c6c955a30fc2,binary_20260719_044949_c6c955a30fc2,experiments/binary_results/binary_20260719_044949_c6c955a30fc2/test_predictions.csv,f0578c61cfb8f0bbef7c58d8ab338b9d31850912e618d5abe81846aa15e5c298,Figure 4
Fig5,IH_ROC,IH,Source MLP,roc_curve,0.07903281255968525,0.5090859777596962,,,,2024,binary_20260719_044949_c6c955a30fc2,binary_20260719_044949_c6c955a30fc2,experiments/binary_results/binary_20260719_044949_c6c955a30fc2/test_predictions.csv,f0578c61cfb8f0bbef7c58d8ab338b9d31850912e618d5abe81846aa15e5c298,Figure 4
Fig5,IH_ROC,IH,Source MLP,roc_curve,0.08029336491080637,0.5139679956604285,,,,2024,binary_20260719_044949_c6c955a30fc2,binary_20260719_044949_c6c955a30fc2,experiments/binary_results/binary_20260719_044949_c6c955a30fc2/test_predictions.csv,f0578c61cfb8f0bbef7c58d8ab338b9d31850912e618d5abe81846aa15e5c298,Figure 4
Fig5,IH_ROC,IH,Source MLP,roc_curve,0.0828526681691432,0.5180363439110388,,,,2024,binary_20260719_044949_c6c955a30fc2,binary_20260719_044949_c6c955a30fc2,experiments/binary_results/binary_20260719_044949_c6c955a30fc2/test_predictions.csv,f0578c61cfb8f0bbef7c58d8ab338b9d31850912e618d5abe81846aa15e5c298,Figure 4
Fig5,IH_ROC,IH,Source MLP,roc_curve,0.08460980174949387,0.5215622457282343,,,,2024,binary_20260719_044949_c6c955a30fc2,binary_20260719_044949_c6c955a30fc2,experiments/binary_results/binary_20260719_044949_c6c955a30fc2/test_predictions.csv,f0578c61cfb8f0bbef7c58d8ab338b9d31850912e618d5abe81846aa15e5c298,Figure 4
Fig5,IH_ROC,IH,Source MLP,roc_curve,0.08655792811031743,0.5264442636289667,,,,2024,binary_20260719_044949_c6c955a30fc2,binary_20260719_044949_c6c955a30fc2,experiments/binary_results/binary_20260719_044949_c6c955a30fc2/test_predictions.csv,f0578c61cfb8f0bbef7c58d8ab338b9d31850912e618d5abe81846aa15e5c298,Figure 4
Fig5,IH_ROC,IH,Source MLP,roc_curve,0.08877344436380305,0.531326281529699,,,,2024,binary_20260719_044949_c6c955a30fc2,binary_20260719_044949_c6c955a30fc2,experiments/binary_results/binary_20260719_044949_c6c955a30fc2/test_predictions.csv,f0578c61cfb8f0bbef7c58d8ab338b9d31850912e618d5abe81846aa15e5c298,Figure 4
Fig5,IH_ROC,IH,Source MLP,roc_curve,0.0909125635050995,0.536750745863846,,,,2024,binary_20260719_044949_c6c955a30fc2,binary_20260719_044949_c6c955a30fc2,experiments/binary_results/binary_20260719_044949_c6c955a30fc2/test_predictions.csv,f0578c61cfb8f0bbef7c58d8ab338b9d31850912e618d5abe81846aa15e5c298,Figure 4
Fig5,IH_ROC,IH,Source MLP,roc_curve,0.09312807975858513,0.5413615405478709,,,,2024,binary_20260719_044949_c6c955a30fc2,binary_20260719_044949_c6c955a30fc2,experiments/binary_results/binary_20260719_044949_c6c955a30fc2/test_predictions.csv,f0578c61cfb8f0bbef7c58d8ab338b9d31850912e618d5abe81846aa15e5c298,Figure 4
Fig5,IH_ROC,IH,Source MLP,roc_curve,0.09457962489017915,0.5454298887984812,,,,2024,binary_20260719_044949_c6c955a30fc2,binary_20260719_044949_c6c955a30fc2,experiments/binary_results/binary_20260719_044949_c6c955a30fc2/test_predictions.csv,f0578c61cfb8f0bbef7c58d8ab338b9d31850912e618d5abe81846aa15e5c298,Figure 4
Fig5,IH_ROC,IH,Source MLP,roc_curve,0.09622216280224608,0.5505831299159208,,,,2024,binary_20260719_044949_c6c955a30fc2,binary_20260719_044949_c6c955a30fc2,experiments/binary_results/binary_20260719_044949_c6c955a30fc2/test_predictions.csv,f0578c61cfb8f0bbef7c58d8ab338b9d31850912e618d5abe81846aa15e5c298,Figure 4
Fig5,IH_ROC,IH,Source MLP,roc_curve,0.09801749493869132,0.5549227013832384,,,,2024,binary_20260719_044949_c6c955a30fc2,binary_20260719_044949_c6c955a30fc2,experiments/binary_results/binary_20260719_044949_c6c955a30fc2/test_predictions.csv,f0578c61cfb8f0bbef7c58d8ab338b9d31850912e618d5abe81846aa15e5c298,Figure 4
Fig5,IH_ROC,IH,Source MLP,roc_curve,0.0997364299629474,0.5589910496338486,,,,2024,binary_20260719_044949_c6c955a30fc2,binary_20260719_044949_c6c955a30fc2,experiments/binary_results/binary_20260719_044949_c6c955a30fc2/test_predictions.csv,f0578c61cfb8f0bbef7c58d8ab338b9d31850912e618d5abe81846aa15e5c298,Figure 4
Fig5,IH_ROC,IH,Source MLP,roc_curve,0.1019901447725276,0.5633306211011663,,,,2024,binary_20260719_044949_c6c955a30fc2,binary_20260719_044949_c6c955a30fc2,experiments/binary_results/binary_20260719_044949_c6c955a30fc2/test_predictions.csv,f0578c61cfb8f0bbef7c58d8ab338b9d31850912e618d5abe81846aa15e5c298,Figure 4
Fig5,IH_ROC,IH,Source MLP,roc_curve,0.10363268268459452,0.5671277461350691,,,,2024,binary_20260719_044949_c6c955a30fc2,binary_20260719_044949_c6c955a30fc2,experiments/binary_results/binary_20260719_044949_c6c955a30fc2/test_predictions.csv,f0578c61cfb8f0bbef7c58d8ab338b9d31850912e618d5abe81846aa15e5c298,Figure 4
Fig5,IH_ROC,IH,Source MLP,roc_curve,0.10470224225524276,0.5709248711689721,,,,2024,binary_20260719_044949_c6c955a30fc2,binary_20260719_044949_c6c955a30fc2,experiments/binary_results/binary_20260719_044949_c6c955a30fc2/test_predictions.csv,f0578c61cfb8f0bbef7c58d8ab338b9d31850912e618d5abe81846aa15e5c298,Figure 4
Fig5,IH_ROC,IH,Source MLP,roc_curve,0.10691775850872837,0.5758068890697043,,,,2024,binary_20260719_044949_c6c955a30fc2,binary_20260719_044949_c6c955a30fc2,experiments/binary_results/binary_20260719_044949_c6c955a30fc2/test_predictions.csv,f0578c61cfb8f0bbef7c58d8ab338b9d31850912e618d5abe81846aa15e5c298,Figure 4
Fig5,IH_ROC,IH,Source MLP,roc_curve,0.10878948775736277,0.5798752373203147,,,,2024,binary_20260719_044949_c6c955a30fc2,binary_20260719_044949_c6c955a30fc2,experiments/binary_results/binary_20260719_044949_c6c955a30fc2/test_predictions.csv,f0578c61cfb8f0bbef7c58d8ab338b9d31850912e618d5abe81846aa15e5c298,Figure 4
Fig5,IH_ROC,IH,Source MLP,roc_curve,0.11157798235226708,0.5834011391375101,,,,2024,binary_20260719_044949_c6c955a30fc2,binary_20260719_044949_c6c955a30fc2,experiments/binary_results/binary_20260719_044949_c6c955a30fc2/test_predictions.csv,f0578c61cfb8f0bbef7c58d8ab338b9d31850912e618d5abe81846aa15e5c298,Figure 4
Fig5,IH_ROC,IH,Source MLP,roc_curve,0.11295313037167196,0.5888256034716571,,,,2024,binary_20260719_044949_c6c955a30fc2,binary_20260719_044949_c6c955a30fc2,experiments/binary_results/binary_20260719_044949_c6c955a30fc2/test_predictions.csv,f0578c61cfb8f0bbef7c58d8ab338b9d31850912e618d5abe81846aa15e5c298,Figure 4
Fig5,IH_ROC,IH,Source MLP,roc_curve,0.1145574697276443,0.5931651749389748,,,,2024,binary_20260719_044949_c6c955a30fc2,binary_20260719_044949_c6c955a30fc2,experiments/binary_results/binary_20260719_044949_c6c955a30fc2/test_predictions.csv,f0578c61cfb8f0bbef7c58d8ab338b9d31850912e618d5abe81846aa15e5c298,Figure 4
Fig5,IH_ROC,IH,Source MLP,roc_curve,0.11658199320065701,0.597233523189585,,,,2024,binary_20260719_044949_c6c955a30fc2,binary_20260719_044949_c6c955a30fc2,experiments/binary_results/binary_20260719_044949_c6c955a30fc2/test_predictions.csv,f0578c61cfb8f0bbef7c58d8ab338b9d31850912e618d5abe81846aa15e5c298,Figure 4
Fig5,IH_ROC,IH,Source MLP,roc_curve,0.11948508346384507,0.6015730946569027,,,,2024,binary_20260719_044949_c6c955a30fc2,binary_20260719_044949_c6c955a30fc2,experiments/binary_results/binary_20260719_044949_c6c955a30fc2/test_predictions.csv,f0578c61cfb8f0bbef7c58d8ab338b9d31850912e618d5abe81846aa15e5c298,Figure 4
Fig5,IH_ROC,IH,Source MLP,roc_curve,0.12120401848810115,0.6067263357743423,,,,2024,binary_20260719_044949_c6c955a30fc2,binary_20260719_044949_c6c955a30fc2,experiments/binary_results/binary_20260719_044949_c6c955a30fc2/test_predictions.csv,f0578c61cfb8f0bbef7c58d8ab338b9d31850912e618d5abe81846aa15e5c298,Figure 4
Fig5,IH_ROC,IH,Source MLP,roc_curve,0.12296115206845182,0.6105234608082452,,,,2024,binary_20260719_044949_c6c955a30fc2,binary_20260719_044949_c6c955a30fc2,experiments/binary_results/binary_20260719_044949_c6c955a30fc2/test_predictions.csv,f0578c61cfb8f0bbef7c58d8ab338b9d31850912e618d5abe81846aa15e5c298,Figure 4
Fig5,IH_ROC,IH,Source MLP,roc_curve,0.12529126399022117,0.6143205858421481,,,,2024,binary_20260719_044949_c6c955a30fc2,binary_20260719_044949_c6c955a30fc2,experiments/binary_results/binary_20260719_044949_c6c955a30fc2/test_predictions.csv,f0578c61cfb8f0bbef7c58d8ab338b9d31850912e618d5abe81846aa15e5c298,Figure 4
Fig5,IH_ROC,IH,Source MLP,roc_curve,0.12884372970701707,0.6186601573094657,,,,2024,binary_20260719_044949_c6c955a30fc2,binary_20260719_044949_c6c955a30fc2,experiments/binary_results/binary_20260719_044949_c6c955a30fc2/test_predictions.csv,f0578c61cfb8f0bbef7c58d8ab338b9d31850912e618d5abe81846aa15e5c298,Figure 4
Fig5,IH_ROC,IH,Source MLP,roc_curve,0.1320142098628672,0.622728505560076,,,,2024,binary_20260719_044949_c6c955a30fc2,binary_20260719_044949_c6c955a30fc2,experiments/binary_results/binary_20260719_044949_c6c955a30fc2/test_predictions.csv,f0578c61cfb8f0bbef7c58d8ab338b9d31850912e618d5abe81846aa15e5c298,Figure 4
Fig5,IH_ROC,IH,Source MLP,roc_curve,0.13361854921883953,0.6270680770273935,,,,2024,binary_20260719_044949_c6c955a30fc2,binary_20260719_044949_c6c955a30fc2,experiments/binary_results/binary_20260719_044949_c6c955a30fc2/test_predictions.csv,f0578c61cfb8f0bbef7c58d8ab338b9d31850912e618d5abe81846aa15e5c298,Figure 4
Fig5,IH_ROC,IH,Source MLP,roc_curve,0.1357194698040414,0.6311364252780038,,,,2024,binary_20260719_044949_c6c955a30fc2,binary_20260719_044949_c6c955a30fc2,experiments/binary_results/binary_20260719_044949_c6c955a30fc2/test_predictions.csv,f0578c61cfb8f0bbef7c58d8ab338b9d31850912e618d5abe81846aa15e5c298,Figure 4
Fig5,IH_ROC,IH,Source MLP,roc_curve,0.13762939760877038,0.635204773528614,,,,2024,binary_20260719_044949_c6c955a30fc2,binary_20260719_044949_c6c955a30fc2,experiments/binary_results/binary_20260719_044949_c6c955a30fc2/test_predictions.csv,f0578c61cfb8f0bbef7c58d8ab338b9d31850912e618d5abe81846aa15e5c298,Figure 4
Fig5,IH_ROC,IH,Source MLP,roc_curve,0.1396921196378777,0.6392731217792244,,,,2024,binary_20260719_044949_c6c955a30fc2,binary_20260719_044949_c6c955a30fc2,experiments/binary_results/binary_20260719_044949_c6c955a30fc2/test_predictions.csv,f0578c61cfb8f0bbef7c58d8ab338b9d31850912e618d5abe81846aa15e5c298,Figure 4
Fig5,IH_ROC,IH,Source MLP,roc_curve,0.14286259979372778,0.6436126932465419,,,,2024,binary_20260719_044949_c6c955a30fc2,binary_20260719_044949_c6c955a30fc2,experiments/binary_results/binary_20260719_044949_c6c955a30fc2/test_predictions.csv,f0578c61cfb8f0bbef7c58d8ab338b9d31850912e618d5abe81846aa15e5c298,Figure 4
Fig5,IH_ROC,IH,Source MLP,roc_curve,0.14519271171549716,0.6484947111472742,,,,2024,binary_20260719_044949_c6c955a30fc2,binary_20260719_044949_c6c955a30fc2,experiments/binary_results/binary_20260719_044949_c6c955a30fc2/test_predictions.csv,f0578c61cfb8f0bbef7c58d8ab338b9d31850912e618d5abe81846aa15e5c298,Figure 4
Fig5,IH_ROC,IH,Source MLP,roc_curve,0.14683524962756409,0.6520206129644698,,,,2024,binary_20260719_044949_c6c955a30fc2,binary_20260719_044949_c6c955a30fc2,experiments/binary_results/binary_20260719_044949_c6c955a30fc2/test_predictions.csv,f0578c61cfb8f0bbef7c58d8ab338b9d31850912e618d5abe81846aa15e5c298,Figure 4
Fig5,IH_ROC,IH,Source MLP,roc_curve,0.14889797165667137,0.6569026308652021,,,,2024,binary_20260719_044949_c6c955a30fc2,binary_20260719_044949_c6c955a30fc2,experiments/binary_results/binary_20260719_044949_c6c955a30fc2/test_predictions.csv,f0578c61cfb8f0bbef7c58d8ab338b9d31850912e618d5abe81846aa15e5c298,Figure 4
Fig5,IH_ROC,IH,Source MLP,roc_curve,0.1505405095687383,0.6609709791158123,,,,2024,binary_20260719_044949_c6c955a30fc2,binary_20260719_044949_c6c955a30fc2,experiments/binary_results/binary_20260719_044949_c6c955a30fc2/test_predictions.csv,f0578c61cfb8f0bbef7c58d8ab338b9d31850912e618d5abe81846aa15e5c298,Figure 4
Fig5,IH_ROC,IH,Source MLP,roc_curve,0.15294701860269683,0.6650393273664226,,,,2024,binary_20260719_044949_c6c955a30fc2,binary_20260719_044949_c6c955a30fc2,experiments/binary_results/binary_20260719_044949_c6c955a30fc2/test_predictions.csv,f0578c61cfb8f0bbef7c58d8ab338b9d31850912e618d5abe81846aa15e5c298,Figure 4
Fig5,IH_ROC,IH,Source MLP,roc_curve,0.1553917261927499,0.6691076756170328,,,,2024,binary_20260719_044949_c6c955a30fc2,binary_20260719_044949_c6c955a30fc2,experiments/binary_results/binary_20260719_044949_c6c955a30fc2/test_predictions.csv,f0578c61cfb8f0bbef7c58d8ab338b9d31850912e618d5abe81846aa15e5c298,Figure 4
Fig5,IH_ROC,IH,Source MLP,roc_curve,0.1580274265632759,0.672362354217521,,,,2024,binary_20260719_044949_c6c955a30fc2,binary_20260719_044949_c6c955a30fc2,experiments/binary_results/binary_20260719_044949_c6c955a30fc2/test_predictions.csv,f0578c61cfb8f0bbef7c58d8ab338b9d31850912e618d5abe81846aa15e5c298,Figure 4
Fig5,IH_ROC,IH,Source MLP,roc_curve,0.15966996447534282,0.6758882560347166,,,,2024,binary_20260719_044949_c6c955a30fc2,binary_20260719_044949_c6c955a30fc2,experiments/binary_results/binary_20260719_044949_c6c955a30fc2/test_predictions.csv,f0578c61cfb8f0bbef7c58d8ab338b9d31850912e618d5abe81846aa15e5c298,Figure 4
Fig5,IH_ROC,IH,Source MLP,roc_curve,0.16165628939226098,0.6794141578519122,,,,2024,binary_20260719_044949_c6c955a30fc2,binary_20260719_044949_c6c955a30fc2,experiments/binary_results/binary_20260719_044949_c6c955a30fc2/test_predictions.csv,f0578c61cfb8f0bbef7c58d8ab338b9d31850912e618d5abe81846aa15e5c298,Figure 4
Fig5,IH_ROC,IH,Source MLP,roc_curve,0.16444478398716528,0.683211282885815,,,,2024,binary_20260719_044949_c6c955a30fc2,binary_20260719_044949_c6c955a30fc2,experiments/binary_results/binary_20260719_044949_c6c955a30fc2/test_predictions.csv,f0578c61cfb8f0bbef7c58d8ab338b9d31850912e618d5abe81846aa15e5c298,Figure 4
Fig5,IH_ROC,IH,Source MLP,roc_curve,0.16566713778219183,0.6878220775698399,,,,2024,binary_20260719_044949_c6c955a30fc2,binary_20260719_044949_c6c955a30fc2,experiments/binary_results/binary_20260719_044949_c6c955a30fc2/test_predictions.csv,f0578c61cfb8f0bbef7c58d8ab338b9d31850912e618d5abe81846aa15e5c298,Figure 4
Fig5,IH_ROC,IH,Source MLP,roc_curve,0.16822644104052867,0.6913479793870355,,,,2024,binary_20260719_044949_c6c955a30fc2,binary_20260719_044949_c6c955a30fc2,experiments/binary_results/binary_20260719_044949_c6c955a30fc2/test_predictions.csv,f0578c61cfb8f0bbef7c58d8ab338b9d31850912e618d5abe81846aa15e5c298,Figure 4
Fig5,IH_ROC,IH,Source MLP,roc_curve,0.1715497154207571,0.6962299972877678,,,,2024,binary_20260719_044949_c6c955a30fc2,binary_20260719_044949_c6c955a30fc2,experiments/binary_results/binary_20260719_044949_c6c955a30fc2/test_predictions.csv,f0578c61cfb8f0bbef7c58d8ab338b9d31850912e618d5abe81846aa15e5c298,Figure 4
Fig5,IH_ROC,IH,Source MLP,roc_curve,0.17365063600595898,0.7008407919717928,,,,2024,binary_20260719_044949_c6c955a30fc2,binary_20260719_044949_c6c955a30fc2,experiments/binary_results/binary_20260719_044949_c6c955a30fc2/test_predictions.csv,f0578c61cfb8f0bbef7c58d8ab338b9d31850912e618d5abe81846aa15e5c298,Figure 4
Fig5,IH_ROC,IH,Source MLP,roc_curve,0.17666832193743076,0.7046379170056957,,,,2024,binary_20260719_044949_c6c955a30fc2,binary_20260719_044949_c6c955a30fc2,experiments/binary_results/binary_20260719_044949_c6c955a30fc2/test_predictions.csv,f0578c61cfb8f0bbef7c58d8ab338b9d31850912e618d5abe81846aa15e5c298,Figure 4
Fig5,IH_ROC,IH,Source MLP,roc_curve,0.1790366324152947,0.7092487116897206,,,,2024,binary_20260719_044949_c6c955a30fc2,binary_20260719_044949_c6c955a30fc2,experiments/binary_results/binary_20260719_044949_c6c955a30fc2/test_predictions.csv,f0578c61cfb8f0bbef7c58d8ab338b9d31850912e618d5abe81846aa15e5c298,Figure 4
Fig5,IH_ROC,IH,Source MLP,roc_curve,0.18159593567363153,0.7133170599403309,,,,2024,binary_20260719_044949_c6c955a30fc2,binary_20260719_044949_c6c955a30fc2,experiments/binary_results/binary_20260719_044949_c6c955a30fc2/test_predictions.csv,f0578c61cfb8f0bbef7c58d8ab338b9d31850912e618d5abe81846aa15e5c298,Figure 4
Fig5,IH_ROC,IH,Source MLP,roc_curve,0.18438443026853585,0.7168429617575265,,,,2024,binary_20260719_044949_c6c955a30fc2,binary_20260719_044949_c6c955a30fc2,experiments/binary_results/binary_20260719_044949_c6c955a30fc2/test_predictions.csv,f0578c61cfb8f0bbef7c58d8ab338b9d31850912e618d5abe81846aa15e5c298,Figure 4
Fig5,IH_ROC,IH,Source MLP,roc_curve,0.18797509454142633,0.7206400867914293,,,,2024,binary_20260719_044949_c6c955a30fc2,binary_20260719_044949_c6c955a30fc2,experiments/binary_results/binary_20260719_044949_c6c955a30fc2/test_predictions.csv,f0578c61cfb8f0bbef7c58d8ab338b9d31850912e618d5abe81846aa15e5c298,Figure 4
Fig5,IH_ROC,IH,Source MLP,roc_curve,0.1906871920241415,0.7247084350420396,,,,2024,binary_20260719_044949_c6c955a30fc2,binary_20260719_044949_c6c955a30fc2,experiments/binary_results/binary_20260719_044949_c6c955a30fc2/test_predictions.csv,f0578c61cfb8f0bbef7c58d8ab338b9d31850912e618d5abe81846aa15e5c298,Figure 4
Fig5,IH_ROC,IH,Source MLP,roc_curve,0.19359028228732955,0.7287767832926498,,,,2024,binary_20260719_044949_c6c955a30fc2,binary_20260719_044949_c6c955a30fc2,experiments/binary_results/binary_20260719_044949_c6c955a30fc2/test_predictions.csv,f0578c61cfb8f0bbef7c58d8ab338b9d31850912e618d5abe81846aa15e5c298,Figure 4
Fig5,IH_ROC,IH,Source MLP,roc_curve,0.19771572634554413,0.7323026851098454,,,,2024,binary_20260719_044949_c6c955a30fc2,binary_20260719_044949_c6c955a30fc2,experiments/binary_results/binary_20260719_044949_c6c955a30fc2/test_predictions.csv,f0578c61cfb8f0bbef7c58d8ab338b9d31850912e618d5abe81846aa15e5c298,Figure 4
Fig5,IH_ROC,IH,Source MLP,roc_curve,0.19977844837465145,0.7369134797938703,,,,2024,binary_20260719_044949_c6c955a30fc2,binary_20260719_044949_c6c955a30fc2,experiments/binary_results/binary_20260719_044949_c6c955a30fc2/test_predictions.csv,f0578c61cfb8f0bbef7c58d8ab338b9d31850912e618d5abe81846aa15e5c298,Figure 4
Fig5,IH_ROC,IH,Source MLP,roc_curve,0.2035983039841094,0.7398969351776512,,,,2024,binary_20260719_044949_c6c955a30fc2,binary_20260719_044949_c6c955a30fc2,experiments/binary_results/binary_20260719_044949_c6c955a30fc2/test_predictions.csv,f0578c61cfb8f0bbef7c58d8ab338b9d31850912e618d5abe81846aa15e5c298,Figure 4
Fig5,IH_ROC,IH,Source MLP,roc_curve,0.2082967263837427,0.7447789530783835,,,,2024,binary_20260719_044949_c6c955a30fc2,binary_20260719_044949_c6c955a30fc2,experiments/binary_results/binary_20260719_044949_c6c955a30fc2/test_predictions.csv,f0578c61cfb8f0bbef7c58d8ab338b9d31850912e618d5abe81846aa15e5c298,Figure 4
Fig5,IH_ROC,IH,Source MLP,roc_curve,0.21139080942740365,0.7485760781122864,,,,2024,binary_20260719_044949_c6c955a30fc2,binary_20260719_044949_c6c955a30fc2,experiments/binary_results/binary_20260719_044949_c6c955a30fc2/test_predictions.csv,f0578c61cfb8f0bbef7c58d8ab338b9d31850912e618d5abe81846aa15e5c298,Figure 4
Fig5,IH_ROC,IH,Source MLP,roc_curve,0.21437029680278086,0.7523732031461893,,,,2024,binary_20260719_044949_c6c955a30fc2,binary_20260719_044949_c6c955a30fc2,experiments/binary_results/binary_20260719_044949_c6c955a30fc2/test_predictions.csv,f0578c61cfb8f0bbef7c58d8ab338b9d31850912e618d5abe81846aa15e5c298,Figure 4
Fig5,IH_ROC,IH,Source MLP,roc_curve,0.21876313075365753,0.7558991049633849,,,,2024,binary_20260719_044949_c6c955a30fc2,binary_20260719_044949_c6c955a30fc2,experiments/binary_results/binary_20260719_044949_c6c955a30fc2/test_predictions.csv,f0578c61cfb8f0bbef7c58d8ab338b9d31850912e618d5abe81846aa15e5c298,Figure 4
Fig5,IH_ROC,IH,Source MLP,roc_curve,0.2219718094656022,0.7607811228641171,,,,2024,binary_20260719_044949_c6c955a30fc2,binary_20260719_044949_c6c955a30fc2,experiments/binary_results/binary_20260719_044949_c6c955a30fc2/test_predictions.csv,f0578c61cfb8f0bbef7c58d8ab338b9d31850912e618d5abe81846aa15e5c298,Figure 4
Fig5,IH_ROC,IH,Source MLP,roc_curve,0.2255624737384927,0.7640358014646054,,,,2024,binary_20260719_044949_c6c955a30fc2,binary_20260719_044949_c6c955a30fc2,experiments/binary_results/binary_20260719_044949_c6c955a30fc2/test_predictions.csv,f0578c61cfb8f0bbef7c58d8ab338b9d31850912e618d5abe81846aa15e5c298,Figure 4
Fig5,IH_ROC,IH,Source MLP,roc_curve,0.22880935100653196,0.767561703281801,,,,2024,binary_20260719_044949_c6c955a30fc2,binary_20260719_044949_c6c955a30fc2,experiments/binary_results/binary_20260719_044949_c6c955a30fc2/test_predictions.csv,f0578c61cfb8f0bbef7c58d8ab338b9d31850912e618d5abe81846aa15e5c298,Figure 4
Fig5,IH_ROC,IH,Source MLP,roc_curve,0.23087207303563925,0.7708163818822891,,,,2024,binary_20260719_044949_c6c955a30fc2,binary_20260719_044949_c6c955a30fc2,experiments/binary_results/binary_20260719_044949_c6c955a30fc2/test_predictions.csv,f0578c61cfb8f0bbef7c58d8ab338b9d31850912e618d5abe81846aa15e5c298,Figure 4
Fig5,IH_ROC,IH,Source MLP,roc_curve,0.2345009358646243,0.7751559533496067,,,,2024,binary_20260719_044949_c6c955a30fc2,binary_20260719_044949_c6c955a30fc2,experiments/binary_results/binary_20260719_044949_c6c955a30fc2/test_predictions.csv,f0578c61cfb8f0bbef7c58d8ab338b9d31850912e618d5abe81846aa15e5c298,Figure 4
Fig5,IH_ROC,IH,Source MLP,roc_curve,0.23912296115206846,0.7781394087333876,,,,2024,binary_20260719_044949_c6c955a30fc2,binary_20260719_044949_c6c955a30fc2,experiments/binary_results/binary_20260719_044949_c6c955a30fc2/test_predictions.csv,f0578c61cfb8f0bbef7c58d8ab338b9d31850912e618d5abe81846aa15e5c298,Figure 4
Fig5,IH_ROC,IH,Source MLP,roc_curve,0.2446617517857825,0.7824789802007052,,,,2024,binary_20260719_044949_c6c955a30fc2,binary_20260719_044949_c6c955a30fc2,experiments/binary_results/binary_20260719_044949_c6c955a30fc2/test_predictions.csv,f0578c61cfb8f0bbef7c58d8ab338b9d31850912e618d5abe81846aa15e5c298,Figure 4
Fig5,IH_ROC,IH,Source MLP,roc_curve,0.24725925360021392,0.7862761052346081,,,,2024,binary_20260719_044949_c6c955a30fc2,binary_20260719_044949_c6c955a30fc2,experiments/binary_results/binary_20260719_044949_c6c955a30fc2/test_predictions.csv,f0578c61cfb8f0bbef7c58d8ab338b9d31850912e618d5abe81846aa15e5c298,Figure 4
Fig5,IH_ROC,IH,Source MLP,roc_curve,0.25241605867298217,0.7895307838350963,,,,2024,binary_20260719_044949_c6c955a30fc2,binary_20260719_044949_c6c955a30fc2,experiments/binary_results/binary_20260719_044949_c6c955a30fc2/test_predictions.csv,f0578c61cfb8f0bbef7c58d8ab338b9d31850912e618d5abe81846aa15e5c298,Figure 4
Fig5,IH_ROC,IH,Source MLP,roc_curve,0.2560067229458726,0.7935991320857065,,,,2024,binary_20260719_044949_c6c955a30fc2,binary_20260719_044949_c6c955a30fc2,experiments/binary_results/binary_20260719_044949_c6c955a30fc2/test_predictions.csv,f0578c61cfb8f0bbef7c58d8ab338b9d31850912e618d5abe81846aa15e5c298,Figure 4
Fig5,IH_ROC,IH,Source MLP,roc_curve,0.26009396844799265,0.7973962571196095,,,,2024,binary_20260719_044949_c6c955a30fc2,binary_20260719_044949_c6c955a30fc2,experiments/binary_results/binary_20260719_044949_c6c955a30fc2/test_predictions.csv,f0578c61cfb8f0bbef7c58d8ab338b9d31850912e618d5abe81846aa15e5c298,Figure 4
Fig5,IH_ROC,IH,Source MLP,roc_curve,0.2659765460865579,0.801735828586927,,,,2024,binary_20260719_044949_c6c955a30fc2,binary_20260719_044949_c6c955a30fc2,experiments/binary_results/binary_20260719_044949_c6c955a30fc2/test_predictions.csv,f0578c61cfb8f0bbef7c58d8ab338b9d31850912e618d5abe81846aa15e5c298,Figure 4
Fig5,IH_ROC,IH,Source MLP,roc_curve,0.27006379158867794,0.80553295362083,,,,2024,binary_20260719_044949_c6c955a30fc2,binary_20260719_044949_c6c955a30fc2,experiments/binary_results/binary_20260719_044949_c6c955a30fc2/test_predictions.csv,f0578c61cfb8f0bbef7c58d8ab338b9d31850912e618d5abe81846aa15e5c298,Figure 4
Fig5,IH_ROC,IH,Source MLP,roc_curve,0.27350166163719014,0.8085164090046107,,,,2024,binary_20260719_044949_c6c955a30fc2,binary_20260719_044949_c6c955a30fc2,experiments/binary_results/binary_20260719_044949_c6c955a30fc2/test_predictions.csv,f0578c61cfb8f0bbef7c58d8ab338b9d31850912e618d5abe81846aa15e5c298,Figure 4
Fig5,IH_ROC,IH,Source MLP,roc_curve,0.2769395316857023,0.8123135340385137,,,,2024,binary_20260719_044949_c6c955a30fc2,binary_20260719_044949_c6c955a30fc2,experiments/binary_results/binary_20260719_044949_c6c955a30fc2/test_predictions.csv,f0578c61cfb8f0bbef7c58d8ab338b9d31850912e618d5abe81846aa15e5c298,Figure 4
Fig5,IH_ROC,IH,Source MLP,roc_curve,0.28053019595859274,0.8158394358557093,,,,2024,binary_20260719_044949_c6c955a30fc2,binary_20260719_044949_c6c955a30fc2,experiments/binary_results/binary_20260719_044949_c6c955a30fc2/test_predictions.csv,f0578c61cfb8f0bbef7c58d8ab338b9d31850912e618d5abe81846aa15e5c298,Figure 4
Fig5,IH_ROC,IH,Source MLP,roc_curve,0.28373887467053743,0.8190941144561974,,,,2024,binary_20260719_044949_c6c955a30fc2,binary_20260719_044949_c6c955a30fc2,experiments/binary_results/binary_20260719_044949_c6c955a30fc2/test_predictions.csv,f0578c61cfb8f0bbef7c58d8ab338b9d31850912e618d5abe81846aa15e5c298,Figure 4
Fig5,IH_ROC,IH,Source MLP,roc_curve,0.2873677374995225,0.822620016273393,,,,2024,binary_20260719_044949_c6c955a30fc2,binary_20260719_044949_c6c955a30fc2,experiments/binary_results/binary_20260719_044949_c6c955a30fc2/test_predictions.csv,f0578c61cfb8f0bbef7c58d8ab338b9d31850912e618d5abe81846aa15e5c298,Figure 4
Fig5,IH_ROC,IH,Source MLP,roc_curve,0.29168417433821003,0.8261459180905886,,,,2024,binary_20260719_044949_c6c955a30fc2,binary_20260719_044949_c6c955a30fc2,experiments/binary_results/binary_20260719_044949_c6c955a30fc2/test_predictions.csv,f0578c61cfb8f0bbef7c58d8ab338b9d31850912e618d5abe81846aa15e5c298,Figure 4
Fig5,IH_ROC,IH,Source MLP,roc_curve,0.29577141984033006,0.8291293734743694,,,,2024,binary_20260719_044949_c6c955a30fc2,binary_20260719_044949_c6c955a30fc2,experiments/binary_results/binary_20260719_044949_c6c955a30fc2/test_predictions.csv,f0578c61cfb8f0bbef7c58d8ab338b9d31850912e618d5abe81846aa15e5c298,Figure 4
Fig5,IH_ROC,IH,Source MLP,roc_curve,0.29970587111807173,0.8331977217249796,,,,2024,binary_20260719_044949_c6c955a30fc2,binary_20260719_044949_c6c955a30fc2,experiments/binary_results/binary_20260719_044949_c6c955a30fc2/test_predictions.csv,f0578c61cfb8f0bbef7c58d8ab338b9d31850912e618d5abe81846aa15e5c298,Figure 4
Fig5,IH_ROC,IH,Source MLP,roc_curve,0.30364032239581346,0.8369948467588826,,,,2024,binary_20260719_044949_c6c955a30fc2,binary_20260719_044949_c6c955a30fc2,experiments/binary_results/binary_20260719_044949_c6c955a30fc2/test_predictions.csv,f0578c61cfb8f0bbef7c58d8ab338b9d31850912e618d5abe81846aa15e5c298,Figure 4
Fig5,IH_ROC,IH,Source MLP,roc_curve,0.31131823217082394,0.8402495253593708,,,,2024,binary_20260719_044949_c6c955a30fc2,binary_20260719_044949_c6c955a30fc2,experiments/binary_results/binary_20260719_044949_c6c955a30fc2/test_predictions.csv,f0578c61cfb8f0bbef7c58d8ab338b9d31850912e618d5abe81846aa15e5c298,Figure 4
Fig5,IH_ROC,IH,Source MLP,roc_curve,0.31601665457045724,0.8448603200433957,,,,2024,binary_20260719_044949_c6c955a30fc2,binary_20260719_044949_c6c955a30fc2,experiments/binary_results/binary_20260719_044949_c6c955a30fc2/test_predictions.csv,f0578c61cfb8f0bbef7c58d8ab338b9d31850912e618d5abe81846aa15e5c298,Figure 4
Fig5,IH_ROC,IH,Source MLP,roc_curve,0.32308338744795445,0.848114998643884,,,,2024,binary_20260719_044949_c6c955a30fc2,binary_20260719_044949_c6c955a30fc2,experiments/binary_results/binary_20260719_044949_c6c955a30fc2/test_predictions.csv,f0578c61cfb8f0bbef7c58d8ab338b9d31850912e618d5abe81846aa15e5c298,Figure 4
Fig5,IH_ROC,IH,Source MLP,roc_curve,0.33037931166201917,0.8513696772443721,,,,2024,binary_20260719_044949_c6c955a30fc2,binary_20260719_044949_c6c955a30fc2,experiments/binary_results/binary_20260719_044949_c6c955a30fc2/test_predictions.csv,f0578c61cfb8f0bbef7c58d8ab338b9d31850912e618d5abe81846aa15e5c298,Figure 4
Fig5,IH_ROC,IH,Source MLP,roc_curve,0.3357271095152603,0.8546243558448603,,,,2024,binary_20260719_044949_c6c955a30fc2,binary_20260719_044949_c6c955a30fc2,experiments/binary_results/binary_20260719_044949_c6c955a30fc2/test_predictions.csv,f0578c61cfb8f0bbef7c58d8ab338b9d31850912e618d5abe81846aa15e5c298,Figure 4
Fig5,IH_ROC,IH,Source MLP,roc_curve,0.34031093624660985,0.8584214808787632,,,,2024,binary_20260719_044949_c6c955a30fc2,binary_20260719_044949_c6c955a30fc2,experiments/binary_results/binary_20260719_044949_c6c955a30fc2/test_predictions.csv,f0578c61cfb8f0bbef7c58d8ab338b9d31850912e618d5abe81846aa15e5c298,Figure 4
Fig5,IH_ROC,IH,Source MLP,roc_curve,0.3444363803048245,0.8616761594792515,,,,2024,binary_20260719_044949_c6c955a30fc2,binary_20260719_044949_c6c955a30fc2,experiments/binary_results/binary_20260719_044949_c6c955a30fc2/test_predictions.csv,f0578c61cfb8f0bbef7c58d8ab338b9d31850912e618d5abe81846aa15e5c298,Figure 4
Fig5,IH_ROC,IH,Source MLP,roc_curve,0.34986057527025477,0.8649308380797396,,,,2024,binary_20260719_044949_c6c955a30fc2,binary_20260719_044949_c6c955a30fc2,experiments/binary_results/binary_20260719_044949_c6c955a30fc2/test_predictions.csv,f0578c61cfb8f0bbef7c58d8ab338b9d31850912e618d5abe81846aa15e5c298,Figure 4
Fig5,IH_ROC,IH,Source MLP,roc_curve,0.3560487413575767,0.8687279631136425,,,,2024,binary_20260719_044949_c6c955a30fc2,binary_20260719_044949_c6c955a30fc2,experiments/binary_results/binary_20260719_044949_c6c955a30fc2/test_predictions.csv,f0578c61cfb8f0bbef7c58d8ab338b9d31850912e618d5abe81846aa15e5c298,Figure 4
Fig5,IH_ROC,IH,Source MLP,roc_curve,0.36047977386454794,0.8717114184974234,,,,2024,binary_20260719_044949_c6c955a30fc2,binary_20260719_044949_c6c955a30fc2,experiments/binary_results/binary_20260719_044949_c6c955a30fc2/test_predictions.csv,f0578c61cfb8f0bbef7c58d8ab338b9d31850912e618d5abe81846aa15e5c298,Figure 4
Fig5,IH_ROC,IH,Source MLP,roc_curve,0.3665533442835861,0.8755085435313262,,,,2024,binary_20260719_044949_c6c955a30fc2,binary_20260719_044949_c6c955a30fc2,experiments/binary_results/binary_20260719_044949_c6c955a30fc2/test_predictions.csv,f0578c61cfb8f0bbef7c58d8ab338b9d31850912e618d5abe81846aa15e5c298,Figure 4
Fig5,IH_ROC,IH,Source MLP,roc_curve,0.37369647427327246,0.8798481149986439,,,,2024,binary_20260719_044949_c6c955a30fc2,binary_20260719_044949_c6c955a30fc2,experiments/binary_results/binary_20260719_044949_c6c955a30fc2/test_predictions.csv,f0578c61cfb8f0bbef7c58d8ab338b9d31850912e618d5abe81846aa15e5c298,Figure 4
Fig5,IH_ROC,IH,Source MLP,roc_curve,0.3777837197753925,0.8831027935991321,,,,2024,binary_20260719_044949_c6c955a30fc2,binary_20260719_044949_c6c955a30fc2,experiments/binary_results/binary_20260719_044949_c6c955a30fc2/test_predictions.csv,f0578c61cfb8f0bbef7c58d8ab338b9d31850912e618d5abe81846aa15e5c298,Figure 4
Fig5,IH_ROC,IH,Source MLP,roc_curve,0.3866075862332404,0.8874423650664497,,,,2024,binary_20260719_044949_c6c955a30fc2,binary_20260719_044949_c6c955a30fc2,experiments/binary_results/binary_20260719_044949_c6c955a30fc2/test_predictions.csv,f0578c61cfb8f0bbef7c58d8ab338b9d31850912e618d5abe81846aa15e5c298,Figure 4
Fig5,IH_ROC,IH,Source MLP,roc_curve,0.39210817831085987,0.8915107133170599,,,,2024,binary_20260719_044949_c6c955a30fc2,binary_20260719_044949_c6c955a30fc2,experiments/binary_results/binary_20260719_044949_c6c955a30fc2/test_predictions.csv,f0578c61cfb8f0bbef7c58d8ab338b9d31850912e618d5abe81846aa15e5c298,Figure 4
Fig5,IH_ROC,IH,Source MLP,roc_curve,0.3963100194812636,0.8944941687008408,,,,2024,binary_20260719_044949_c6c955a30fc2,binary_20260719_044949_c6c955a30fc2,experiments/binary_results/binary_20260719_044949_c6c955a30fc2/test_predictions.csv,f0578c61cfb8f0bbef7c58d8ab338b9d31850912e618d5abe81846aa15e5c298,Figure 4
Fig5,IH_ROC,IH,Source MLP,roc_curve,0.40318575957828795,0.8980200705180363,,,,2024,binary_20260719_044949_c6c955a30fc2,binary_20260719_044949_c6c955a30fc2,experiments/binary_results/binary_20260719_044949_c6c955a30fc2/test_predictions.csv,f0578c61cfb8f0bbef7c58d8ab338b9d31850912e618d5abe81846aa15e5c298,Figure 4
Fig5,IH_ROC,IH,Source MLP,roc_curve,0.41254440582145996,0.9010035259018172,,,,2024,binary_20260719_044949_c6c955a30fc2,binary_20260719_044949_c6c955a30fc2,experiments/binary_results/binary_20260719_044949_c6c955a30fc2/test_predictions.csv,f0578c61cfb8f0bbef7c58d8ab338b9d31850912e618d5abe81846aa15e5c298,Figure 4
Fig5,IH_ROC,IH,Source MLP,roc_curve,0.4163642614309179,0.9045294277190128,,,,2024,binary_20260719_044949_c6c955a30fc2,binary_20260719_044949_c6c955a30fc2,experiments/binary_results/binary_20260719_044949_c6c955a30fc2/test_predictions.csv,f0578c61cfb8f0bbef7c58d8ab338b9d31850912e618d5abe81846aa15e5c298,Figure 4
Fig5,IH_ROC,IH,Source MLP,roc_curve,0.4221322434011994,0.9080553295362084,,,,2024,binary_20260719_044949_c6c955a30fc2,binary_20260719_044949_c6c955a30fc2,experiments/binary_results/binary_20260719_044949_c6c955a30fc2/test_predictions.csv,f0578c61cfb8f0bbef7c58d8ab338b9d31850912e618d5abe81846aa15e5c298,Figure 4
Fig5,IH_ROC,IH,Source MLP,roc_curve,0.43332442033691126,0.9107675617032818,,,,2024,binary_20260719_044949_c6c955a30fc2,binary_20260719_044949_c6c955a30fc2,experiments/binary_results/binary_20260719_044949_c6c955a30fc2/test_predictions.csv,f0578c61cfb8f0bbef7c58d8ab338b9d31850912e618d5abe81846aa15e5c298,Figure 4
Fig5,IH_ROC,IH,Source MLP,roc_curve,0.43744986439512584,0.9142934635204774,,,,2024,binary_20260719_044949_c6c955a30fc2,binary_20260719_044949_c6c955a30fc2,experiments/binary_results/binary_20260719_044949_c6c955a30fc2/test_predictions.csv,f0578c61cfb8f0bbef7c58d8ab338b9d31850912e618d5abe81846aa15e5c298,Figure 4
Fig5,IH_ROC,IH,Source MLP,roc_curve,0.4445165972726231,0.9178193653376728,,,,2024,binary_20260719_044949_c6c955a30fc2,binary_20260719_044949_c6c955a30fc2,experiments/binary_results/binary_20260719_044949_c6c955a30fc2/test_predictions.csv,f0578c61cfb8f0bbef7c58d8ab338b9d31850912e618d5abe81846aa15e5c298,Figure 4
Fig5,IH_ROC,IH,Source MLP,roc_curve,0.45360785362313305,0.9210740439381612,,,,2024,binary_20260719_044949_c6c955a30fc2,binary_20260719_044949_c6c955a30fc2,experiments/binary_results/binary_20260719_044949_c6c955a30fc2/test_predictions.csv,f0578c61cfb8f0bbef7c58d8ab338b9d31850912e618d5abe81846aa15e5c298,Figure 4
Fig5,IH_ROC,IH,Source MLP,roc_curve,0.46185874173956226,0.9245999457553566,,,,2024,binary_20260719_044949_c6c955a30fc2,binary_20260719_044949_c6c955a30fc2,experiments/binary_results/binary_20260719_044949_c6c955a30fc2/test_predictions.csv,f0578c61cfb8f0bbef7c58d8ab338b9d31850912e618d5abe81846aa15e5c298,Figure 4
Fig5,IH_ROC,IH,Source MLP,roc_curve,0.4696512471828565,0.9283970707892596,,,,2024,binary_20260719_044949_c6c955a30fc2,binary_20260719_044949_c6c955a30fc2,experiments/binary_results/binary_20260719_044949_c6c955a30fc2/test_predictions.csv,f0578c61cfb8f0bbef7c58d8ab338b9d31850912e618d5abe81846aa15e5c298,Figure 4
Fig5,IH_ROC,IH,Source MLP,roc_curve,0.48080522556247374,0.9316517493897476,,,,2024,binary_20260719_044949_c6c955a30fc2,binary_20260719_044949_c6c955a30fc2,experiments/binary_results/binary_20260719_044949_c6c955a30fc2/test_predictions.csv,f0578c61cfb8f0bbef7c58d8ab338b9d31850912e618d5abe81846aa15e5c298,Figure 4
Fig5,IH_ROC,IH,Source MLP,roc_curve,0.48905611367890295,0.934906427990236,,,,2024,binary_20260719_044949_c6c955a30fc2,binary_20260719_044949_c6c955a30fc2,experiments/binary_results/binary_20260719_044949_c6c955a30fc2/test_predictions.csv,f0578c61cfb8f0bbef7c58d8ab338b9d31850912e618d5abe81846aa15e5c298,Figure 4
Fig5,IH_ROC,IH,Source MLP,roc_curve,0.4968486191221972,0.9378898833740168,,,,2024,binary_20260719_044949_c6c955a30fc2,binary_20260719_044949_c6c955a30fc2,experiments/binary_results/binary_20260719_044949_c6c955a30fc2/test_predictions.csv,f0578c61cfb8f0bbef7c58d8ab338b9d31850912e618d5abe81846aa15e5c298,Figure 4
Fig5,IH_ROC,IH,Source MLP,roc_curve,0.5022346155315329,0.941144561974505,,,,2024,binary_20260719_044949_c6c955a30fc2,binary_20260719_044949_c6c955a30fc2,experiments/binary_results/binary_20260719_044949_c6c955a30fc2/test_predictions.csv,f0578c61cfb8f0bbef7c58d8ab338b9d31850912e618d5abe81846aa15e5c298,Figure 4
Fig5,IH_ROC,IH,Source MLP,roc_curve,0.5179342220864052,0.9443992405749932,,,,2024,binary_20260719_044949_c6c955a30fc2,binary_20260719_044949_c6c955a30fc2,experiments/binary_results/binary_20260719_044949_c6c955a30fc2/test_predictions.csv,f0578c61cfb8f0bbef7c58d8ab338b9d31850912e618d5abe81846aa15e5c298,Figure 4
Fig5,IH_ROC,IH,Source MLP,roc_curve,0.5273310668856718,0.9476539191754816,,,,2024,binary_20260719_044949_c6c955a30fc2,binary_20260719_044949_c6c955a30fc2,experiments/binary_results/binary_20260719_044949_c6c955a30fc2/test_predictions.csv,f0578c61cfb8f0bbef7c58d8ab338b9d31850912e618d5abe81846aa15e5c298,Figure 4
Fig5,IH_ROC,IH,Source MLP,roc_curve,0.5372626914702624,0.9509085977759696,,,,2024,binary_20260719_044949_c6c955a30fc2,binary_20260719_044949_c6c955a30fc2,experiments/binary_results/binary_20260719_044949_c6c955a30fc2/test_predictions.csv,f0578c61cfb8f0bbef7c58d8ab338b9d31850912e618d5abe81846aa15e5c298,Figure 4
Fig5,IH_ROC,IH,Source MLP,roc_curve,0.5518927384544864,0.95497694602658,,,,2024,binary_20260719_044949_c6c955a30fc2,binary_20260719_044949_c6c955a30fc2,experiments/binary_results/binary_20260719_044949_c6c955a30fc2/test_predictions.csv,f0578c61cfb8f0bbef7c58d8ab338b9d31850912e618d5abe81846aa15e5c298,Figure 4
Fig5,IH_ROC,IH,Source MLP,roc_curve,0.5638870850681844,0.958231624627068,,,,2024,binary_20260719_044949_c6c955a30fc2,binary_20260719_044949_c6c955a30fc2,experiments/binary_results/binary_20260719_044949_c6c955a30fc2/test_predictions.csv,f0578c61cfb8f0bbef7c58d8ab338b9d31850912e618d5abe81846aa15e5c298,Figure 4
Fig5,IH_ROC,IH,Source MLP,roc_curve,0.5810764353107453,0.9612150800108488,,,,2024,binary_20260719_044949_c6c955a30fc2,binary_20260719_044949_c6c955a30fc2,experiments/binary_results/binary_20260719_044949_c6c955a30fc2/test_predictions.csv,f0578c61cfb8f0bbef7c58d8ab338b9d31850912e618d5abe81846aa15e5c298,Figure 4
Fig5,IH_ROC,IH,Source MLP,roc_curve,0.5986477711142519,0.9641985353946296,,,,2024,binary_20260719_044949_c6c955a30fc2,binary_20260719_044949_c6c955a30fc2,experiments/binary_results/binary_20260719_044949_c6c955a30fc2/test_predictions.csv,f0578c61cfb8f0bbef7c58d8ab338b9d31850912e618d5abe81846aa15e5c298,Figure 4
Fig5,IH_ROC,IH,Source MLP,roc_curve,0.6229420527904045,0.9677244372118252,,,,2024,binary_20260719_044949_c6c955a30fc2,binary_20260719_044949_c6c955a30fc2,experiments/binary_results/binary_20260719_044949_c6c955a30fc2/test_predictions.csv,f0578c61cfb8f0bbef7c58d8ab338b9d31850912e618d5abe81846aa15e5c298,Figure 4
Fig5,IH_ROC,IH,Source MLP,roc_curve,0.6398258145842087,0.9707078925956062,,,,2024,binary_20260719_044949_c6c955a30fc2,binary_20260719_044949_c6c955a30fc2,experiments/binary_results/binary_20260719_044949_c6c955a30fc2/test_predictions.csv,f0578c61cfb8f0bbef7c58d8ab338b9d31850912e618d5abe81846aa15e5c298,Figure 4
Fig5,IH_ROC,IH,Source MLP,roc_curve,0.6584667099583635,0.9742337944128018,,,,2024,binary_20260719_044949_c6c955a30fc2,binary_20260719_044949_c6c955a30fc2,experiments/binary_results/binary_20260719_044949_c6c955a30fc2/test_predictions.csv,f0578c61cfb8f0bbef7c58d8ab338b9d31850912e618d5abe81846aa15e5c298,Figure 4
Fig5,IH_ROC,IH,Source MLP,roc_curve,0.6810802551663547,0.9772172497965824,,,,2024,binary_20260719_044949_c6c955a30fc2,binary_20260719_044949_c6c955a30fc2,experiments/binary_results/binary_20260719_044949_c6c955a30fc2/test_predictions.csv,f0578c61cfb8f0bbef7c58d8ab338b9d31850912e618d5abe81846aa15e5c298,Figure 4
Fig5,IH_ROC,IH,Source MLP,roc_curve,0.7028152335841705,0.980743151613778,,,,2024,binary_20260719_044949_c6c955a30fc2,binary_20260719_044949_c6c955a30fc2,experiments/binary_results/binary_20260719_044949_c6c955a30fc2/test_predictions.csv,f0578c61cfb8f0bbef7c58d8ab338b9d31850912e618d5abe81846aa15e5c298,Figure 4
Fig5,IH_ROC,IH,Source MLP,roc_curve,0.7216089231827036,0.9839978302142663,,,,2024,binary_20260719_044949_c6c955a30fc2,binary_20260719_044949_c6c955a30fc2,experiments/binary_results/binary_20260719_044949_c6c955a30fc2/test_predictions.csv,f0578c61cfb8f0bbef7c58d8ab338b9d31850912e618d5abe81846aa15e5c298,Figure 4
Fig5,IH_ROC,IH,Source MLP,roc_curve,0.7522059666144619,0.9869812855980472,,,,2024,binary_20260719_044949_c6c955a30fc2,binary_20260719_044949_c6c955a30fc2,experiments/binary_results/binary_20260719_044949_c6c955a30fc2/test_predictions.csv,f0578c61cfb8f0bbef7c58d8ab338b9d31850912e618d5abe81846aa15e5c298,Figure 4
Fig5,IH_ROC,IH,Source MLP,roc_curve,0.7758126742809122,0.9902359641985354,,,,2024,binary_20260719_044949_c6c955a30fc2,binary_20260719_044949_c6c955a30fc2,experiments/binary_results/binary_20260719_044949_c6c955a30fc2/test_predictions.csv,f0578c61cfb8f0bbef7c58d8ab338b9d31850912e618d5abe81846aa15e5c298,Figure 4
Fig5,IH_ROC,IH,Source MLP,roc_curve,0.8171053134191527,0.9932194195823164,,,,2024,binary_20260719_044949_c6c955a30fc2,binary_20260719_044949_c6c955a30fc2,experiments/binary_results/binary_20260719_044949_c6c955a30fc2/test_predictions.csv,f0578c61cfb8f0bbef7c58d8ab338b9d31850912e618d5abe81846aa15e5c298,Figure 4
Fig5,IH_ROC,IH,Source MLP,roc_curve,0.8750525230146301,0.9964740981828044,,,,2024,binary_20260719_044949_c6c955a30fc2,binary_20260719_044949_c6c955a30fc2,experiments/binary_results/binary_20260719_044949_c6c955a30fc2/test_predictions.csv,f0578c61cfb8f0bbef7c58d8ab338b9d31850912e618d5abe81846aa15e5c298,Figure 4
Fig5,IH_ROC,IH,Source MLP,roc_curve,1.0,1.0,,,,2024,binary_20260719_044949_c6c955a30fc2,binary_20260719_044949_c6c955a30fc2,experiments/binary_results/binary_20260719_044949_c6c955a30fc2/test_predictions.csv,f0578c61cfb8f0bbef7c58d8ab338b9d31850912e618d5abe81846aa15e5c298,Figure 4
Fig5,IH_PR,IH,Source MLP,precision_recall_curve,1.0,0.1234514163262572,,,,2024,binary_20260719_044949_c6c955a30fc2,binary_20260719_044949_c6c955a30fc2,experiments/binary_results/binary_20260719_044949_c6c955a30fc2/test_predictions.csv,f0578c61cfb8f0bbef7c58d8ab338b9d31850912e618d5abe81846aa15e5c298,Figure 4
Fig5,IH_PR,IH,Source MLP,precision_recall_curve,1.0,0.1240703974156206,,,,2024,binary_20260719_044949_c6c955a30fc2,binary_20260719_044949_c6c955a30fc2,experiments/binary_results/binary_20260719_044949_c6c955a30fc2/test_predictions.csv,f0578c61cfb8f0bbef7c58d8ab338b9d31850912e618d5abe81846aa15e5c298,Figure 4
Fig5,IH_PR,IH,Source MLP,precision_recall_curve,1.0,0.1246998342746981,,,,2024,binary_20260719_044949_c6c955a30fc2,binary_20260719_044949_c6c955a30fc2,experiments/binary_results/binary_20260719_044949_c6c955a30fc2/test_predictions.csv,f0578c61cfb8f0bbef7c58d8ab338b9d31850912e618d5abe81846aa15e5c298,Figure 4
Fig5,IH_PR,IH,Source MLP,precision_recall_curve,0.9997287767832926,0.125297436943368,,,,2024,binary_20260719_044949_c6c955a30fc2,binary_20260719_044949_c6c955a30fc2,experiments/binary_results/binary_20260719_044949_c6c955a30fc2/test_predictions.csv,f0578c61cfb8f0bbef7c58d8ab338b9d31850912e618d5abe81846aa15e5c298,Figure 4
Fig5,IH_PR,IH,Source MLP,precision_recall_curve,0.9997287767832926,0.1259395927292606,,,,2024,binary_20260719_044949_c6c955a30fc2,binary_20260719_044949_c6c955a30fc2,experiments/binary_results/binary_20260719_044949_c6c955a30fc2/test_predictions.csv,f0578c61cfb8f0bbef7c58d8ab338b9d31850912e618d5abe81846aa15e5c298,Figure 4
Fig5,IH_PR,IH,Source MLP,precision_recall_curve,0.9997287767832926,0.1265883645854797,,,,2024,binary_20260719_044949_c6c955a30fc2,binary_20260719_044949_c6c955a30fc2,experiments/binary_results/binary_20260719_044949_c6c955a30fc2/test_predictions.csv,f0578c61cfb8f0bbef7c58d8ab338b9d31850912e618d5abe81846aa15e5c298,Figure 4
Fig5,IH_PR,IH,Source MLP,precision_recall_curve,0.9997287767832926,0.1272394628741068,,,,2024,binary_20260719_044949_c6c955a30fc2,binary_20260719_044949_c6c955a30fc2,experiments/binary_results/binary_20260719_044949_c6c955a30fc2/test_predictions.csv,f0578c61cfb8f0bbef7c58d8ab338b9d31850912e618d5abe81846aa15e5c298,Figure 4
Fig5,IH_PR,IH,Source MLP,precision_recall_curve,0.9997287767832926,0.1279017314965821,,,,2024,binary_20260719_044949_c6c955a30fc2,binary_20260719_044949_c6c955a30fc2,experiments/binary_results/binary_20260719_044949_c6c955a30fc2/test_predictions.csv,f0578c61cfb8f0bbef7c58d8ab338b9d31850912e618d5abe81846aa15e5c298,Figure 4
Fig5,IH_PR,IH,Source MLP,precision_recall_curve,0.9997287767832926,0.1285709302731173,,,,2024,binary_20260719_044949_c6c955a30fc2,binary_20260719_044949_c6c955a30fc2,experiments/binary_results/binary_20260719_044949_c6c955a30fc2/test_predictions.csv,f0578c61cfb8f0bbef7c58d8ab338b9d31850912e618d5abe81846aa15e5c298,Figure 4
Fig5,IH_PR,IH,Source MLP,precision_recall_curve,0.9997287767832926,0.129242636746143,,,,2024,binary_20260719_044949_c6c955a30fc2,binary_20260719_044949_c6c955a30fc2,experiments/binary_results/binary_20260719_044949_c6c955a30fc2/test_predictions.csv,f0578c61cfb8f0bbef7c58d8ab338b9d31850912e618d5abe81846aa15e5c298,Figure 4
Fig5,IH_PR,IH,Source MLP,precision_recall_curve,0.9997287767832926,0.1299259781459288,,,,2024,binary_20260719_044949_c6c955a30fc2,binary_20260719_044949_c6c955a30fc2,experiments/binary_results/binary_20260719_044949_c6c955a30fc2/test_predictions.csv,f0578c61cfb8f0bbef7c58d8ab338b9d31850912e618d5abe81846aa15e5c298,Figure 4
Fig5,IH_PR,IH,Source MLP,precision_recall_curve,0.9997287767832926,0.1306165839829907,,,,2024,binary_20260719_044949_c6c955a30fc2,binary_20260719_044949_c6c955a30fc2,experiments/binary_results/binary_20260719_044949_c6c955a30fc2/test_predictions.csv,f0578c61cfb8f0bbef7c58d8ab338b9d31850912e618d5abe81846aa15e5c298,Figure 4
Fig5,IH_PR,IH,Source MLP,precision_recall_curve,0.9997287767832926,0.1313098927718998,,,,2024,binary_20260719_044949_c6c955a30fc2,binary_20260719_044949_c6c955a30fc2,experiments/binary_results/binary_20260719_044949_c6c955a30fc2/test_predictions.csv,f0578c61cfb8f0bbef7c58d8ab338b9d31850912e618d5abe81846aa15e5c298,Figure 4
Fig5,IH_PR,IH,Source MLP,precision_recall_curve,0.9994575535665853,0.1319795136277353,,,,2024,binary_20260719_044949_c6c955a30fc2,binary_20260719_044949_c6c955a30fc2,experiments/binary_results/binary_20260719_044949_c6c955a30fc2/test_predictions.csv,f0578c61cfb8f0bbef7c58d8ab338b9d31850912e618d5abe81846aa15e5c298,Figure 4
Fig5,IH_PR,IH,Source MLP,precision_recall_curve,0.9994575535665853,0.1326923769399733,,,,2024,binary_20260719_044949_c6c955a30fc2,binary_20260719_044949_c6c955a30fc2,experiments/binary_results/binary_20260719_044949_c6c955a30fc2/test_predictions.csv,f0578c61cfb8f0bbef7c58d8ab338b9d31850912e618d5abe81846aa15e5c298,Figure 4
Fig5,IH_PR,IH,Source MLP,precision_recall_curve,0.9991863303498779,0.1333719498950112,,,,2024,binary_20260719_044949_c6c955a30fc2,binary_20260719_044949_c6c955a30fc2,experiments/binary_results/binary_20260719_044949_c6c955a30fc2/test_predictions.csv,f0578c61cfb8f0bbef7c58d8ab338b9d31850912e618d5abe81846aa15e5c298,Figure 4
Fig5,IH_PR,IH,Source MLP,precision_recall_curve,0.9991863303498779,0.1341001747233547,,,,2024,binary_20260719_044949_c6c955a30fc2,binary_20260719_044949_c6c955a30fc2,experiments/binary_results/binary_20260719_044949_c6c955a30fc2/test_predictions.csv,f0578c61cfb8f0bbef7c58d8ab338b9d31850912e618d5abe81846aa15e5c298,Figure 4
Fig5,IH_PR,IH,Source MLP,precision_recall_curve,0.9991863303498779,0.1348314606741573,,,,2024,binary_20260719_044949_c6c955a30fc2,binary_20260719_044949_c6c955a30fc2,experiments/binary_results/binary_20260719_044949_c6c955a30fc2/test_predictions.csv,f0578c61cfb8f0bbef7c58d8ab338b9d31850912e618d5abe81846aa15e5c298,Figure 4
Fig5,IH_PR,IH,Source MLP,precision_recall_curve,0.9991863303498779,0.1355757553453796,,,,2024,binary_20260719_044949_c6c955a30fc2,binary_20260719_044949_c6c955a30fc2,experiments/binary_results/binary_20260719_044949_c6c955a30fc2/test_predictions.csv,f0578c61cfb8f0bbef7c58d8ab338b9d31850912e618d5abe81846aa15e5c298,Figure 4
Fig5,IH_PR,IH,Source MLP,precision_recall_curve,0.9981014374830486,0.1361802908633386,,,,2024,binary_20260719_044949_c6c955a30fc2,binary_20260719_044949_c6c955a30fc2,experiments/binary_results/binary_20260719_044949_c6c955a30fc2/test_predictions.csv,f0578c61cfb8f0bbef7c58d8ab338b9d31850912e618d5abe81846aa15e5c298,Figure 4
Fig5,IH_PR,IH,Source MLP,precision_recall_curve,0.9972877678329265,0.1368236957654238,,,,2024,binary_20260719_044949_c6c955a30fc2,binary_20260719_044949_c6c955a30fc2,experiments/binary_results/binary_20260719_044949_c6c955a30fc2/test_predictions.csv,f0578c61cfb8f0bbef7c58d8ab338b9d31850912e618d5abe81846aa15e5c298,Figure 4
Fig5,IH_PR,IH,Source MLP,precision_recall_curve,0.9970165446162191,0.1375542583445592,,,,2024,binary_20260719_044949_c6c955a30fc2,binary_20260719_044949_c6c955a30fc2,experiments/binary_results/binary_20260719_044949_c6c955a30fc2/test_predictions.csv,f0578c61cfb8f0bbef7c58d8ab338b9d31850912e618d5abe81846aa15e5c298,Figure 4
Fig5,IH_PR,IH,Source MLP,precision_recall_curve,0.9964740981828044,0.1382554376458192,,,,2024,binary_20260719_044949_c6c955a30fc2,binary_20260719_044949_c6c955a30fc2,experiments/binary_results/binary_20260719_044949_c6c955a30fc2/test_predictions.csv,f0578c61cfb8f0bbef7c58d8ab338b9d31850912e618d5abe81846aa15e5c298,Figure 4
Fig5,IH_PR,IH,Source MLP,precision_recall_curve,0.9956604285326824,0.1389214758751182,,,,2024,binary_20260719_044949_c6c955a30fc2,binary_20260719_044949_c6c955a30fc2,experiments/binary_results/binary_20260719_044949_c6c955a30fc2/test_predictions.csv,f0578c61cfb8f0bbef7c58d8ab338b9d31850912e618d5abe81846aa15e5c298,Figure 4
Fig5,IH_PR,IH,Source MLP,precision_recall_curve,0.9953892053159751,0.1396764985727878,,,,2024,binary_20260719_044949_c6c955a30fc2,binary_20260719_044949_c6c955a30fc2,experiments/binary_results/binary_20260719_044949_c6c955a30fc2/test_predictions.csv,f0578c61cfb8f0bbef7c58d8ab338b9d31850912e618d5abe81846aa15e5c298,Figure 4
Fig5,IH_PR,IH,Source MLP,precision_recall_curve,0.9951179820992677,0.1404401913875598,,,,2024,binary_20260719_044949_c6c955a30fc2,binary_20260719_044949_c6c955a30fc2,experiments/binary_results/binary_20260719_044949_c6c955a30fc2/test_predictions.csv,f0578c61cfb8f0bbef7c58d8ab338b9d31850912e618d5abe81846aa15e5c298,Figure 4
Fig5,IH_PR,IH,Source MLP,precision_recall_curve,0.9951179820992677,0.1412457653218355,,,,2024,binary_20260719_044949_c6c955a30fc2,binary_20260719_044949_c6c955a30fc2,experiments/binary_results/binary_20260719_044949_c6c955a30fc2/test_predictions.csv,f0578c61cfb8f0bbef7c58d8ab338b9d31850912e618d5abe81846aa15e5c298,Figure 4
Fig5,IH_PR,IH,Source MLP,precision_recall_curve,0.9948467588825604,0.1420274142337179,,,,2024,binary_20260719_044949_c6c955a30fc2,binary_20260719_044949_c6c955a30fc2,experiments/binary_results/binary_20260719_044949_c6c955a30fc2/test_predictions.csv,f0578c61cfb8f0bbef7c58d8ab338b9d31850912e618d5abe81846aa15e5c298,Figure 4
Fig5,IH_PR,IH,Source MLP,precision_recall_curve,0.994575535665853,0.1428181959806823,,,,2024,binary_20260719_044949_c6c955a30fc2,binary_20260719_044949_c6c955a30fc2,experiments/binary_results/binary_20260719_044949_c6c955a30fc2/test_predictions.csv,f0578c61cfb8f0bbef7c58d8ab338b9d31850912e618d5abe81846aa15e5c298,Figure 4
Fig5,IH_PR,IH,Source MLP,precision_recall_curve,0.9943043124491456,0.1436126454342461,,,,2024,binary_20260719_044949_c6c955a30fc2,binary_20260719_044949_c6c955a30fc2,experiments/binary_results/binary_20260719_044949_c6c955a30fc2/test_predictions.csv,f0578c61cfb8f0bbef7c58d8ab338b9d31850912e618d5abe81846aa15e5c298,Figure 4
Fig5,IH_PR,IH,Source MLP,precision_recall_curve,0.9943043124491456,0.1444615202742641,,,,2024,binary_20260719_044949_c6c955a30fc2,binary_20260719_044949_c6c955a30fc2,experiments/binary_results/binary_20260719_044949_c6c955a30fc2/test_predictions.csv,f0578c61cfb8f0bbef7c58d8ab338b9d31850912e618d5abe81846aa15e5c298,Figure 4
Fig5,IH_PR,IH,Source MLP,precision_recall_curve,0.9937618660157309,0.1452354526716346,,,,2024,binary_20260719_044949_c6c955a30fc2,binary_20260719_044949_c6c955a30fc2,experiments/binary_results/binary_20260719_044949_c6c955a30fc2/test_predictions.csv,f0578c61cfb8f0bbef7c58d8ab338b9d31850912e618d5abe81846aa15e5c298,Figure 4
Fig5,IH_PR,IH,Source MLP,precision_recall_curve,0.9932194195823163,0.1460244038599569,,,,2024,binary_20260719_044949_c6c955a30fc2,binary_20260719_044949_c6c955a30fc2,experiments/binary_results/binary_20260719_044949_c6c955a30fc2/test_predictions.csv,f0578c61cfb8f0bbef7c58d8ab338b9d31850912e618d5abe81846aa15e5c298,Figure 4
Fig5,IH_PR,IH,Source MLP,precision_recall_curve,0.9924057499321942,0.1467886227785132,,,,2024,binary_20260719_044949_c6c955a30fc2,binary_20260719_044949_c6c955a30fc2,experiments/binary_results/binary_20260719_044949_c6c955a30fc2/test_predictions.csv,f0578c61cfb8f0bbef7c58d8ab338b9d31850912e618d5abe81846aa15e5c298,Figure 4
Fig5,IH_PR,IH,Source MLP,precision_recall_curve,0.9921345267154869,0.1476309629510049,,,,2024,binary_20260719_044949_c6c955a30fc2,binary_20260719_044949_c6c955a30fc2,experiments/binary_results/binary_20260719_044949_c6c955a30fc2/test_predictions.csv,f0578c61cfb8f0bbef7c58d8ab338b9d31850912e618d5abe81846aa15e5c298,Figure 4
Fig5,IH_PR,IH,Source MLP,precision_recall_curve,0.9913208570653648,0.1484083157381842,,,,2024,binary_20260719_044949_c6c955a30fc2,binary_20260719_044949_c6c955a30fc2,experiments/binary_results/binary_20260719_044949_c6c955a30fc2/test_predictions.csv,f0578c61cfb8f0bbef7c58d8ab338b9d31850912e618d5abe81846aa15e5c298,Figure 4
Fig5,IH_PR,IH,Source MLP,precision_recall_curve,0.9910496338486574,0.1492769017076558,,,,2024,binary_20260719_044949_c6c955a30fc2,binary_20260719_044949_c6c955a30fc2,experiments/binary_results/binary_20260719_044949_c6c955a30fc2/test_predictions.csv,f0578c61cfb8f0bbef7c58d8ab338b9d31850912e618d5abe81846aa15e5c298,Figure 4
Fig5,IH_PR,IH,Source MLP,precision_recall_curve,0.99077841063195,0.1501561986188753,,,,2024,binary_20260719_044949_c6c955a30fc2,binary_20260719_044949_c6c955a30fc2,experiments/binary_results/binary_20260719_044949_c6c955a30fc2/test_predictions.csv,f0578c61cfb8f0bbef7c58d8ab338b9d31850912e618d5abe81846aa15e5c298,Figure 4
Fig5,IH_PR,IH,Source MLP,precision_recall_curve,0.9905071874152428,0.1510464058234759,,,,2024,binary_20260719_044949_c6c955a30fc2,binary_20260719_044949_c6c955a30fc2,experiments/binary_results/binary_20260719_044949_c6c955a30fc2/test_predictions.csv,f0578c61cfb8f0bbef7c58d8ab338b9d31850912e618d5abe81846aa15e5c298,Figure 4
Fig5,IH_PR,IH,Source MLP,precision_recall_curve,0.9902359641985354,0.1519477276510737,,,,2024,binary_20260719_044949_c6c955a30fc2,binary_20260719_044949_c6c955a30fc2,experiments/binary_results/binary_20260719_044949_c6c955a30fc2/test_predictions.csv,f0578c61cfb8f0bbef7c58d8ab338b9d31850912e618d5abe81846aa15e5c298,Figure 4
Fig5,IH_PR,IH,Source MLP,precision_recall_curve,0.9899647409818281,0.1528539721093848,,,,2024,binary_20260719_044949_c6c955a30fc2,binary_20260719_044949_c6c955a30fc2,experiments/binary_results/binary_20260719_044949_c6c955a30fc2/test_predictions.csv,f0578c61cfb8f0bbef7c58d8ab338b9d31850912e618d5abe81846aa15e5c298,Figure 4
Fig5,IH_PR,IH,Source MLP,precision_recall_curve,0.9896935177651207,0.1537845583277141,,,,2024,binary_20260719_044949_c6c955a30fc2,binary_20260719_044949_c6c955a30fc2,experiments/binary_results/binary_20260719_044949_c6c955a30fc2/test_predictions.csv,f0578c61cfb8f0bbef7c58d8ab338b9d31850912e618d5abe81846aa15e5c298,Figure 4
Fig5,IH_PR,IH,Source MLP,precision_recall_curve,0.9896935177651207,0.1547629145813894,,,,2024,binary_20260719_044949_c6c955a30fc2,binary_20260719_044949_c6c955a30fc2,experiments/binary_results/binary_20260719_044949_c6c955a30fc2/test_predictions.csv,f0578c61cfb8f0bbef7c58d8ab338b9d31850912e618d5abe81846aa15e5c298,Figure 4
Fig5,IH_PR,IH,Source MLP,precision_recall_curve,0.9877949552481693,0.1554483759443425,,,,2024,binary_20260719_044949_c6c955a30fc2,binary_20260719_044949_c6c955a30fc2,experiments/binary_results/binary_20260719_044949_c6c955a30fc2/test_predictions.csv,f0578c61cfb8f0bbef7c58d8ab338b9d31850912e618d5abe81846aa15e5c298,Figure 4
Fig5,IH_PR,IH,Source MLP,precision_recall_curve,0.9869812855980472,0.1563278632184895,,,,2024,binary_20260719_044949_c6c955a30fc2,binary_20260719_044949_c6c955a30fc2,experiments/binary_results/binary_20260719_044949_c6c955a30fc2/test_predictions.csv,f0578c61cfb8f0bbef7c58d8ab338b9d31850912e618d5abe81846aa15e5c298,Figure 4
Fig5,IH_PR,IH,Source MLP,precision_recall_curve,0.9869812855980472,0.1573417502594258,,,,2024,binary_20260719_044949_c6c955a30fc2,binary_20260719_044949_c6c955a30fc2,experiments/binary_results/binary_20260719_044949_c6c955a30fc2/test_predictions.csv,f0578c61cfb8f0bbef7c58d8ab338b9d31850912e618d5abe81846aa15e5c298,Figure 4
Fig5,IH_PR,IH,Source MLP,precision_recall_curve,0.9864388391646325,0.1582818347985029,,,,2024,binary_20260719_044949_c6c955a30fc2,binary_20260719_044949_c6c955a30fc2,experiments/binary_results/binary_20260719_044949_c6c955a30fc2/test_predictions.csv,f0578c61cfb8f0bbef7c58d8ab338b9d31850912e618d5abe81846aa15e5c298,Figure 4
Fig5,IH_PR,IH,Source MLP,precision_recall_curve,0.9850827230810958,0.1591028561415805,,,,2024,binary_20260719_044949_c6c955a30fc2,binary_20260719_044949_c6c955a30fc2,experiments/binary_results/binary_20260719_044949_c6c955a30fc2/test_predictions.csv,f0578c61cfb8f0bbef7c58d8ab338b9d31850912e618d5abe81846aa15e5c298,Figure 4
Fig5,IH_PR,IH,Source MLP,precision_recall_curve,0.9845402766476811,0.1600670253108739,,,,2024,binary_20260719_044949_c6c955a30fc2,binary_20260719_044949_c6c955a30fc2,experiments/binary_results/binary_20260719_044949_c6c955a30fc2/test_predictions.csv,f0578c61cfb8f0bbef7c58d8ab338b9d31850912e618d5abe81846aa15e5c298,Figure 4
Fig5,IH_PR,IH,Source MLP,precision_recall_curve,0.9842690534309737,0.1610884232954545,,,,2024,binary_20260719_044949_c6c955a30fc2,binary_20260719_044949_c6c955a30fc2,experiments/binary_results/binary_20260719_044949_c6c955a30fc2/test_predictions.csv,f0578c61cfb8f0bbef7c58d8ab338b9d31850912e618d5abe81846aa15e5c298,Figure 4
Fig5,IH_PR,IH,Source MLP,precision_recall_curve,0.9829129373474369,0.1619447671820538,,,,2024,binary_20260719_044949_c6c955a30fc2,binary_20260719_044949_c6c955a30fc2,experiments/binary_results/binary_20260719_044949_c6c955a30fc2/test_predictions.csv,f0578c61cfb8f0bbef7c58d8ab338b9d31850912e618d5abe81846aa15e5c298,Figure 4
Fig5,IH_PR,IH,Source MLP,precision_recall_curve,0.9820992676973149,0.1628953169283368,,,,2024,binary_20260719_044949_c6c955a30fc2,binary_20260719_044949_c6c955a30fc2,experiments/binary_results/binary_20260719_044949_c6c955a30fc2/test_predictions.csv,f0578c61cfb8f0bbef7c58d8ab338b9d31850912e618d5abe81846aa15e5c298,Figure 4
Fig5,IH_PR,IH,Source MLP,precision_recall_curve,0.9810143748304855,0.1638282453120753,,,,2024,binary_20260719_044949_c6c955a30fc2,binary_20260719_044949_c6c955a30fc2,experiments/binary_results/binary_20260719_044949_c6c955a30fc2/test_predictions.csv,f0578c61cfb8f0bbef7c58d8ab338b9d31850912e618d5abe81846aa15e5c298,Figure 4
Fig5,IH_PR,IH,Source MLP,precision_recall_curve,0.9804719283970708,0.1648577161619847,,,,2024,binary_20260719_044949_c6c955a30fc2,binary_20260719_044949_c6c955a30fc2,experiments/binary_results/binary_20260719_044949_c6c955a30fc2/test_predictions.csv,f0578c61cfb8f0bbef7c58d8ab338b9d31850912e618d5abe81846aa15e5c298,Figure 4
Fig5,IH_PR,IH,Source MLP,precision_recall_curve,0.979929481963656,0.165893750860921,,,,2024,binary_20260719_044949_c6c955a30fc2,binary_20260719_044949_c6c955a30fc2,experiments/binary_results/binary_20260719_044949_c6c955a30fc2/test_predictions.csv,f0578c61cfb8f0bbef7c58d8ab338b9d31850912e618d5abe81846aa15e5c298,Figure 4
Fig5,IH_PR,IH,Source MLP,precision_recall_curve,0.9788445890968267,0.1668593092607148,,,,2024,binary_20260719_044949_c6c955a30fc2,binary_20260719_044949_c6c955a30fc2,experiments/binary_results/binary_20260719_044949_c6c955a30fc2/test_predictions.csv,f0578c61cfb8f0bbef7c58d8ab338b9d31850912e618d5abe81846aa15e5c298,Figure 4
Fig5,IH_PR,IH,Source MLP,precision_recall_curve,0.9777596962299973,0.1678383537408631,,,,2024,binary_20260719_044949_c6c955a30fc2,binary_20260719_044949_c6c955a30fc2,experiments/binary_results/binary_20260719_044949_c6c955a30fc2/test_predictions.csv,f0578c61cfb8f0bbef7c58d8ab338b9d31850912e618d5abe81846aa15e5c298,Figure 4
Fig5,IH_PR,IH,Source MLP,precision_recall_curve,0.9766748033631679,0.1688232536333802,,,,2024,binary_20260719_044949_c6c955a30fc2,binary_20260719_044949_c6c955a30fc2,experiments/binary_results/binary_20260719_044949_c6c955a30fc2/test_predictions.csv,f0578c61cfb8f0bbef7c58d8ab338b9d31850912e618d5abe81846aa15e5c298,Figure 4
Fig5,IH_PR,IH,Source MLP,precision_recall_curve,0.9761323569297532,0.1699244570349386,,,,2024,binary_20260719_044949_c6c955a30fc2,binary_20260719_044949_c6c955a30fc2,experiments/binary_results/binary_20260719_044949_c6c955a30fc2/test_predictions.csv,f0578c61cfb8f0bbef7c58d8ab338b9d31850912e618d5abe81846aa15e5c298,Figure 4
Fig5,IH_PR,IH,Source MLP,precision_recall_curve,0.9750474640629238,0.1709381389377585,,,,2024,binary_20260719_044949_c6c955a30fc2,binary_20260719_044949_c6c955a30fc2,experiments/binary_results/binary_20260719_044949_c6c955a30fc2/test_predictions.csv,f0578c61cfb8f0bbef7c58d8ab338b9d31850912e618d5abe81846aa15e5c298,Figure 4
Fig5,IH_PR,IH,Source MLP,precision_recall_curve,0.9742337944128018,0.1720306513409961,,,,2024,binary_20260719_044949_c6c955a30fc2,binary_20260719_044949_c6c955a30fc2,experiments/binary_results/binary_20260719_044949_c6c955a30fc2/test_predictions.csv,f0578c61cfb8f0bbef7c58d8ab338b9d31850912e618d5abe81846aa15e5c298,Figure 4
Fig5,IH_PR,IH,Source MLP,precision_recall_curve,0.972877678329265,0.1730342498794018,,,,2024,binary_20260719_044949_c6c955a30fc2,binary_20260719_044949_c6c955a30fc2,experiments/binary_results/binary_20260719_044949_c6c955a30fc2/test_predictions.csv,f0578c61cfb8f0bbef7c58d8ab338b9d31850912e618d5abe81846aa15e5c298,Figure 4
Fig5,IH_PR,IH,Source MLP,precision_recall_curve,0.9723352318958502,0.1741897866964676,,,,2024,binary_20260719_044949_c6c955a30fc2,binary_20260719_044949_c6c955a30fc2,experiments/binary_results/binary_20260719_044949_c6c955a30fc2/test_predictions.csv,f0578c61cfb8f0bbef7c58d8ab338b9d31850912e618d5abe81846aa15e5c298,Figure 4
Fig5,IH_PR,IH,Source MLP,precision_recall_curve,0.9715215622457283,0.175321814889139,,,,2024,binary_20260719_044949_c6c955a30fc2,binary_20260719_044949_c6c955a30fc2,experiments/binary_results/binary_20260719_044949_c6c955a30fc2/test_predictions.csv,f0578c61cfb8f0bbef7c58d8ab338b9d31850912e618d5abe81846aa15e5c298,Figure 4
Fig5,IH_PR,IH,Source MLP,precision_recall_curve,0.9701654461621915,0.1763719737685518,,,,2024,binary_20260719_044949_c6c955a30fc2,binary_20260719_044949_c6c955a30fc2,experiments/binary_results/binary_20260719_044949_c6c955a30fc2/test_predictions.csv,f0578c61cfb8f0bbef7c58d8ab338b9d31850912e618d5abe81846aa15e5c298,Figure 4
Fig5,IH_PR,IH,Source MLP,precision_recall_curve,0.9690805532953621,0.1774962742175856,,,,2024,binary_20260719_044949_c6c955a30fc2,binary_20260719_044949_c6c955a30fc2,experiments/binary_results/binary_20260719_044949_c6c955a30fc2/test_predictions.csv,f0578c61cfb8f0bbef7c58d8ab338b9d31850912e618d5abe81846aa15e5c298,Figure 4
Fig5,IH_PR,IH,Source MLP,precision_recall_curve,0.9685381068619474,0.1787287287287287,,,,2024,binary_20260719_044949_c6c955a30fc2,binary_20260719_044949_c6c955a30fc2,experiments/binary_results/binary_20260719_044949_c6c955a30fc2/test_predictions.csv,f0578c61cfb8f0bbef7c58d8ab338b9d31850912e618d5abe81846aa15e5c298,Figure 4
Fig5,IH_PR,IH,Source MLP,precision_recall_curve,0.9677244372118253,0.1799293998991427,,,,2024,binary_20260719_044949_c6c955a30fc2,binary_20260719_044949_c6c955a30fc2,experiments/binary_results/binary_20260719_044949_c6c955a30fc2/test_predictions.csv,f0578c61cfb8f0bbef7c58d8ab338b9d31850912e618d5abe81846aa15e5c298,Figure 4
Fig5,IH_PR,IH,Source MLP,precision_recall_curve,0.9663683211282886,0.1810375489050353,,,,2024,binary_20260719_044949_c6c955a30fc2,binary_20260719_044949_c6c955a30fc2,experiments/binary_results/binary_20260719_044949_c6c955a30fc2/test_predictions.csv,f0578c61cfb8f0bbef7c58d8ab338b9d31850912e618d5abe81846aa15e5c298,Figure 4
Fig5,IH_PR,IH,Source MLP,precision_recall_curve,0.9652834282614592,0.1822231324560954,,,,2024,binary_20260719_044949_c6c955a30fc2,binary_20260719_044949_c6c955a30fc2,experiments/binary_results/binary_20260719_044949_c6c955a30fc2/test_predictions.csv,f0578c61cfb8f0bbef7c58d8ab338b9d31850912e618d5abe81846aa15e5c298,Figure 4
Fig5,IH_PR,IH,Source MLP,precision_recall_curve,0.9650122050447518,0.1835818585212321,,,,2024,binary_20260719_044949_c6c955a30fc2,binary_20260719_044949_c6c955a30fc2,experiments/binary_results/binary_20260719_044949_c6c955a30fc2/test_predictions.csv,f0578c61cfb8f0bbef7c58d8ab338b9d31850912e618d5abe81846aa15e5c298,Figure 4
Fig5,IH_PR,IH,Source MLP,precision_recall_curve,0.9644697586113371,0.184900166389351,,,,2024,binary_20260719_044949_c6c955a30fc2,binary_20260719_044949_c6c955a30fc2,experiments/binary_results/binary_20260719_044949_c6c955a30fc2/test_predictions.csv,f0578c61cfb8f0bbef7c58d8ab338b9d31850912e618d5abe81846aa15e5c298,Figure 4
Fig5,IH_PR,IH,Source MLP,precision_recall_curve,0.9631136425278004,0.1860916046536002,,,,2024,binary_20260719_044949_c6c955a30fc2,binary_20260719_044949_c6c955a30fc2,experiments/binary_results/binary_20260719_044949_c6c955a30fc2/test_predictions.csv,f0578c61cfb8f0bbef7c58d8ab338b9d31850912e618d5abe81846aa15e5c298,Figure 4
Fig5,IH_PR,IH,Source MLP,precision_recall_curve,0.9622999728776783,0.1873976654518565,,,,2024,binary_20260719_044949_c6c955a30fc2,binary_20260719_044949_c6c955a30fc2,experiments/binary_results/binary_20260719_044949_c6c955a30fc2/test_predictions.csv,f0578c61cfb8f0bbef7c58d8ab338b9d31850912e618d5abe81846aa15e5c298,Figure 4
Fig5,IH_PR,IH,Source MLP,precision_recall_curve,0.9614863032275562,0.1887445426472154,,,,2024,binary_20260719_044949_c6c955a30fc2,binary_20260719_044949_c6c955a30fc2,experiments/binary_results/binary_20260719_044949_c6c955a30fc2/test_predictions.csv,f0578c61cfb8f0bbef7c58d8ab338b9d31850912e618d5abe81846aa15e5c298,Figure 4
Fig5,IH_PR,IH,Source MLP,precision_recall_curve,0.9598589639273122,0.1899624261943102,,,,2024,binary_20260719_044949_c6c955a30fc2,binary_20260719_044949_c6c955a30fc2,experiments/binary_results/binary_20260719_044949_c6c955a30fc2/test_predictions.csv,f0578c61cfb8f0bbef7c58d8ab338b9d31850912e618d5abe81846aa15e5c298,Figure 4
Fig5,IH_PR,IH,Source MLP,precision_recall_curve,0.9595877407106048,0.1914502164502164,,,,2024,binary_20260719_044949_c6c955a30fc2,binary_20260719_044949_c6c955a30fc2,experiments/binary_results/binary_20260719_044949_c6c955a30fc2/test_predictions.csv,f0578c61cfb8f0bbef7c58d8ab338b9d31850912e618d5abe81846aa15e5c298,Figure 4
Fig5,IH_PR,IH,Source MLP,precision_recall_curve,0.9590452942771901,0.1929078014184397,,,,2024,binary_20260719_044949_c6c955a30fc2,binary_20260719_044949_c6c955a30fc2,experiments/binary_results/binary_20260719_044949_c6c955a30fc2/test_predictions.csv,f0578c61cfb8f0bbef7c58d8ab338b9d31850912e618d5abe81846aa15e5c298,Figure 4
Fig5,IH_PR,IH,Source MLP,precision_recall_curve,0.9579604014103608,0.1942794279427943,,,,2024,binary_20260719_044949_c6c955a30fc2,binary_20260719_044949_c6c955a30fc2,experiments/binary_results/binary_20260719_044949_c6c955a30fc2/test_predictions.csv,f0578c61cfb8f0bbef7c58d8ab338b9d31850912e618d5abe81846aa15e5c298,Figure 4
Fig5,IH_PR,IH,Source MLP,precision_recall_curve,0.9568755085435313,0.1956630247906383,,,,2024,binary_20260719_044949_c6c955a30fc2,binary_20260719_044949_c6c955a30fc2,experiments/binary_results/binary_20260719_044949_c6c955a30fc2/test_predictions.csv,f0578c61cfb8f0bbef7c58d8ab338b9d31850912e618d5abe81846aa15e5c298,Figure 4
Fig5,IH_PR,IH,Source MLP,precision_recall_curve,0.9538920531597505,0.1966892231978077,,,,2024,binary_20260719_044949_c6c955a30fc2,binary_20260719_044949_c6c955a30fc2,experiments/binary_results/binary_20260719_044949_c6c955a30fc2/test_predictions.csv,f0578c61cfb8f0bbef7c58d8ab338b9d31850912e618d5abe81846aa15e5c298,Figure 4
Fig5,IH_PR,IH,Source MLP,precision_recall_curve,0.951993490642799,0.1979583779820653,,,,2024,binary_20260719_044949_c6c955a30fc2,binary_20260719_044949_c6c955a30fc2,experiments/binary_results/binary_20260719_044949_c6c955a30fc2/test_predictions.csv,f0578c61cfb8f0bbef7c58d8ab338b9d31850912e618d5abe81846aa15e5c298,Figure 4
Fig5,IH_PR,IH,Source MLP,precision_recall_curve,0.951179820992677,0.1994767078095671,,,,2024,binary_20260719_044949_c6c955a30fc2,binary_20260719_044949_c6c955a30fc2,experiments/binary_results/binary_20260719_044949_c6c955a30fc2/test_predictions.csv,f0578c61cfb8f0bbef7c58d8ab338b9d31850912e618d5abe81846aa15e5c298,Figure 4
Fig5,IH_PR,IH,Source MLP,precision_recall_curve,0.9484675888256034,0.2006195857954219,,,,2024,binary_20260719_044949_c6c955a30fc2,binary_20260719_044949_c6c955a30fc2,experiments/binary_results/binary_20260719_044949_c6c955a30fc2/test_predictions.csv,f0578c61cfb8f0bbef7c58d8ab338b9d31850912e618d5abe81846aa15e5c298,Figure 4
Fig5,IH_PR,IH,Source MLP,precision_recall_curve,0.9471114727420668,0.2020716393727215,,,,2024,binary_20260719_044949_c6c955a30fc2,binary_20260719_044949_c6c955a30fc2,experiments/binary_results/binary_20260719_044949_c6c955a30fc2/test_predictions.csv,f0578c61cfb8f0bbef7c58d8ab338b9d31850912e618d5abe81846aa15e5c298,Figure 4
Fig5,IH_PR,IH,Source MLP,precision_recall_curve,0.944941687008408,0.2033740003502422,,,,2024,binary_20260719_044949_c6c955a30fc2,binary_20260719_044949_c6c955a30fc2,experiments/binary_results/binary_20260719_044949_c6c955a30fc2/test_predictions.csv,f0578c61cfb8f0bbef7c58d8ab338b9d31850912e618d5abe81846aa15e5c298,Figure 4
Fig5,IH_PR,IH,Source MLP,precision_recall_curve,0.9443992405749932,0.2050527059654908,,,,2024,binary_20260719_044949_c6c955a30fc2,binary_20260719_044949_c6c955a30fc2,experiments/binary_results/binary_20260719_044949_c6c955a30fc2/test_predictions.csv,f0578c61cfb8f0bbef7c58d8ab338b9d31850912e618d5abe81846aa15e5c298,Figure 4
Fig5,IH_PR,IH,Source MLP,precision_recall_curve,0.9435855709248712,0.2067019190778919,,,,2024,binary_20260719_044949_c6c955a30fc2,binary_20260719_044949_c6c955a30fc2,experiments/binary_results/binary_20260719_044949_c6c955a30fc2/test_predictions.csv,f0578c61cfb8f0bbef7c58d8ab338b9d31850912e618d5abe81846aa15e5c298,Figure 4
Fig5,IH_PR,IH,Source MLP,precision_recall_curve,0.9422294548413345,0.2082608956297584,,,,2024,binary_20260719_044949_c6c955a30fc2,binary_20260719_044949_c6c955a30fc2,experiments/binary_results/binary_20260719_044949_c6c955a30fc2/test_predictions.csv,f0578c61cfb8f0bbef7c58d8ab338b9d31850912e618d5abe81846aa15e5c298,Figure 4
Fig5,IH_PR,IH,Source MLP,precision_recall_curve,0.9389747762408462,0.2094373865698729,,,,2024,binary_20260719_044949_c6c955a30fc2,binary_20260719_044949_c6c955a30fc2,experiments/binary_results/binary_20260719_044949_c6c955a30fc2/test_predictions.csv,f0578c61cfb8f0bbef7c58d8ab338b9d31850912e618d5abe81846aa15e5c298,Figure 4
Fig5,IH_PR,IH,Source MLP,precision_recall_curve,0.9365337672904801,0.2108058608058608,,,,2024,binary_20260719_044949_c6c955a30fc2,binary_20260719_044949_c6c955a30fc2,experiments/binary_results/binary_20260719_044949_c6c955a30fc2/test_predictions.csv,f0578c61cfb8f0bbef7c58d8ab338b9d31850912e618d5abe81846aa15e5c298,Figure 4
Fig5,IH_PR,IH,Source MLP,precision_recall_curve,0.9346352047735286,0.2123490263741681,,,,2024,binary_20260719_044949_c6c955a30fc2,binary_20260719_044949_c6c955a30fc2,experiments/binary_results/binary_20260719_044949_c6c955a30fc2/test_predictions.csv,f0578c61cfb8f0bbef7c58d8ab338b9d31850912e618d5abe81846aa15e5c298,Figure 4
Fig5,IH_PR,IH,Source MLP,precision_recall_curve,0.9330078654732845,0.2139569598208732,,,,2024,binary_20260719_044949_c6c955a30fc2,binary_20260719_044949_c6c955a30fc2,experiments/binary_results/binary_20260719_044949_c6c955a30fc2/test_predictions.csv,f0578c61cfb8f0bbef7c58d8ab338b9d31850912e618d5abe81846aa15e5c298,Figure 4
Fig5,IH_PR,IH,Source MLP,precision_recall_curve,0.9308380797396257,0.215456086383326,,,,2024,binary_20260719_044949_c6c955a30fc2,binary_20260719_044949_c6c955a30fc2,experiments/binary_results/binary_20260719_044949_c6c955a30fc2/test_predictions.csv,f0578c61cfb8f0bbef7c58d8ab338b9d31850912e618d5abe81846aa15e5c298,Figure 4
Fig5,IH_PR,IH,Source MLP,precision_recall_curve,0.9289395172226743,0.2170744074027126,,,,2024,binary_20260719_044949_c6c955a30fc2,binary_20260719_044949_c6c955a30fc2,experiments/binary_results/binary_20260719_044949_c6c955a30fc2/test_predictions.csv,f0578c61cfb8f0bbef7c58d8ab338b9d31850912e618d5abe81846aa15e5c298,Figure 4
Fig5,IH_PR,IH,Source MLP,precision_recall_curve,0.9273121779224301,0.2187879951366225,,,,2024,binary_20260719_044949_c6c955a30fc2,binary_20260719_044949_c6c955a30fc2,experiments/binary_results/binary_20260719_044949_c6c955a30fc2/test_predictions.csv,f0578c61cfb8f0bbef7c58d8ab338b9d31850912e618d5abe81846aa15e5c298,Figure 4
Fig5,IH_PR,IH,Source MLP,precision_recall_curve,0.9243287225386493,0.2201977127350261,,,,2024,binary_20260719_044949_c6c955a30fc2,binary_20260719_044949_c6c955a30fc2,experiments/binary_results/binary_20260719_044949_c6c955a30fc2/test_predictions.csv,f0578c61cfb8f0bbef7c58d8ab338b9d31850912e618d5abe81846aa15e5c298,Figure 4
Fig5,IH_PR,IH,Source MLP,precision_recall_curve,0.9227013832384052,0.2219612448620082,,,,2024,binary_20260719_044949_c6c955a30fc2,binary_20260719_044949_c6c955a30fc2,experiments/binary_results/binary_20260719_044949_c6c955a30fc2/test_predictions.csv,f0578c61cfb8f0bbef7c58d8ab338b9d31850912e618d5abe81846aa15e5c298,Figure 4
Fig5,IH_PR,IH,Source MLP,precision_recall_curve,0.9202603742880391,0.2235619687685313,,,,2024,binary_20260719_044949_c6c955a30fc2,binary_20260719_044949_c6c955a30fc2,experiments/binary_results/binary_20260719_044949_c6c955a30fc2/test_predictions.csv,f0578c61cfb8f0bbef7c58d8ab338b9d31850912e618d5abe81846aa15e5c298,Figure 4
Fig5,IH_PR,IH,Source MLP,precision_recall_curve,0.9178193653376729,0.2251796646260314,,,,2024,binary_20260719_044949_c6c955a30fc2,binary_20260719_044949_c6c955a30fc2,experiments/binary_results/binary_20260719_044949_c6c955a30fc2/test_predictions.csv,f0578c61cfb8f0bbef7c58d8ab338b9d31850912e618d5abe81846aa15e5c298,Figure 4
Fig5,IH_PR,IH,Source MLP,precision_recall_curve,0.9153783563873068,0.2268450060492001,,,,2024,binary_20260719_044949_c6c955a30fc2,binary_20260719_044949_c6c955a30fc2,experiments/binary_results/binary_20260719_044949_c6c955a30fc2/test_predictions.csv,f0578c61cfb8f0bbef7c58d8ab338b9d31850912e618d5abe81846aa15e5c298,Figure 4
Fig5,IH_PR,IH,Source MLP,precision_recall_curve,0.9118524545701112,0.2282726778924497,,,,2024,binary_20260719_044949_c6c955a30fc2,binary_20260719_044949_c6c955a30fc2,experiments/binary_results/binary_20260719_044949_c6c955a30fc2/test_predictions.csv,f0578c61cfb8f0bbef7c58d8ab338b9d31850912e618d5abe81846aa15e5c298,Figure 4
Fig5,IH_PR,IH,Source MLP,precision_recall_curve,0.910225115269867,0.2302256980174247,,,,2024,binary_20260719_044949_c6c955a30fc2,binary_20260719_044949_c6c955a30fc2,experiments/binary_results/binary_20260719_044949_c6c955a30fc2/test_predictions.csv,f0578c61cfb8f0bbef7c58d8ab338b9d31850912e618d5abe81846aa15e5c298,Figure 4
Fig5,IH_PR,IH,Source MLP,precision_recall_curve,0.9083265527529156,0.2321341928328827,,,,2024,binary_20260719_044949_c6c955a30fc2,binary_20260719_044949_c6c955a30fc2,experiments/binary_results/binary_20260719_044949_c6c955a30fc2/test_predictions.csv,f0578c61cfb8f0bbef7c58d8ab338b9d31850912e618d5abe81846aa15e5c298,Figure 4
Fig5,IH_PR,IH,Source MLP,precision_recall_curve,0.9048006509357202,0.2336789016531241,,,,2024,binary_20260719_044949_c6c955a30fc2,binary_20260719_044949_c6c955a30fc2,experiments/binary_results/binary_20260719_044949_c6c955a30fc2/test_predictions.csv,f0578c61cfb8f0bbef7c58d8ab338b9d31850912e618d5abe81846aa15e5c298,Figure 4
Fig5,IH_PR,IH,Source MLP,precision_recall_curve,0.9012747491185246,0.2352399830100524,,,,2024,binary_20260719_044949_c6c955a30fc2,binary_20260719_044949_c6c955a30fc2,experiments/binary_results/binary_20260719_044949_c6c955a30fc2/test_predictions.csv,f0578c61cfb8f0bbef7c58d8ab338b9d31850912e618d5abe81846aa15e5c298,Figure 4
Fig5,IH_PR,IH,Source MLP,precision_recall_curve,0.8991049633848658,0.2371923297080709,,,,2024,binary_20260719_044949_c6c955a30fc2,binary_20260719_044949_c6c955a30fc2,experiments/binary_results/binary_20260719_044949_c6c955a30fc2/test_predictions.csv,f0578c61cfb8f0bbef7c58d8ab338b9d31850912e618d5abe81846aa15e5c298,Figure 4
Fig5,IH_PR,IH,Source MLP,precision_recall_curve,0.8966639544344996,0.239132007233273,,,,2024,binary_20260719_044949_c6c955a30fc2,binary_20260719_044949_c6c955a30fc2,experiments/binary_results/binary_20260719_044949_c6c955a30fc2/test_predictions.csv,f0578c61cfb8f0bbef7c58d8ab338b9d31850912e618d5abe81846aa15e5c298,Figure 4
Fig5,IH_PR,IH,Source MLP,precision_recall_curve,0.8944941687008408,0.2411876554044171,,,,2024,binary_20260719_044949_c6c955a30fc2,binary_20260719_044949_c6c955a30fc2,experiments/binary_results/binary_20260719_044949_c6c955a30fc2/test_predictions.csv,f0578c61cfb8f0bbef7c58d8ab338b9d31850912e618d5abe81846aa15e5c298,Figure 4
Fig5,IH_PR,IH,Source MLP,precision_recall_curve,0.8906970436669379,0.2428814436802011,,,,2024,binary_20260719_044949_c6c955a30fc2,binary_20260719_044949_c6c955a30fc2,experiments/binary_results/binary_20260719_044949_c6c955a30fc2/test_predictions.csv,f0578c61cfb8f0bbef7c58d8ab338b9d31850912e618d5abe81846aa15e5c298,Figure 4
Fig5,IH_PR,IH,Source MLP,precision_recall_curve,0.8871711418497423,0.2446156147173197,,,,2024,binary_20260719_044949_c6c955a30fc2,binary_20260719_044949_c6c955a30fc2,experiments/binary_results/binary_20260719_044949_c6c955a30fc2/test_predictions.csv,f0578c61cfb8f0bbef7c58d8ab338b9d31850912e618d5abe81846aa15e5c298,Figure 4
Fig5,IH_PR,IH,Source MLP,precision_recall_curve,0.8858150257662056,0.2470125548328543,,,,2024,binary_20260719_044949_c6c955a30fc2,binary_20260719_044949_c6c955a30fc2,experiments/binary_results/binary_20260719_044949_c6c955a30fc2/test_predictions.csv,f0578c61cfb8f0bbef7c58d8ab338b9d31850912e618d5abe81846aa15e5c298,Figure 4
Fig5,IH_PR,IH,Source MLP,precision_recall_curve,0.881475454298888,0.2486230110159118,,,,2024,binary_20260719_044949_c6c955a30fc2,binary_20260719_044949_c6c955a30fc2,experiments/binary_results/binary_20260719_044949_c6c955a30fc2/test_predictions.csv,f0578c61cfb8f0bbef7c58d8ab338b9d31850912e618d5abe81846aa15e5c298,Figure 4
Fig5,IH_PR,IH,Source MLP,precision_recall_curve,0.8776783292649851,0.2504256307073208,,,,2024,binary_20260719_044949_c6c955a30fc2,binary_20260719_044949_c6c955a30fc2,experiments/binary_results/binary_20260719_044949_c6c955a30fc2/test_predictions.csv,f0578c61cfb8f0bbef7c58d8ab338b9d31850912e618d5abe81846aa15e5c298,Figure 4
Fig5,IH_PR,IH,Source MLP,precision_recall_curve,0.8746948738812043,0.2525054807391168,,,,2024,binary_20260719_044949_c6c955a30fc2,binary_20260719_044949_c6c955a30fc2,experiments/binary_results/binary_20260719_044949_c6c955a30fc2/test_predictions.csv,f0578c61cfb8f0bbef7c58d8ab338b9d31850912e618d5abe81846aa15e5c298,Figure 4
Fig5,IH_PR,IH,Source MLP,precision_recall_curve,0.8711689720640087,0.254476311202662,,,,2024,binary_20260719_044949_c6c955a30fc2,binary_20260719_044949_c6c955a30fc2,experiments/binary_results/binary_20260719_044949_c6c955a30fc2/test_predictions.csv,f0578c61cfb8f0bbef7c58d8ab338b9d31850912e618d5abe81846aa15e5c298,Figure 4
Fig5,IH_PR,IH,Source MLP,precision_recall_curve,0.8665581773799838,0.2561943709405822,,,,2024,binary_20260719_044949_c6c955a30fc2,binary_20260719_044949_c6c955a30fc2,experiments/binary_results/binary_20260719_044949_c6c955a30fc2/test_predictions.csv,f0578c61cfb8f0bbef7c58d8ab338b9d31850912e618d5abe81846aa15e5c298,Figure 4
Fig5,IH_PR,IH,Source MLP,precision_recall_curve,0.8641171684296176,0.2585829072315558,,,,2024,binary_20260719_044949_c6c955a30fc2,binary_20260719_044949_c6c955a30fc2,experiments/binary_results/binary_20260719_044949_c6c955a30fc2/test_predictions.csv,f0578c61cfb8f0bbef7c58d8ab338b9d31850912e618d5abe81846aa15e5c298,Figure 4
Fig5,IH_PR,IH,Source MLP,precision_recall_curve,0.8611337130458367,0.2608659929340235,,,,2024,binary_20260719_044949_c6c955a30fc2,binary_20260719_044949_c6c955a30fc2,experiments/binary_results/binary_20260719_044949_c6c955a30fc2/test_predictions.csv,f0578c61cfb8f0bbef7c58d8ab338b9d31850912e618d5abe81846aa15e5c298,Figure 4
Fig5,IH_PR,IH,Source MLP,precision_recall_curve,0.8570653647952264,0.2628951747088186,,,,2024,binary_20260719_044949_c6c955a30fc2,binary_20260719_044949_c6c955a30fc2,experiments/binary_results/binary_20260719_044949_c6c955a30fc2/test_predictions.csv,f0578c61cfb8f0bbef7c58d8ab338b9d31850912e618d5abe81846aa15e5c298,Figure 4
Fig5,IH_PR,IH,Source MLP,precision_recall_curve,0.8532682397613236,0.2650602409638554,,,,2024,binary_20260719_044949_c6c955a30fc2,binary_20260719_044949_c6c955a30fc2,experiments/binary_results/binary_20260719_044949_c6c955a30fc2/test_predictions.csv,f0578c61cfb8f0bbef7c58d8ab338b9d31850912e618d5abe81846aa15e5c298,Figure 4
Fig5,IH_PR,IH,Source MLP,precision_recall_curve,0.8502847843775427,0.2674914675767918,,,,2024,binary_20260719_044949_c6c955a30fc2,binary_20260719_044949_c6c955a30fc2,experiments/binary_results/binary_20260719_044949_c6c955a30fc2/test_predictions.csv,f0578c61cfb8f0bbef7c58d8ab338b9d31850912e618d5abe81846aa15e5c298,Figure 4
Fig5,IH_PR,IH,Source MLP,precision_recall_curve,0.8478437754271766,0.2702048578096637,,,,2024,binary_20260719_044949_c6c955a30fc2,binary_20260719_044949_c6c955a30fc2,experiments/binary_results/binary_20260719_044949_c6c955a30fc2/test_predictions.csv,f0578c61cfb8f0bbef7c58d8ab338b9d31850912e618d5abe81846aa15e5c298,Figure 4
Fig5,IH_PR,IH,Source MLP,precision_recall_curve,0.8456739896935178,0.2730775967770187,,,,2024,binary_20260719_044949_c6c955a30fc2,binary_20260719_044949_c6c955a30fc2,experiments/binary_results/binary_20260719_044949_c6c955a30fc2/test_predictions.csv,f0578c61cfb8f0bbef7c58d8ab338b9d31850912e618d5abe81846aa15e5c298,Figure 4
Fig5,IH_PR,IH,Source MLP,precision_recall_curve,0.8413344182262001,0.275268435531103,,,,2024,binary_20260719_044949_c6c955a30fc2,binary_20260719_044949_c6c955a30fc2,experiments/binary_results/binary_20260719_044949_c6c955a30fc2/test_predictions.csv,f0578c61cfb8f0bbef7c58d8ab338b9d31850912e618d5abe81846aa15e5c298,Figure 4
Fig5,IH_PR,IH,Source MLP,precision_recall_curve,0.8378085164090046,0.2778377406008275,,,,2024,binary_20260719_044949_c6c955a30fc2,binary_20260719_044949_c6c955a30fc2,experiments/binary_results/binary_20260719_044949_c6c955a30fc2/test_predictions.csv,f0578c61cfb8f0bbef7c58d8ab338b9d31850912e618d5abe81846aa15e5c298,Figure 4
Fig5,IH_PR,IH,Source MLP,precision_recall_curve,0.8356387306753458,0.2809080962800875,,,,2024,binary_20260719_044949_c6c955a30fc2,binary_20260719_044949_c6c955a30fc2,experiments/binary_results/binary_20260719_044949_c6c955a30fc2/test_predictions.csv,f0578c61cfb8f0bbef7c58d8ab338b9d31850912e618d5abe81846aa15e5c298,Figure 4
Fig5,IH_PR,IH,Source MLP,precision_recall_curve,0.8302142663411988,0.2829281819022091,,,,2024,binary_20260719_044949_c6c955a30fc2,binary_20260719_044949_c6c955a30fc2,experiments/binary_results/binary_20260719_044949_c6c955a30fc2/test_predictions.csv,f0578c61cfb8f0bbef7c58d8ab338b9d31850912e618d5abe81846aa15e5c298,Figure 4
Fig5,IH_PR,IH,Source MLP,precision_recall_curve,0.8258746948738812,0.2854330708661417,,,,2024,binary_20260719_044949_c6c955a30fc2,binary_20260719_044949_c6c955a30fc2,experiments/binary_results/binary_20260719_044949_c6c955a30fc2/test_predictions.csv,f0578c61cfb8f0bbef7c58d8ab338b9d31850912e618d5abe81846aa15e5c298,Figure 4
Fig5,IH_PR,IH,Source MLP,precision_recall_curve,0.8207214537564416,0.2876699306017682,,,,2024,binary_20260719_044949_c6c955a30fc2,binary_20260719_044949_c6c955a30fc2,experiments/binary_results/binary_20260719_044949_c6c955a30fc2/test_predictions.csv,f0578c61cfb8f0bbef7c58d8ab338b9d31850912e618d5abe81846aa15e5c298,Figure 4
Fig5,IH_PR,IH,Source MLP,precision_recall_curve,0.817195551939246,0.2906617788925333,,,,2024,binary_20260719_044949_c6c955a30fc2,binary_20260719_044949_c6c955a30fc2,experiments/binary_results/binary_20260719_044949_c6c955a30fc2/test_predictions.csv,f0578c61cfb8f0bbef7c58d8ab338b9d31850912e618d5abe81846aa15e5c298,Figure 4
Fig5,IH_PR,IH,Source MLP,precision_recall_curve,0.8114998643883916,0.2929025942241801,,,,2024,binary_20260719_044949_c6c955a30fc2,binary_20260719_044949_c6c955a30fc2,experiments/binary_results/binary_20260719_044949_c6c955a30fc2/test_predictions.csv,f0578c61cfb8f0bbef7c58d8ab338b9d31850912e618d5abe81846aa15e5c298,Figure 4
Fig5,IH_PR,IH,Source MLP,precision_recall_curve,0.8060754000542446,0.2952806756085445,,,,2024,binary_20260719_044949_c6c955a30fc2,binary_20260719_044949_c6c955a30fc2,experiments/binary_results/binary_20260719_044949_c6c955a30fc2/test_predictions.csv,f0578c61cfb8f0bbef7c58d8ab338b9d31850912e618d5abe81846aa15e5c298,Figure 4
Fig5,IH_PR,IH,Source MLP,precision_recall_curve,0.801735828586927,0.2981642122251361,,,,2024,binary_20260719_044949_c6c955a30fc2,binary_20260719_044949_c6c955a30fc2,experiments/binary_results/binary_20260719_044949_c6c955a30fc2/test_predictions.csv,f0578c61cfb8f0bbef7c58d8ab338b9d31850912e618d5abe81846aa15e5c298,Figure 4
Fig5,IH_PR,IH,Source MLP,precision_recall_curve,0.7973962571196095,0.3011061040557148,,,,2024,binary_20260719_044949_c6c955a30fc2,binary_20260719_044949_c6c955a30fc2,experiments/binary_results/binary_20260719_044949_c6c955a30fc2/test_predictions.csv,f0578c61cfb8f0bbef7c58d8ab338b9d31850912e618d5abe81846aa15e5c298,Figure 4
Fig5,IH_PR,IH,Source MLP,precision_recall_curve,0.7919717927854625,0.3037237362180154,,,,2024,binary_20260719_044949_c6c955a30fc2,binary_20260719_044949_c6c955a30fc2,experiments/binary_results/binary_20260719_044949_c6c955a30fc2/test_predictions.csv,f0578c61cfb8f0bbef7c58d8ab338b9d31850912e618d5abe81846aa15e5c298,Figure 4
Fig5,IH_PR,IH,Source MLP,precision_recall_curve,0.7887171141849743,0.3072696534234996,,,,2024,binary_20260719_044949_c6c955a30fc2,binary_20260719_044949_c6c955a30fc2,experiments/binary_results/binary_20260719_044949_c6c955a30fc2/test_predictions.csv,f0578c61cfb8f0bbef7c58d8ab338b9d31850912e618d5abe81846aa15e5c298,Figure 4
Fig5,IH_PR,IH,Source MLP,precision_recall_curve,0.783835096284242,0.310318909051863,,,,2024,binary_20260719_044949_c6c955a30fc2,binary_20260719_044949_c6c955a30fc2,experiments/binary_results/binary_20260719_044949_c6c955a30fc2/test_predictions.csv,f0578c61cfb8f0bbef7c58d8ab338b9d31850912e618d5abe81846aa15e5c298,Figure 4
Fig5,IH_PR,IH,Source MLP,precision_recall_curve,0.7794955248169243,0.3136185072020951,,,,2024,binary_20260719_044949_c6c955a30fc2,binary_20260719_044949_c6c955a30fc2,experiments/binary_results/binary_20260719_044949_c6c955a30fc2/test_predictions.csv,f0578c61cfb8f0bbef7c58d8ab338b9d31850912e618d5abe81846aa15e5c298,Figure 4
Fig5,IH_PR,IH,Source MLP,precision_recall_curve,0.7756983997830215,0.3173194274936203,,,,2024,binary_20260719_044949_c6c955a30fc2,binary_20260719_044949_c6c955a30fc2,experiments/binary_results/binary_20260719_044949_c6c955a30fc2/test_predictions.csv,f0578c61cfb8f0bbef7c58d8ab338b9d31850912e618d5abe81846aa15e5c298,Figure 4
Fig5,IH_PR,IH,Source MLP,precision_recall_curve,0.7694602657987524,0.3201308959602798,,,,2024,binary_20260719_044949_c6c955a30fc2,binary_20260719_044949_c6c955a30fc2,experiments/binary_results/binary_20260719_044949_c6c955a30fc2/test_predictions.csv,f0578c61cfb8f0bbef7c58d8ab338b9d31850912e618d5abe81846aa15e5c298,Figure 4
Fig5,IH_PR,IH,Source MLP,precision_recall_curve,0.7629509085977759,0.3228879706152433,,,,2024,binary_20260719_044949_c6c955a30fc2,binary_20260719_044949_c6c955a30fc2,experiments/binary_results/binary_20260719_044949_c6c955a30fc2/test_predictions.csv,f0578c61cfb8f0bbef7c58d8ab338b9d31850912e618d5abe81846aa15e5c298,Figure 4
Fig5,IH_PR,IH,Source MLP,precision_recall_curve,0.7577976674803363,0.3264018691588785,,,,2024,binary_20260719_044949_c6c955a30fc2,binary_20260719_044949_c6c955a30fc2,experiments/binary_results/binary_20260719_044949_c6c955a30fc2/test_predictions.csv,f0578c61cfb8f0bbef7c58d8ab338b9d31850912e618d5abe81846aa15e5c298,Figure 4
Fig5,IH_PR,IH,Source MLP,precision_recall_curve,0.7537293192297261,0.3305185537583254,,,,2024,binary_20260719_044949_c6c955a30fc2,binary_20260719_044949_c6c955a30fc2,experiments/binary_results/binary_20260719_044949_c6c955a30fc2/test_predictions.csv,f0578c61cfb8f0bbef7c58d8ab338b9d31850912e618d5abe81846aa15e5c298,Figure 4
Fig5,IH_PR,IH,Source MLP,precision_recall_curve,0.7472199620287496,0.3336562916313431,,,,2024,binary_20260719_044949_c6c955a30fc2,binary_20260719_044949_c6c955a30fc2,experiments/binary_results/binary_20260719_044949_c6c955a30fc2/test_predictions.csv,f0578c61cfb8f0bbef7c58d8ab338b9d31850912e618d5abe81846aa15e5c298,Figure 4
Fig5,IH_PR,IH,Source MLP,precision_recall_curve,0.741253051261188,0.3371576609918579,,,,2024,binary_20260719_044949_c6c955a30fc2,binary_20260719_044949_c6c955a30fc2,experiments/binary_results/binary_20260719_044949_c6c955a30fc2/test_predictions.csv,f0578c61cfb8f0bbef7c58d8ab338b9d31850912e618d5abe81846aa15e5c298,Figure 4
Fig5,IH_PR,IH,Source MLP,precision_recall_curve,0.7371847030105777,0.3416289592760181,,,,2024,binary_20260719_044949_c6c955a30fc2,binary_20260719_044949_c6c955a30fc2,experiments/binary_results/binary_20260719_044949_c6c955a30fc2/test_predictions.csv,f0578c61cfb8f0bbef7c58d8ab338b9d31850912e618d5abe81846aa15e5c298,Figure 4
Fig5,IH_PR,IH,Source MLP,precision_recall_curve,0.7301328993761866,0.344862925954394,,,,2024,binary_20260719_044949_c6c955a30fc2,binary_20260719_044949_c6c955a30fc2,experiments/binary_results/binary_20260719_044949_c6c955a30fc2/test_predictions.csv,f0578c61cfb8f0bbef7c58d8ab338b9d31850912e618d5abe81846aa15e5c298,Figure 4
Fig5,IH_PR,IH,Source MLP,precision_recall_curve,0.7241659886086249,0.3488372093023256,,,,2024,binary_20260719_044949_c6c955a30fc2,binary_20260719_044949_c6c955a30fc2,experiments/binary_results/binary_20260719_044949_c6c955a30fc2/test_predictions.csv,f0578c61cfb8f0bbef7c58d8ab338b9d31850912e618d5abe81846aa15e5c298,Figure 4
Fig5,IH_PR,IH,Source MLP,precision_recall_curve,0.7184703010577705,0.352964690206529,,,,2024,binary_20260719_044949_c6c955a30fc2,binary_20260719_044949_c6c955a30fc2,experiments/binary_results/binary_20260719_044949_c6c955a30fc2/test_predictions.csv,f0578c61cfb8f0bbef7c58d8ab338b9d31850912e618d5abe81846aa15e5c298,Figure 4
Fig5,IH_PR,IH,Source MLP,precision_recall_curve,0.7122321670735015,0.3570360299116247,,,,2024,binary_20260719_044949_c6c955a30fc2,binary_20260719_044949_c6c955a30fc2,experiments/binary_results/binary_20260719_044949_c6c955a30fc2/test_predictions.csv,f0578c61cfb8f0bbef7c58d8ab338b9d31850912e618d5abe81846aa15e5c298,Figure 4
Fig5,IH_PR,IH,Source MLP,precision_recall_curve,0.7038242473555736,0.3601665510062456,,,,2024,binary_20260719_044949_c6c955a30fc2,binary_20260719_044949_c6c955a30fc2,experiments/binary_results/binary_20260719_044949_c6c955a30fc2/test_predictions.csv,f0578c61cfb8f0bbef7c58d8ab338b9d31850912e618d5abe81846aa15e5c298,Figure 4
Fig5,IH_PR,IH,Source MLP,precision_recall_curve,0.6962299972877678,0.3638038548752834,,,,2024,binary_20260719_044949_c6c955a30fc2,binary_20260719_044949_c6c955a30fc2,experiments/binary_results/binary_20260719_044949_c6c955a30fc2/test_predictions.csv,f0578c61cfb8f0bbef7c58d8ab338b9d31850912e618d5abe81846aa15e5c298,Figure 4
Fig5,IH_PR,IH,Source MLP,precision_recall_curve,0.6897206400867915,0.3682305241818708,,,,2024,binary_20260719_044949_c6c955a30fc2,binary_20260719_044949_c6c955a30fc2,experiments/binary_results/binary_20260719_044949_c6c955a30fc2/test_predictions.csv,f0578c61cfb8f0bbef7c58d8ab338b9d31850912e618d5abe81846aa15e5c298,Figure 4
Fig5,IH_PR,IH,Source MLP,precision_recall_curve,0.6802278275020341,0.3712255772646536,,,,2024,binary_20260719_044949_c6c955a30fc2,binary_20260719_044949_c6c955a30fc2,experiments/binary_results/binary_20260719_044949_c6c955a30fc2/test_predictions.csv,f0578c61cfb8f0bbef7c58d8ab338b9d31850912e618d5abe81846aa15e5c298,Figure 4
Fig5,IH_PR,IH,Source MLP,precision_recall_curve,0.6718199077841063,0.3749621556161066,,,,2024,binary_20260719_044949_c6c955a30fc2,binary_20260719_044949_c6c955a30fc2,experiments/binary_results/binary_20260719_044949_c6c955a30fc2/test_predictions.csv,f0578c61cfb8f0bbef7c58d8ab338b9d31850912e618d5abe81846aa15e5c298,Figure 4
Fig5,IH_PR,IH,Source MLP,precision_recall_curve,0.6647681041497152,0.379705654531371,,,,2024,binary_20260719_044949_c6c955a30fc2,binary_20260719_044949_c6c955a30fc2,experiments/binary_results/binary_20260719_044949_c6c955a30fc2/test_predictions.csv,f0578c61cfb8f0bbef7c58d8ab338b9d31850912e618d5abe81846aa15e5c298,Figure 4
Fig5,IH_PR,IH,Source MLP,precision_recall_curve,0.655275291564958,0.383248730964467,,,,2024,binary_20260719_044949_c6c955a30fc2,binary_20260719_044949_c6c955a30fc2,experiments/binary_results/binary_20260719_044949_c6c955a30fc2/test_predictions.csv,f0578c61cfb8f0bbef7c58d8ab338b9d31850912e618d5abe81846aa15e5c298,Figure 4
Fig5,IH_PR,IH,Source MLP,precision_recall_curve,0.6465961486303228,0.3875162548764629,,,,2024,binary_20260719_044949_c6c955a30fc2,binary_20260719_044949_c6c955a30fc2,experiments/binary_results/binary_20260719_044949_c6c955a30fc2/test_predictions.csv,f0578c61cfb8f0bbef7c58d8ab338b9d31850912e618d5abe81846aa15e5c298,Figure 4
Fig5,IH_PR,IH,Source MLP,precision_recall_curve,0.6387306753458096,0.3923692102632455,,,,2024,binary_20260719_044949_c6c955a30fc2,binary_20260719_044949_c6c955a30fc2,experiments/binary_results/binary_20260719_044949_c6c955a30fc2/test_predictions.csv,f0578c61cfb8f0bbef7c58d8ab338b9d31850912e618d5abe81846aa15e5c298,Figure 4
Fig5,IH_PR,IH,Source MLP,precision_recall_curve,0.6295090859777597,0.3965487784042371,,,,2024,binary_20260719_044949_c6c955a30fc2,binary_20260719_044949_c6c955a30fc2,experiments/binary_results/binary_20260719_044949_c6c955a30fc2/test_predictions.csv,f0578c61cfb8f0bbef7c58d8ab338b9d31850912e618d5abe81846aa15e5c298,Figure 4
Fig5,IH_PR,IH,Source MLP,precision_recall_curve,0.6202874966097098,0.4010170085919691,,,,2024,binary_20260719_044949_c6c955a30fc2,binary_20260719_044949_c6c955a30fc2,experiments/binary_results/binary_20260719_044949_c6c955a30fc2/test_predictions.csv,f0578c61cfb8f0bbef7c58d8ab338b9d31850912e618d5abe81846aa15e5c298,Figure 4
Fig5,IH_PR,IH,Source MLP,precision_recall_curve,0.6148630322755628,0.408321325648415,,,,2024,binary_20260719_044949_c6c955a30fc2,binary_20260719_044949_c6c955a30fc2,experiments/binary_results/binary_20260719_044949_c6c955a30fc2/test_predictions.csv,f0578c61cfb8f0bbef7c58d8ab338b9d31850912e618d5abe81846aa15e5c298,Figure 4
Fig5,IH_PR,IH,Source MLP,precision_recall_curve,0.6059126661242202,0.4135505368382081,,,,2024,binary_20260719_044949_c6c955a30fc2,binary_20260719_044949_c6c955a30fc2,experiments/binary_results/binary_20260719_044949_c6c955a30fc2/test_predictions.csv,f0578c61cfb8f0bbef7c58d8ab338b9d31850912e618d5abe81846aa15e5c298,Figure 4
Fig5,IH_PR,IH,Source MLP,precision_recall_curve,0.5969622999728776,0.4190784463061691,,,,2024,binary_20260719_044949_c6c955a30fc2,binary_20260719_044949_c6c955a30fc2,experiments/binary_results/binary_20260719_044949_c6c955a30fc2/test_predictions.csv,f0578c61cfb8f0bbef7c58d8ab338b9d31850912e618d5abe81846aa15e5c298,Figure 4
Fig5,IH_PR,IH,Source MLP,precision_recall_curve,0.5866558177379984,0.4240345030386199,,,,2024,binary_20260719_044949_c6c955a30fc2,binary_20260719_044949_c6c955a30fc2,experiments/binary_results/binary_20260719_044949_c6c955a30fc2/test_predictions.csv,f0578c61cfb8f0bbef7c58d8ab338b9d31850912e618d5abe81846aa15e5c298,Figure 4
Fig5,IH_PR,IH,Source MLP,precision_recall_curve,0.5782478980200705,0.4306200767521713,,,,2024,binary_20260719_044949_c6c955a30fc2,binary_20260719_044949_c6c955a30fc2,experiments/binary_results/binary_20260719_044949_c6c955a30fc2/test_predictions.csv,f0578c61cfb8f0bbef7c58d8ab338b9d31850912e618d5abe81846aa15e5c298,Figure 4
Fig5,IH_PR,IH,Source MLP,precision_recall_curve,0.5665852997016545,0.4351176838158717,,,,2024,binary_20260719_044949_c6c955a30fc2,binary_20260719_044949_c6c955a30fc2,experiments/binary_results/binary_20260719_044949_c6c955a30fc2/test_predictions.csv,f0578c61cfb8f0bbef7c58d8ab338b9d31850912e618d5abe81846aa15e5c298,Figure 4
Fig5,IH_PR,IH,Source MLP,precision_recall_curve,0.5579061567670193,0.4422704794667813,,,,2024,binary_20260719_044949_c6c955a30fc2,binary_20260719_044949_c6c955a30fc2,experiments/binary_results/binary_20260719_044949_c6c955a30fc2/test_predictions.csv,f0578c61cfb8f0bbef7c58d8ab338b9d31850912e618d5abe81846aa15e5c298,Figure 4
Fig5,IH_PR,IH,Source MLP,precision_recall_curve,0.5473284513154326,0.4482452243447357,,,,2024,binary_20260719_044949_c6c955a30fc2,binary_20260719_044949_c6c955a30fc2,experiments/binary_results/binary_20260719_044949_c6c955a30fc2/test_predictions.csv,f0578c61cfb8f0bbef7c58d8ab338b9d31850912e618d5abe81846aa15e5c298,Figure 4
Fig5,IH_PR,IH,Source MLP,precision_recall_curve,0.5364795226471386,0.4545036764705882,,,,2024,binary_20260719_044949_c6c955a30fc2,binary_20260719_044949_c6c955a30fc2,experiments/binary_results/binary_20260719_044949_c6c955a30fc2/test_predictions.csv,f0578c61cfb8f0bbef7c58d8ab338b9d31850912e618d5abe81846aa15e5c298,Figure 4
Fig5,IH_PR,IH,Source MLP,precision_recall_curve,0.5261730404122593,0.461794810759343,,,,2024,binary_20260719_044949_c6c955a30fc2,binary_20260719_044949_c6c955a30fc2,experiments/binary_results/binary_20260719_044949_c6c955a30fc2/test_predictions.csv,f0578c61cfb8f0bbef7c58d8ab338b9d31850912e618d5abe81846aa15e5c298,Figure 4
Fig5,IH_PR,IH,Source MLP,precision_recall_curve,0.51586655817738,0.4697456162015312,,,,2024,binary_20260719_044949_c6c955a30fc2,binary_20260719_044949_c6c955a30fc2,experiments/binary_results/binary_20260719_044949_c6c955a30fc2/test_predictions.csv,f0578c61cfb8f0bbef7c58d8ab338b9d31850912e618d5abe81846aa15e5c298,Figure 4
Fig5,IH_PR,IH,Source MLP,precision_recall_curve,0.5042039598589639,0.4769112365315546,,,,2024,binary_20260719_044949_c6c955a30fc2,binary_20260719_044949_c6c955a30fc2,experiments/binary_results/binary_20260719_044949_c6c955a30fc2/test_predictions.csv,f0578c61cfb8f0bbef7c58d8ab338b9d31850912e618d5abe81846aa15e5c298,Figure 4
Fig5,IH_PR,IH,Source MLP,precision_recall_curve,0.4933550311906699,0.4851960522806081,,,,2024,binary_20260719_044949_c6c955a30fc2,binary_20260719_044949_c6c955a30fc2,experiments/binary_results/binary_20260719_044949_c6c955a30fc2/test_predictions.csv,f0578c61cfb8f0bbef7c58d8ab338b9d31850912e618d5abe81846aa15e5c298,Figure 4
Fig5,IH_PR,IH,Source MLP,precision_recall_curve,0.48114998643883916,0.4929146985273687,,,,2024,binary_20260719_044949_c6c955a30fc2,binary_20260719_044949_c6c955a30fc2,experiments/binary_results/binary_20260719_044949_c6c955a30fc2/test_predictions.csv,f0578c61cfb8f0bbef7c58d8ab338b9d31850912e618d5abe81846aa15e5c298,Figure 4
Fig5,IH_PR,IH,Source MLP,precision_recall_curve,0.46867371847030104,0.5010147868947521,,,,2024,binary_20260719_044949_c6c955a30fc2,binary_20260719_044949_c6c955a30fc2,experiments/binary_results/binary_20260719_044949_c6c955a30fc2/test_predictions.csv,f0578c61cfb8f0bbef7c58d8ab338b9d31850912e618d5abe81846aa15e5c298,Figure 4
Fig5,IH_PR,IH,Source MLP,precision_recall_curve,0.45728234336859236,0.5109090909090909,,,,2024,binary_20260719_044949_c6c955a30fc2,binary_20260719_044949_c6c955a30fc2,experiments/binary_results/binary_20260719_044949_c6c955a30fc2/test_predictions.csv,f0578c61cfb8f0bbef7c58d8ab338b9d31850912e618d5abe81846aa15e5c298,Figure 4
Fig5,IH_PR,IH,Source MLP,precision_recall_curve,0.44263628966639545,0.5182597650047635,,,,2024,binary_20260719_044949_c6c955a30fc2,binary_20260719_044949_c6c955a30fc2,experiments/binary_results/binary_20260719_044949_c6c955a30fc2/test_predictions.csv,f0578c61cfb8f0bbef7c58d8ab338b9d31850912e618d5abe81846aa15e5c298,Figure 4
Fig5,IH_PR,IH,Source MLP,precision_recall_curve,0.4288039056143206,0.5273515677118079,,,,2024,binary_20260719_044949_c6c955a30fc2,binary_20260719_044949_c6c955a30fc2,experiments/binary_results/binary_20260719_044949_c6c955a30fc2/test_predictions.csv,f0578c61cfb8f0bbef7c58d8ab338b9d31850912e618d5abe81846aa15e5c298,Figure 4
Fig5,IH_PR,IH,Source MLP,precision_recall_curve,0.4157851912123678,0.5382724719101124,,,,2024,binary_20260719_044949_c6c955a30fc2,binary_20260719_044949_c6c955a30fc2,experiments/binary_results/binary_20260719_044949_c6c955a30fc2/test_predictions.csv,f0578c61cfb8f0bbef7c58d8ab338b9d31850912e618d5abe81846aa15e5c298,Figure 4
Fig5,IH_PR,IH,Source MLP,precision_recall_curve,0.39951179820992677,0.5459599703484063,,,,2024,binary_20260719_044949_c6c955a30fc2,binary_20260719_044949_c6c955a30fc2,experiments/binary_results/binary_20260719_044949_c6c955a30fc2/test_predictions.csv,f0578c61cfb8f0bbef7c58d8ab338b9d31850912e618d5abe81846aa15e5c298,Figure 4
Fig5,IH_PR,IH,Source MLP,precision_recall_curve,0.381068619473827,0.5514128728414442,,,,2024,binary_20260719_044949_c6c955a30fc2,binary_20260719_044949_c6c955a30fc2,experiments/binary_results/binary_20260719_044949_c6c955a30fc2/test_predictions.csv,f0578c61cfb8f0bbef7c58d8ab338b9d31850912e618d5abe81846aa15e5c298,Figure 4
Fig5,IH_PR,IH,Source MLP,precision_recall_curve,0.36425278003797124,0.5598165902459358,,,,2024,binary_20260719_044949_c6c955a30fc2,binary_20260719_044949_c6c955a30fc2,experiments/binary_results/binary_20260719_044949_c6c955a30fc2/test_predictions.csv,f0578c61cfb8f0bbef7c58d8ab338b9d31850912e618d5abe81846aa15e5c298,Figure 4
Fig5,IH_PR,IH,Source MLP,precision_recall_curve,0.34906427990235966,0.572508896797153,,,,2024,binary_20260719_044949_c6c955a30fc2,binary_20260719_044949_c6c955a30fc2,experiments/binary_results/binary_20260719_044949_c6c955a30fc2/test_predictions.csv,f0578c61cfb8f0bbef7c58d8ab338b9d31850912e618d5abe81846aa15e5c298,Figure 4
Fig5,IH_PR,IH,Source MLP,precision_recall_curve,0.3322484404665039,0.5838894184938036,,,,2024,binary_20260719_044949_c6c955a30fc2,binary_20260719_044949_c6c955a30fc2,experiments/binary_results/binary_20260719_044949_c6c955a30fc2/test_predictions.csv,f0578c61cfb8f0bbef7c58d8ab338b9d31850912e618d5abe81846aa15e5c298,Figure 4
Fig5,IH_PR,IH,Source MLP,precision_recall_curve,0.31814483319772174,0.6021560574948666,,,,2024,binary_20260719_044949_c6c955a30fc2,binary_20260719_044949_c6c955a30fc2,experiments/binary_results/binary_20260719_044949_c6c955a30fc2/test_predictions.csv,f0578c61cfb8f0bbef7c58d8ab338b9d31850912e618d5abe81846aa15e5c298,Figure 4
Fig5,IH_PR,IH,Source MLP,precision_recall_curve,0.3002441008950366,0.6160267111853088,,,,2024,binary_20260719_044949_c6c955a30fc2,binary_20260719_044949_c6c955a30fc2,experiments/binary_results/binary_20260719_044949_c6c955a30fc2/test_predictions.csv,f0578c61cfb8f0bbef7c58d8ab338b9d31850912e618d5abe81846aa15e5c298,Figure 4
Fig5,IH_PR,IH,Source MLP,precision_recall_curve,0.2820721453756442,0.6310679611650486,,,,2024,binary_20260719_044949_c6c955a30fc2,binary_20260719_044949_c6c955a30fc2,experiments/binary_results/binary_20260719_044949_c6c955a30fc2/test_predictions.csv,f0578c61cfb8f0bbef7c58d8ab338b9d31850912e618d5abe81846aa15e5c298,Figure 4
Fig5,IH_PR,IH,Source MLP,precision_recall_curve,0.26254407377271494,0.6461949265687583,,,,2024,binary_20260719_044949_c6c955a30fc2,binary_20260719_044949_c6c955a30fc2,experiments/binary_results/binary_20260719_044949_c6c955a30fc2/test_predictions.csv,f0578c61cfb8f0bbef7c58d8ab338b9d31850912e618d5abe81846aa15e5c298,Figure 4
Fig5,IH_PR,IH,Source MLP,precision_recall_curve,0.2454570111201519,0.6713649851632048,,,,2024,binary_20260719_044949_c6c955a30fc2,binary_20260719_044949_c6c955a30fc2,experiments/binary_results/binary_20260719_044949_c6c955a30fc2/test_predictions.csv,f0578c61cfb8f0bbef7c58d8ab338b9d31850912e618d5abe81846aa15e5c298,Figure 4
Fig5,IH_PR,IH,Source MLP,precision_recall_curve,0.21996202874966098,0.6769616026711185,,,,2024,binary_20260719_044949_c6c955a30fc2,binary_20260719_044949_c6c955a30fc2,experiments/binary_results/binary_20260719_044949_c6c955a30fc2/test_predictions.csv,f0578c61cfb8f0bbef7c58d8ab338b9d31850912e618d5abe81846aa15e5c298,Figure 4
Fig5,IH_PR,IH,Source MLP,precision_recall_curve,0.1996202874966097,0.7022900763358778,,,,2024,binary_20260719_044949_c6c955a30fc2,binary_20260719_044949_c6c955a30fc2,experiments/binary_results/binary_20260719_044949_c6c955a30fc2/test_predictions.csv,f0578c61cfb8f0bbef7c58d8ab338b9d31850912e618d5abe81846aa15e5c298,Figure 4
Fig5,IH_PR,IH,Source MLP,precision_recall_curve,0.17493897477624085,0.7182628062360802,,,,2024,binary_20260719_044949_c6c955a30fc2,binary_20260719_044949_c6c955a30fc2,experiments/binary_results/binary_20260719_044949_c6c955a30fc2/test_predictions.csv,f0578c61cfb8f0bbef7c58d8ab338b9d31850912e618d5abe81846aa15e5c298,Figure 4
Fig5,IH_PR,IH,Source MLP,precision_recall_curve,0.14944399240574993,0.7356475300400535,,,,2024,binary_20260719_044949_c6c955a30fc2,binary_20260719_044949_c6c955a30fc2,experiments/binary_results/binary_20260719_044949_c6c955a30fc2/test_predictions.csv,f0578c61cfb8f0bbef7c58d8ab338b9d31850912e618d5abe81846aa15e5c298,Figure 4
Fig5,IH_PR,IH,Source MLP,precision_recall_curve,0.12150800108489286,0.7479131886477463,,,,2024,binary_20260719_044949_c6c955a30fc2,binary_20260719_044949_c6c955a30fc2,experiments/binary_results/binary_20260719_044949_c6c955a30fc2/test_predictions.csv,f0578c61cfb8f0bbef7c58d8ab338b9d31850912e618d5abe81846aa15e5c298,Figure 4
Fig5,IH_PR,IH,Source MLP,precision_recall_curve,0.09384323298074315,0.7706013363028953,,,,2024,binary_20260719_044949_c6c955a30fc2,binary_20260719_044949_c6c955a30fc2,experiments/binary_results/binary_20260719_044949_c6c955a30fc2/test_predictions.csv,f0578c61cfb8f0bbef7c58d8ab338b9d31850912e618d5abe81846aa15e5c298,Figure 4
Fig5,IH_PR,IH,Source MLP,precision_recall_curve,0.06509357200976404,0.8,,,,2024,binary_20260719_044949_c6c955a30fc2,binary_20260719_044949_c6c955a30fc2,experiments/binary_results/binary_20260719_044949_c6c955a30fc2/test_predictions.csv,f0578c61cfb8f0bbef7c58d8ab338b9d31850912e618d5abe81846aa15e5c298,Figure 4
Fig5,IH_PR,IH,Source MLP,precision_recall_curve,0.03254678600488202,0.8,,,,2024,binary_20260719_044949_c6c955a30fc2,binary_20260719_044949_c6c955a30fc2,experiments/binary_results/binary_20260719_044949_c6c955a30fc2/test_predictions.csv,f0578c61cfb8f0bbef7c58d8ab338b9d31850912e618d5abe81846aa15e5c298,Figure 4
Fig5,IH_PR,IH,Source MLP,precision_recall_curve,0.0,1.0,,,,2024,binary_20260719_044949_c6c955a30fc2,binary_20260719_044949_c6c955a30fc2,experiments/binary_results/binary_20260719_044949_c6c955a30fc2/test_predictions.csv,f0578c61cfb8f0bbef7c58d8ab338b9d31850912e618d5abe81846aa15e5c298,Figure 4
Fig5,IH_calibration,IH,Source MLP,observed_rate,0.02372333198667186,0.0033478406427854,,,2987,2024,binary_20260719_044949_c6c955a30fc2,binary_20260719_044949_c6c955a30fc2,experiments/binary_results/binary_20260719_044949_c6c955a30fc2/test_predictions.csv,f0578c61cfb8f0bbef7c58d8ab338b9d31850912e618d5abe81846aa15e5c298,Figure 4
Fig5,IH_calibration,IH,Source MLP,observed_rate,0.04620462684590349,0.0090391697355205,,,2987,2024,binary_20260719_044949_c6c955a30fc2,binary_20260719_044949_c6c955a30fc2,experiments/binary_results/binary_20260719_044949_c6c955a30fc2/test_predictions.csv,f0578c61cfb8f0bbef7c58d8ab338b9d31850912e618d5abe81846aa15e5c298,Figure 4
Fig5,IH_calibration,IH,Source MLP,observed_rate,0.06218651001253827,0.0194239785666443,,,2986,2024,binary_20260719_044949_c6c955a30fc2,binary_20260719_044949_c6c955a30fc2,experiments/binary_results/binary_20260719_044949_c6c955a30fc2/test_predictions.csv,f0578c61cfb8f0bbef7c58d8ab338b9d31850912e618d5abe81846aa15e5c298,Figure 4
Fig5,IH_calibration,IH,Source MLP,observed_rate,0.07849748238409658,0.0247740207566119,,,2987,2024,binary_20260719_044949_c6c955a30fc2,binary_20260719_044949_c6c955a30fc2,experiments/binary_results/binary_20260719_044949_c6c955a30fc2/test_predictions.csv,f0578c61cfb8f0bbef7c58d8ab338b9d31850912e618d5abe81846aa15e5c298,Figure 4
Fig5,IH_calibration,IH,Source MLP,observed_rate,0.09678001187805267,0.0468854655056932,,,2986,2024,binary_20260719_044949_c6c955a30fc2,binary_20260719_044949_c6c955a30fc2,experiments/binary_results/binary_20260719_044949_c6c955a30fc2/test_predictions.csv,f0578c61cfb8f0bbef7c58d8ab338b9d31850912e618d5abe81846aa15e5c298,Figure 4
Fig5,IH_calibration,IH,Source MLP,observed_rate,0.11709636802971692,0.0759959825912286,,,2987,2024,binary_20260719_044949_c6c955a30fc2,binary_20260719_044949_c6c955a30fc2,experiments/binary_results/binary_20260719_044949_c6c955a30fc2/test_predictions.csv,f0578c61cfb8f0bbef7c58d8ab338b9d31850912e618d5abe81846aa15e5c298,Figure 4
Fig5,IH_calibration,IH,Source MLP,observed_rate,0.14247363749602251,0.1001339584728734,,,2986,2024,binary_20260719_044949_c6c955a30fc2,binary_20260719_044949_c6c955a30fc2,experiments/binary_results/binary_20260719_044949_c6c955a30fc2/test_predictions.csv,f0578c61cfb8f0bbef7c58d8ab338b9d31850912e618d5abe81846aa15e5c298,Figure 4
Fig5,IH_calibration,IH,Source MLP,observed_rate,0.1747852659606024,0.1687311683963843,,,2987,2024,binary_20260719_044949_c6c955a30fc2,binary_20260719_044949_c6c955a30fc2,experiments/binary_results/binary_20260719_044949_c6c955a30fc2/test_predictions.csv,f0578c61cfb8f0bbef7c58d8ab338b9d31850912e618d5abe81846aa15e5c298,Figure 4
Fig5,IH_calibration,IH,Source MLP,observed_rate,0.22308326813508603,0.2575351640991292,,,2986,2024,binary_20260719_044949_c6c955a30fc2,binary_20260719_044949_c6c955a30fc2,experiments/binary_results/binary_20260719_044949_c6c955a30fc2/test_predictions.csv,f0578c61cfb8f0bbef7c58d8ab338b9d31850912e618d5abe81846aa15e5c298,Figure 4
Fig5,IH_calibration,IH,Source MLP,observed_rate,0.3438838594402688,0.5286240374958152,,,2987,2024,binary_20260719_044949_c6c955a30fc2,binary_20260719_044949_c6c955a30fc2,experiments/binary_results/binary_20260719_044949_c6c955a30fc2/test_predictions.csv,f0578c61cfb8f0bbef7c58d8ab338b9d31850912e618d5abe81846aa15e5c298,Figure 4
Fig5,IH_ROC,IH,Updated MLP,roc_curve,0.0,0.0,,,,2024,binary_20260719_044949_c6c955a30fc2,binary_20260719_044949_c6c955a30fc2,experiments/binary_results/binary_20260719_044949_c6c955a30fc2/test_predictions.csv,f0578c61cfb8f0bbef7c58d8ab338b9d31850912e618d5abe81846aa15e5c298,Figure 4
Fig5,IH_ROC,IH,Updated MLP,roc_curve,0.0004583826731349555,0.0206129644697586,,,,2024,binary_20260719_044949_c6c955a30fc2,binary_20260719_044949_c6c955a30fc2,experiments/binary_results/binary_20260719_044949_c6c955a30fc2/test_predictions.csv,f0578c61cfb8f0bbef7c58d8ab338b9d31850912e618d5abe81846aa15e5c298,Figure 4
Fig5,IH_ROC,IH,Updated MLP,roc_curve,0.0010695595706482295,0.0436669378898833,,,,2024,binary_20260719_044949_c6c955a30fc2,binary_20260719_044949_c6c955a30fc2,experiments/binary_results/binary_20260719_044949_c6c955a30fc2/test_predictions.csv,f0578c61cfb8f0bbef7c58d8ab338b9d31850912e618d5abe81846aa15e5c298,Figure 4
Fig5,IH_ROC,IH,Updated MLP,roc_curve,0.001527942243783185,0.0583129915920802,,,,2024,binary_20260719_044949_c6c955a30fc2,binary_20260719_044949_c6c955a30fc2,experiments/binary_results/binary_20260719_044949_c6c955a30fc2/test_predictions.csv,f0578c61cfb8f0bbef7c58d8ab338b9d31850912e618d5abe81846aa15e5c298,Figure 4
Fig5,IH_ROC,IH,Updated MLP,roc_curve,0.0022919133656747774,0.0732302685109845,,,,2024,binary_20260719_044949_c6c955a30fc2,binary_20260719_044949_c6c955a30fc2,experiments/binary_results/binary_20260719_044949_c6c955a30fc2/test_predictions.csv,f0578c61cfb8f0bbef7c58d8ab338b9d31850912e618d5abe81846aa15e5c298,Figure 4
Fig5,IH_ROC,IH,Updated MLP,roc_curve,0.002826693150998892,0.0810957417954977,,,,2024,binary_20260719_044949_c6c955a30fc2,binary_20260719_044949_c6c955a30fc2,experiments/binary_results/binary_20260719_044949_c6c955a30fc2/test_predictions.csv,f0578c61cfb8f0bbef7c58d8ab338b9d31850912e618d5abe81846aa15e5c298,Figure 4
Fig5,IH_ROC,IH,Updated MLP,roc_curve,0.003437870048512166,0.0900461079468402,,,,2024,binary_20260719_044949_c6c955a30fc2,binary_20260719_044949_c6c955a30fc2,experiments/binary_results/binary_20260719_044949_c6c955a30fc2/test_predictions.csv,f0578c61cfb8f0bbef7c58d8ab338b9d31850912e618d5abe81846aa15e5c298,Figure 4
Fig5,IH_ROC,IH,Updated MLP,roc_curve,0.003972649833836281,0.1019799294819636,,,,2024,binary_20260719_044949_c6c955a30fc2,binary_20260719_044949_c6c955a30fc2,experiments/binary_results/binary_20260719_044949_c6c955a30fc2/test_predictions.csv,f0578c61cfb8f0bbef7c58d8ab338b9d31850912e618d5abe81846aa15e5c298,Figure 4
Fig5,IH_ROC,IH,Updated MLP,roc_curve,0.0046220252874441346,0.1166259831841605,,,,2024,binary_20260719_044949_c6c955a30fc2,binary_20260719_044949_c6c955a30fc2,experiments/binary_results/binary_20260719_044949_c6c955a30fc2/test_predictions.csv,f0578c61cfb8f0bbef7c58d8ab338b9d31850912e618d5abe81846aa15e5c298,Figure 4
Fig5,IH_ROC,IH,Updated MLP,roc_curve,0.005233202184957409,0.1263900189856251,,,,2024,binary_20260719_044949_c6c955a30fc2,binary_20260719_044949_c6c955a30fc2,experiments/binary_results/binary_20260719_044949_c6c955a30fc2/test_predictions.csv,f0578c61cfb8f0bbef7c58d8ab338b9d31850912e618d5abe81846aa15e5c298,Figure 4
Fig5,IH_ROC,IH,Updated MLP,roc_curve,0.005920776194659842,0.1388662869541632,,,,2024,binary_20260719_044949_c6c955a30fc2,binary_20260719_044949_c6c955a30fc2,experiments/binary_results/binary_20260719_044949_c6c955a30fc2/test_predictions.csv,f0578c61cfb8f0bbef7c58d8ab338b9d31850912e618d5abe81846aa15e5c298,Figure 4
Fig5,IH_ROC,IH,Updated MLP,roc_curve,0.006608350204362275,0.1480878763222131,,,,2024,binary_20260719_044949_c6c955a30fc2,binary_20260719_044949_c6c955a30fc2,experiments/binary_results/binary_20260719_044949_c6c955a30fc2/test_predictions.csv,f0578c61cfb8f0bbef7c58d8ab338b9d31850912e618d5abe81846aa15e5c298,Figure 4
Fig5,IH_ROC,IH,Updated MLP,roc_curve,0.007372321326253868,0.1583943585570925,,,,2024,binary_20260719_044949_c6c955a30fc2,binary_20260719_044949_c6c955a30fc2,experiments/binary_results/binary_20260719_044949_c6c955a30fc2/test_predictions.csv,f0578c61cfb8f0bbef7c58d8ab338b9d31850912e618d5abe81846aa15e5c298,Figure 4
Fig5,IH_ROC,IH,Updated MLP,roc_curve,0.007945299667672562,0.1689720640086791,,,,2024,binary_20260719_044949_c6c955a30fc2,binary_20260719_044949_c6c955a30fc2,experiments/binary_results/binary_20260719_044949_c6c955a30fc2/test_predictions.csv,f0578c61cfb8f0bbef7c58d8ab338b9d31850912e618d5abe81846aa15e5c298,Figure 4
Fig5,IH_ROC,IH,Updated MLP,roc_curve,0.008632873677374996,0.1760238676430702,,,,2024,binary_20260719_044949_c6c955a30fc2,binary_20260719_044949_c6c955a30fc2,experiments/binary_results/binary_20260719_044949_c6c955a30fc2/test_predictions.csv,f0578c61cfb8f0bbef7c58d8ab338b9d31850912e618d5abe81846aa15e5c298,Figure 4
Fig5,IH_ROC,IH,Updated MLP,roc_curve,0.009473241911455746,0.1847030105777054,,,,2024,binary_20260719_044949_c6c955a30fc2,binary_20260719_044949_c6c955a30fc2,experiments/binary_results/binary_20260719_044949_c6c955a30fc2/test_predictions.csv,f0578c61cfb8f0bbef7c58d8ab338b9d31850912e618d5abe81846aa15e5c298,Figure 4
Fig5,IH_ROC,IH,Updated MLP,roc_curve,0.01019901447725276,0.1963656088961215,,,,2024,binary_20260719_044949_c6c955a30fc2,binary_20260719_044949_c6c955a30fc2,experiments/binary_results/binary_20260719_044949_c6c955a30fc2/test_predictions.csv,f0578c61cfb8f0bbef7c58d8ab338b9d31850912e618d5abe81846aa15e5c298,Figure 4
Fig5,IH_ROC,IH,Updated MLP,roc_curve,0.010924787043049772,0.2047735286140493,,,,2024,binary_20260719_044949_c6c955a30fc2,binary_20260719_044949_c6c955a30fc2,experiments/binary_results/binary_20260719_044949_c6c955a30fc2/test_predictions.csv,f0578c61cfb8f0bbef7c58d8ab338b9d31850912e618d5abe81846aa15e5c298,Figure 4
Fig5,IH_ROC,IH,Updated MLP,roc_curve,0.011765155277130524,0.2115541090317331,,,,2024,binary_20260719_044949_c6c955a30fc2,binary_20260719_044949_c6c955a30fc2,experiments/binary_results/binary_20260719_044949_c6c955a30fc2/test_predictions.csv,f0578c61cfb8f0bbef7c58d8ab338b9d31850912e618d5abe81846aa15e5c298,Figure 4
Fig5,IH_ROC,IH,Updated MLP,roc_curve,0.012299935062454638,0.2196908055329536,,,,2024,binary_20260719_044949_c6c955a30fc2,binary_20260719_044949_c6c955a30fc2,experiments/binary_results/binary_20260719_044949_c6c955a30fc2/test_predictions.csv,f0578c61cfb8f0bbef7c58d8ab338b9d31850912e618d5abe81846aa15e5c298,Figure 4
Fig5,IH_ROC,IH,Updated MLP,roc_curve,0.013369494633102868,0.2294548413344182,,,,2024,binary_20260719_044949_c6c955a30fc2,binary_20260719_044949_c6c955a30fc2,experiments/binary_results/binary_20260719_044949_c6c955a30fc2/test_predictions.csv,f0578c61cfb8f0bbef7c58d8ab338b9d31850912e618d5abe81846aa15e5c298,Figure 4
Fig5,IH_ROC,IH,Updated MLP,roc_curve,0.01413346575499446,0.2405749932194195,,,,2024,binary_20260719_044949_c6c955a30fc2,binary_20260719_044949_c6c955a30fc2,experiments/binary_results/binary_20260719_044949_c6c955a30fc2/test_predictions.csv,f0578c61cfb8f0bbef7c58d8ab338b9d31850912e618d5abe81846aa15e5c298,Figure 4
Fig5,IH_ROC,IH,Updated MLP,roc_curve,0.015050231101264373,0.2473555736371033,,,,2024,binary_20260719_044949_c6c955a30fc2,binary_20260719_044949_c6c955a30fc2,experiments/binary_results/binary_20260719_044949_c6c955a30fc2/test_predictions.csv,f0578c61cfb8f0bbef7c58d8ab338b9d31850912e618d5abe81846aa15e5c298,Figure 4
Fig5,IH_ROC,IH,Updated MLP,roc_curve,0.015776003667061386,0.2571196094385679,,,,2024,binary_20260719_044949_c6c955a30fc2,binary_20260719_044949_c6c955a30fc2,experiments/binary_results/binary_20260719_044949_c6c955a30fc2/test_predictions.csv,f0578c61cfb8f0bbef7c58d8ab338b9d31850912e618d5abe81846aa15e5c298,Figure 4
Fig5,IH_ROC,IH,Updated MLP,roc_curve,0.01634898200848008,0.2639001898562517,,,,2024,binary_20260719_044949_c6c955a30fc2,binary_20260719_044949_c6c955a30fc2,experiments/binary_results/binary_20260719_044949_c6c955a30fc2/test_predictions.csv,f0578c61cfb8f0bbef7c58d8ab338b9d31850912e618d5abe81846aa15e5c298,Figure 4
Fig5,IH_ROC,IH,Updated MLP,roc_curve,0.017571335803506626,0.2706807702739354,,,,2024,binary_20260719_044949_c6c955a30fc2,binary_20260719_044949_c6c955a30fc2,experiments/binary_results/binary_20260719_044949_c6c955a30fc2/test_predictions.csv,f0578c61cfb8f0bbef7c58d8ab338b9d31850912e618d5abe81846aa15e5c298,Figure 4
Fig5,IH_ROC,IH,Updated MLP,roc_curve,0.018831888154627757,0.2752915649579604,,,,2024,binary_20260719_044949_c6c955a30fc2,binary_20260719_044949_c6c955a30fc2,experiments/binary_results/binary_20260719_044949_c6c955a30fc2/test_predictions.csv,f0578c61cfb8f0bbef7c58d8ab338b9d31850912e618d5abe81846aa15e5c298,Figure 4
Fig5,IH_ROC,IH,Updated MLP,roc_curve,0.019901447725275984,0.2793599132085707,,,,2024,binary_20260719_044949_c6c955a30fc2,binary_20260719_044949_c6c955a30fc2,experiments/binary_results/binary_20260719_044949_c6c955a30fc2/test_predictions.csv,f0578c61cfb8f0bbef7c58d8ab338b9d31850912e618d5abe81846aa15e5c298,Figure 4
Fig5,IH_ROC,IH,Updated MLP,roc_curve,0.020665418847167577,0.285869270409547,,,,2024,binary_20260719_044949_c6c955a30fc2,binary_20260719_044949_c6c955a30fc2,experiments/binary_results/binary_20260719_044949_c6c955a30fc2/test_predictions.csv,f0578c61cfb8f0bbef7c58d8ab338b9d31850912e618d5abe81846aa15e5c298,Figure 4
Fig5,IH_ROC,IH,Updated MLP,roc_curve,0.02131479430077543,0.290480065093572,,,,2024,binary_20260719_044949_c6c955a30fc2,binary_20260719_044949_c6c955a30fc2,experiments/binary_results/binary_20260719_044949_c6c955a30fc2/test_predictions.csv,f0578c61cfb8f0bbef7c58d8ab338b9d31850912e618d5abe81846aa15e5c298,Figure 4
Fig5,IH_ROC,IH,Updated MLP,roc_curve,0.022613545207991137,0.2964469758611337,,,,2024,binary_20260719_044949_c6c955a30fc2,binary_20260719_044949_c6c955a30fc2,experiments/binary_results/binary_20260719_044949_c6c955a30fc2/test_predictions.csv,f0578c61cfb8f0bbef7c58d8ab338b9d31850912e618d5abe81846aa15e5c298,Figure 4
Fig5,IH_ROC,IH,Updated MLP,roc_curve,0.023759501890828528,0.3056685652291836,,,,2024,binary_20260719_044949_c6c955a30fc2,binary_20260719_044949_c6c955a30fc2,experiments/binary_results/binary_20260719_044949_c6c955a30fc2/test_predictions.csv,f0578c61cfb8f0bbef7c58d8ab338b9d31850912e618d5abe81846aa15e5c298,Figure 4
Fig5,IH_ROC,IH,Updated MLP,roc_curve,0.024599870124909277,0.3140764849471115,,,,2024,binary_20260719_044949_c6c955a30fc2,binary_20260719_044949_c6c955a30fc2,experiments/binary_results/binary_20260719_044949_c6c955a30fc2/test_predictions.csv,f0578c61cfb8f0bbef7c58d8ab338b9d31850912e618d5abe81846aa15e5c298,Figure 4
Fig5,IH_ROC,IH,Updated MLP,roc_curve,0.02547843691508461,0.3200433957146731,,,,2024,binary_20260719_044949_c6c955a30fc2,binary_20260719_044949_c6c955a30fc2,experiments/binary_results/binary_20260719_044949_c6c955a30fc2/test_predictions.csv,f0578c61cfb8f0bbef7c58d8ab338b9d31850912e618d5abe81846aa15e5c298,Figure 4
Fig5,IH_ROC,IH,Updated MLP,roc_curve,0.02650979792963826,0.3270951993490643,,,,2024,binary_20260719_044949_c6c955a30fc2,binary_20260719_044949_c6c955a30fc2,experiments/binary_results/binary_20260719_044949_c6c955a30fc2/test_predictions.csv,f0578c61cfb8f0bbef7c58d8ab338b9d31850912e618d5abe81846aa15e5c298,Figure 4
Fig5,IH_ROC,IH,Updated MLP,roc_curve,0.027273769051529853,0.3327908868999186,,,,2024,binary_20260719_044949_c6c955a30fc2,binary_20260719_044949_c6c955a30fc2,experiments/binary_results/binary_20260719_044949_c6c955a30fc2/test_predictions.csv,f0578c61cfb8f0bbef7c58d8ab338b9d31850912e618d5abe81846aa15e5c298,Figure 4
Fig5,IH_ROC,IH,Updated MLP,roc_curve,0.0283051300660835,0.3376729048006509,,,,2024,binary_20260719_044949_c6c955a30fc2,binary_20260719_044949_c6c955a30fc2,experiments/binary_results/binary_20260719_044949_c6c955a30fc2/test_predictions.csv,f0578c61cfb8f0bbef7c58d8ab338b9d31850912e618d5abe81846aa15e5c298,Figure 4
Fig5,IH_ROC,IH,Updated MLP,roc_curve,0.029336491080637152,0.3433685923515053,,,,2024,binary_20260719_044949_c6c955a30fc2,binary_20260719_044949_c6c955a30fc2,experiments/binary_results/binary_20260719_044949_c6c955a30fc2/test_predictions.csv,f0578c61cfb8f0bbef7c58d8ab338b9d31850912e618d5abe81846aa15e5c298,Figure 4
Fig5,IH_ROC,IH,Updated MLP,roc_curve,0.03063524198785286,0.3498779495524817,,,,2024,binary_20260719_044949_c6c955a30fc2,binary_20260719_044949_c6c955a30fc2,experiments/binary_results/binary_20260719_044949_c6c955a30fc2/test_predictions.csv,f0578c61cfb8f0bbef7c58d8ab338b9d31850912e618d5abe81846aa15e5c298,Figure 4
Fig5,IH_ROC,IH,Updated MLP,roc_curve,0.03139921310974445,0.3569297531868728,,,,2024,binary_20260719_044949_c6c955a30fc2,binary_20260719_044949_c6c955a30fc2,experiments/binary_results/binary_20260719_044949_c6c955a30fc2/test_predictions.csv,f0578c61cfb8f0bbef7c58d8ab338b9d31850912e618d5abe81846aa15e5c298,Figure 4
Fig5,IH_ROC,IH,Updated MLP,roc_curve,0.03216318423163604,0.3607268782207757,,,,2024,binary_20260719_044949_c6c955a30fc2,binary_20260719_044949_c6c955a30fc2,experiments/binary_results/binary_20260719_044949_c6c955a30fc2/test_predictions.csv,f0578c61cfb8f0bbef7c58d8ab338b9d31850912e618d5abe81846aa15e5c298,Figure 4
Fig5,IH_ROC,IH,Updated MLP,roc_curve,0.03304175102181137,0.3675074586384594,,,,2024,binary_20260719_044949_c6c955a30fc2,binary_20260719_044949_c6c955a30fc2,experiments/binary_results/binary_20260719_044949_c6c955a30fc2/test_predictions.csv,f0578c61cfb8f0bbef7c58d8ab338b9d31850912e618d5abe81846aa15e5c298,Figure 4
Fig5,IH_ROC,IH,Updated MLP,roc_curve,0.03460789182168914,0.3726606997558991,,,,2024,binary_20260719_044949_c6c955a30fc2,binary_20260719_044949_c6c955a30fc2,experiments/binary_results/binary_20260719_044949_c6c955a30fc2/test_predictions.csv,f0578c61cfb8f0bbef7c58d8ab338b9d31850912e618d5abe81846aa15e5c298,Figure 4
Fig5,IH_ROC,IH,Updated MLP,roc_curve,0.03598303984109401,0.3780851640900461,,,,2024,binary_20260719_044949_c6c955a30fc2,binary_20260719_044949_c6c955a30fc2,experiments/binary_results/binary_20260719_044949_c6c955a30fc2/test_predictions.csv,f0578c61cfb8f0bbef7c58d8ab338b9d31850912e618d5abe81846aa15e5c298,Figure 4
Fig5,IH_ROC,IH,Updated MLP,roc_curve,0.037434584972688034,0.381882289123949,,,,2024,binary_20260719_044949_c6c955a30fc2,binary_20260719_044949_c6c955a30fc2,experiments/binary_results/binary_20260719_044949_c6c955a30fc2/test_predictions.csv,f0578c61cfb8f0bbef7c58d8ab338b9d31850912e618d5abe81846aa15e5c298,Figure 4
Fig5,IH_ROC,IH,Updated MLP,roc_curve,0.03873333587990374,0.3867643070246813,,,,2024,binary_20260719_044949_c6c955a30fc2,binary_20260719_044949_c6c955a30fc2,experiments/binary_results/binary_20260719_044949_c6c955a30fc2/test_predictions.csv,f0578c61cfb8f0bbef7c58d8ab338b9d31850912e618d5abe81846aa15e5c298,Figure 4
Fig5,IH_ROC,IH,Updated MLP,roc_curve,0.04003208678711945,0.3911038784919989,,,,2024,binary_20260719_044949_c6c955a30fc2,binary_20260719_044949_c6c955a30fc2,experiments/binary_results/binary_20260719_044949_c6c955a30fc2/test_predictions.csv,f0578c61cfb8f0bbef7c58d8ab338b9d31850912e618d5abe81846aa15e5c298,Figure 4
Fig5,IH_ROC,IH,Updated MLP,roc_curve,0.04079605790901104,0.3954434499593165,,,,2024,binary_20260719_044949_c6c955a30fc2,binary_20260719_044949_c6c955a30fc2,experiments/binary_results/binary_20260719_044949_c6c955a30fc2/test_predictions.csv,f0578c61cfb8f0bbef7c58d8ab338b9d31850912e618d5abe81846aa15e5c298,Figure 4
Fig5,IH_ROC,IH,Updated MLP,roc_curve,0.0421712059284159,0.4022240303770003,,,,2024,binary_20260719_044949_c6c955a30fc2,binary_20260719_044949_c6c955a30fc2,experiments/binary_results/binary_20260719_044949_c6c955a30fc2/test_predictions.csv,f0578c61cfb8f0bbef7c58d8ab338b9d31850912e618d5abe81846aa15e5c298,Figure 4
Fig5,IH_ROC,IH,Updated MLP,roc_curve,0.043355361167347874,0.4084621643612693,,,,2024,binary_20260719_044949_c6c955a30fc2,binary_20260719_044949_c6c955a30fc2,experiments/binary_results/binary_20260719_044949_c6c955a30fc2/test_predictions.csv,f0578c61cfb8f0bbef7c58d8ab338b9d31850912e618d5abe81846aa15e5c298,Figure 4
Fig5,IH_ROC,IH,Updated MLP,roc_curve,0.04473050918675274,0.4141578519121237,,,,2024,binary_20260719_044949_c6c955a30fc2,binary_20260719_044949_c6c955a30fc2,experiments/binary_results/binary_20260719_044949_c6c955a30fc2/test_predictions.csv,f0578c61cfb8f0bbef7c58d8ab338b9d31850912e618d5abe81846aa15e5c298,Figure 4
Fig5,IH_ROC,IH,Updated MLP,roc_curve,0.04576187020130639,0.419853539462978,,,,2024,binary_20260719_044949_c6c955a30fc2,binary_20260719_044949_c6c955a30fc2,experiments/binary_results/binary_20260719_044949_c6c955a30fc2/test_predictions.csv,f0578c61cfb8f0bbef7c58d8ab338b9d31850912e618d5abe81846aa15e5c298,Figure 4
Fig5,IH_ROC,IH,Updated MLP,roc_curve,0.04698422399633294,0.425278003797125,,,,2024,binary_20260719_044949_c6c955a30fc2,binary_20260719_044949_c6c955a30fc2,experiments/binary_results/binary_20260719_044949_c6c955a30fc2/test_predictions.csv,f0578c61cfb8f0bbef7c58d8ab338b9d31850912e618d5abe81846aa15e5c298,Figure 4
Fig5,IH_ROC,IH,Updated MLP,roc_curve,0.048282974903548645,0.430702468131272,,,,2024,binary_20260719_044949_c6c955a30fc2,binary_20260719_044949_c6c955a30fc2,experiments/binary_results/binary_20260719_044949_c6c955a30fc2/test_predictions.csv,f0578c61cfb8f0bbef7c58d8ab338b9d31850912e618d5abe81846aa15e5c298,Figure 4
Fig5,IH_ROC,IH,Updated MLP,roc_curve,0.04950532869857519,0.4358557092487117,,,,2024,binary_20260719_044949_c6c955a30fc2,binary_20260719_044949_c6c955a30fc2,experiments/binary_results/binary_20260719_044949_c6c955a30fc2/test_predictions.csv,f0578c61cfb8f0bbef7c58d8ab338b9d31850912e618d5abe81846aa15e5c298,Figure 4
Fig5,IH_ROC,IH,Updated MLP,roc_curve,0.050460292600939684,0.4404665039327366,,,,2024,binary_20260719_044949_c6c955a30fc2,binary_20260719_044949_c6c955a30fc2,experiments/binary_results/binary_20260719_044949_c6c955a30fc2/test_predictions.csv,f0578c61cfb8f0bbef7c58d8ab338b9d31850912e618d5abe81846aa15e5c298,Figure 4
Fig5,IH_ROC,IH,Updated MLP,roc_curve,0.051568050727682495,0.4450772986167616,,,,2024,binary_20260719_044949_c6c955a30fc2,binary_20260719_044949_c6c955a30fc2,experiments/binary_results/binary_20260719_044949_c6c955a30fc2/test_predictions.csv,f0578c61cfb8f0bbef7c58d8ab338b9d31850912e618d5abe81846aa15e5c298,Figure 4
Fig5,IH_ROC,IH,Updated MLP,roc_curve,0.0524848160739524,0.4499593165174939,,,,2024,binary_20260719_044949_c6c955a30fc2,binary_20260719_044949_c6c955a30fc2,experiments/binary_results/binary_20260719_044949_c6c955a30fc2/test_predictions.csv,f0578c61cfb8f0bbef7c58d8ab338b9d31850912e618d5abe81846aa15e5c298,Figure 4
Fig5,IH_ROC,IH,Updated MLP,roc_curve,0.05393636120554643,0.4548413344182262,,,,2024,binary_20260719_044949_c6c955a30fc2,binary_20260719_044949_c6c955a30fc2,experiments/binary_results/binary_20260719_044949_c6c955a30fc2/test_predictions.csv,f0578c61cfb8f0bbef7c58d8ab338b9d31850912e618d5abe81846aa15e5c298,Figure 4
Fig5,IH_ROC,IH,Updated MLP,roc_curve,0.05565529622980251,0.4594521291022511,,,,2024,binary_20260719_044949_c6c955a30fc2,binary_20260719_044949_c6c955a30fc2,experiments/binary_results/binary_20260719_044949_c6c955a30fc2/test_predictions.csv,f0578c61cfb8f0bbef7c58d8ab338b9d31850912e618d5abe81846aa15e5c298,Figure 4
Fig5,IH_ROC,IH,Updated MLP,roc_curve,0.056954047137018224,0.4643341470029835,,,,2024,binary_20260719_044949_c6c955a30fc2,binary_20260719_044949_c6c955a30fc2,experiments/binary_results/binary_20260719_044949_c6c955a30fc2/test_predictions.csv,f0578c61cfb8f0bbef7c58d8ab338b9d31850912e618d5abe81846aa15e5c298,Figure 4
Fig5,IH_ROC,IH,Updated MLP,roc_curve,0.05829099660032851,0.4694873881204231,,,,2024,binary_20260719_044949_c6c955a30fc2,binary_20260719_044949_c6c955a30fc2,experiments/binary_results/binary_20260719_044949_c6c955a30fc2/test_predictions.csv,f0578c61cfb8f0bbef7c58d8ab338b9d31850912e618d5abe81846aa15e5c298,Figure 4
Fig5,IH_ROC,IH,Updated MLP,roc_curve,0.05955154895144964,0.4749118524545701,,,,2024,binary_20260719_044949_c6c955a30fc2,binary_20260719_044949_c6c955a30fc2,experiments/binary_results/binary_20260719_044949_c6c955a30fc2/test_predictions.csv,f0578c61cfb8f0bbef7c58d8ab338b9d31850912e618d5abe81846aa15e5c298,Figure 4
Fig5,IH_ROC,IH,Updated MLP,roc_curve,0.060773902746476184,0.4789802007051804,,,,2024,binary_20260719_044949_c6c955a30fc2,binary_20260719_044949_c6c955a30fc2,experiments/binary_results/binary_20260719_044949_c6c955a30fc2/test_predictions.csv,f0578c61cfb8f0bbef7c58d8ab338b9d31850912e618d5abe81846aa15e5c298,Figure 4
Fig5,IH_ROC,IH,Updated MLP,roc_curve,0.06237824210244853,0.4838622186059126,,,,2024,binary_20260719_044949_c6c955a30fc2,binary_20260719_044949_c6c955a30fc2,experiments/binary_results/binary_20260719_044949_c6c955a30fc2/test_predictions.csv,f0578c61cfb8f0bbef7c58d8ab338b9d31850912e618d5abe81846aa15e5c298,Figure 4
Fig5,IH_ROC,IH,Updated MLP,roc_curve,0.06379158867794797,0.4901003525901817,,,,2024,binary_20260719_044949_c6c955a30fc2,binary_20260719_044949_c6c955a30fc2,experiments/binary_results/binary_20260719_044949_c6c955a30fc2/test_predictions.csv,f0578c61cfb8f0bbef7c58d8ab338b9d31850912e618d5abe81846aa15e5c298,Figure 4
Fig5,IH_ROC,IH,Updated MLP,roc_curve,0.06482294969250163,0.4955248169243287,,,,2024,binary_20260719_044949_c6c955a30fc2,binary_20260719_044949_c6c955a30fc2,experiments/binary_results/binary_20260719_044949_c6c955a30fc2/test_predictions.csv,f0578c61cfb8f0bbef7c58d8ab338b9d31850912e618d5abe81846aa15e5c298,Figure 4
Fig5,IH_ROC,IH,Updated MLP,roc_curve,0.06642728904847396,0.5009492812584757,,,,2024,binary_20260719_044949_c6c955a30fc2,binary_20260719_044949_c6c955a30fc2,experiments/binary_results/binary_20260719_044949_c6c955a30fc2/test_predictions.csv,f0578c61cfb8f0bbef7c58d8ab338b9d31850912e618d5abe81846aa15e5c298,Figure 4
Fig5,IH_ROC,IH,Updated MLP,roc_curve,0.06734405439474388,0.505017629509086,,,,2024,binary_20260719_044949_c6c955a30fc2,binary_20260719_044949_c6c955a30fc2,experiments/binary_results/binary_20260719_044949_c6c955a30fc2/test_predictions.csv,f0578c61cfb8f0bbef7c58d8ab338b9d31850912e618d5abe81846aa15e5c298,Figure 4
Fig5,IH_ROC,IH,Updated MLP,roc_curve,0.06822262118491922,0.5101708706265257,,,,2024,binary_20260719_044949_c6c955a30fc2,binary_20260719_044949_c6c955a30fc2,experiments/binary_results/binary_20260719_044949_c6c955a30fc2/test_predictions.csv,f0578c61cfb8f0bbef7c58d8ab338b9d31850912e618d5abe81846aa15e5c298,Figure 4
Fig5,IH_ROC,IH,Updated MLP,roc_curve,0.06929218075556744,0.5142392188771359,,,,2024,binary_20260719_044949_c6c955a30fc2,binary_20260719_044949_c6c955a30fc2,experiments/binary_results/binary_20260719_044949_c6c955a30fc2/test_predictions.csv,f0578c61cfb8f0bbef7c58d8ab338b9d31850912e618d5abe81846aa15e5c298,Figure 4
Fig5,IH_ROC,IH,Updated MLP,roc_curve,0.07013254898964819,0.5191212367778681,,,,2024,binary_20260719_044949_c6c955a30fc2,binary_20260719_044949_c6c955a30fc2,experiments/binary_results/binary_20260719_044949_c6c955a30fc2/test_predictions.csv,f0578c61cfb8f0bbef7c58d8ab338b9d31850912e618d5abe81846aa15e5c298,Figure 4
Fig5,IH_ROC,IH,Updated MLP,roc_curve,0.0725390580236067,0.5237320314618932,,,,2024,binary_20260719_044949_c6c955a30fc2,binary_20260719_044949_c6c955a30fc2,experiments/binary_results/binary_20260719_044949_c6c955a30fc2/test_predictions.csv,f0578c61cfb8f0bbef7c58d8ab338b9d31850912e618d5abe81846aa15e5c298,Figure 4
Fig5,IH_ROC,IH,Updated MLP,roc_curve,0.07364681615034951,0.5280716029292107,,,,2024,binary_20260719_044949_c6c955a30fc2,binary_20260719_044949_c6c955a30fc2,experiments/binary_results/binary_20260719_044949_c6c955a30fc2/test_predictions.csv,f0578c61cfb8f0bbef7c58d8ab338b9d31850912e618d5abe81846aa15e5c298,Figure 4
Fig5,IH_ROC,IH,Updated MLP,roc_curve,0.07528935406241644,0.532139951179821,,,,2024,binary_20260719_044949_c6c955a30fc2,binary_20260719_044949_c6c955a30fc2,experiments/binary_results/binary_20260719_044949_c6c955a30fc2/test_predictions.csv,f0578c61cfb8f0bbef7c58d8ab338b9d31850912e618d5abe81846aa15e5c298,Figure 4
Fig5,IH_ROC,IH,Updated MLP,roc_curve,0.07700828908667252,0.5378356387306753,,,,2024,binary_20260719_044949_c6c955a30fc2,binary_20260719_044949_c6c955a30fc2,experiments/binary_results/binary_20260719_044949_c6c955a30fc2/test_predictions.csv,f0578c61cfb8f0bbef7c58d8ab338b9d31850912e618d5abe81846aa15e5c298,Figure 4
Fig5,IH_ROC,IH,Updated MLP,roc_curve,0.07865082699873945,0.5424464334147003,,,,2024,binary_20260719_044949_c6c955a30fc2,binary_20260719_044949_c6c955a30fc2,experiments/binary_results/binary_20260719_044949_c6c955a30fc2/test_predictions.csv,f0578c61cfb8f0bbef7c58d8ab338b9d31850912e618d5abe81846aa15e5c298,Figure 4
Fig5,IH_ROC,IH,Updated MLP,roc_curve,0.08048435769127928,0.5465147816653105,,,,2024,binary_20260719_044949_c6c955a30fc2,binary_20260719_044949_c6c955a30fc2,experiments/binary_results/binary_20260719_044949_c6c955a30fc2/test_predictions.csv,f0578c61cfb8f0bbef7c58d8ab338b9d31850912e618d5abe81846aa15e5c298,Figure 4
Fig5,IH_ROC,IH,Updated MLP,roc_curve,0.0819359028228733,0.5505831299159208,,,,2024,binary_20260719_044949_c6c955a30fc2,binary_20260719_044949_c6c955a30fc2,experiments/binary_results/binary_20260719_044949_c6c955a30fc2/test_predictions.csv,f0578c61cfb8f0bbef7c58d8ab338b9d31850912e618d5abe81846aa15e5c298,Figure 4
Fig5,IH_ROC,IH,Updated MLP,roc_curve,0.08354024217884563,0.5560075942500678,,,,2024,binary_20260719_044949_c6c955a30fc2,binary_20260719_044949_c6c955a30fc2,experiments/binary_results/binary_20260719_044949_c6c955a30fc2/test_predictions.csv,f0578c61cfb8f0bbef7c58d8ab338b9d31850912e618d5abe81846aa15e5c298,Figure 4
Fig5,IH_ROC,IH,Updated MLP,roc_curve,0.08499178731043966,0.5603471657173854,,,,2024,binary_20260719_044949_c6c955a30fc2,binary_20260719_044949_c6c955a30fc2,experiments/binary_results/binary_20260719_044949_c6c955a30fc2/test_predictions.csv,f0578c61cfb8f0bbef7c58d8ab338b9d31850912e618d5abe81846aa15e5c298,Figure 4
Fig5,IH_ROC,IH,Updated MLP,roc_curve,0.08686351655907407,0.5636018443178736,,,,2024,binary_20260719_044949_c6c955a30fc2,binary_20260719_044949_c6c955a30fc2,experiments/binary_results/binary_20260719_044949_c6c955a30fc2/test_predictions.csv,f0578c61cfb8f0bbef7c58d8ab338b9d31850912e618d5abe81846aa15e5c298,Figure 4
Fig5,IH_ROC,IH,Updated MLP,roc_curve,0.08842965735895184,0.5673989693517765,,,,2024,binary_20260719_044949_c6c955a30fc2,binary_20260719_044949_c6c955a30fc2,experiments/binary_results/binary_20260719_044949_c6c955a30fc2/test_predictions.csv,f0578c61cfb8f0bbef7c58d8ab338b9d31850912e618d5abe81846aa15e5c298,Figure 4
Fig5,IH_ROC,IH,Updated MLP,roc_curve,0.09026318805149165,0.5709248711689721,,,,2024,binary_20260719_044949_c6c955a30fc2,binary_20260719_044949_c6c955a30fc2,experiments/binary_results/binary_20260719_044949_c6c955a30fc2/test_predictions.csv,f0578c61cfb8f0bbef7c58d8ab338b9d31850912e618d5abe81846aa15e5c298,Figure 4
Fig5,IH_ROC,IH,Updated MLP,roc_curve,0.09247870430497727,0.5749932194195824,,,,2024,binary_20260719_044949_c6c955a30fc2,binary_20260719_044949_c6c955a30fc2,experiments/binary_results/binary_20260719_044949_c6c955a30fc2/test_predictions.csv,f0578c61cfb8f0bbef7c58d8ab338b9d31850912e618d5abe81846aa15e5c298,Figure 4
Fig5,IH_ROC,IH,Updated MLP,roc_curve,0.09381565376828756,0.5787903444534852,,,,2024,binary_20260719_044949_c6c955a30fc2,binary_20260719_044949_c6c955a30fc2,experiments/binary_results/binary_20260719_044949_c6c955a30fc2/test_predictions.csv,f0578c61cfb8f0bbef7c58d8ab338b9d31850912e618d5abe81846aa15e5c298,Figure 4
Fig5,IH_ROC,IH,Updated MLP,roc_curve,0.09545819168035448,0.5825874694873882,,,,2024,binary_20260719_044949_c6c955a30fc2,binary_20260719_044949_c6c955a30fc2,experiments/binary_results/binary_20260719_044949_c6c955a30fc2/test_predictions.csv,f0578c61cfb8f0bbef7c58d8ab338b9d31850912e618d5abe81846aa15e5c298,Figure 4
Fig5,IH_ROC,IH,Updated MLP,roc_curve,0.09740631804117804,0.5880119338215352,,,,2024,binary_20260719_044949_c6c955a30fc2,binary_20260719_044949_c6c955a30fc2,experiments/binary_results/binary_20260719_044949_c6c955a30fc2/test_predictions.csv,f0578c61cfb8f0bbef7c58d8ab338b9d31850912e618d5abe81846aa15e5c298,Figure 4
Fig5,IH_ROC,IH,Updated MLP,roc_curve,0.09977462851904198,0.5923515052888527,,,,2024,binary_20260719_044949_c6c955a30fc2,binary_20260719_044949_c6c955a30fc2,experiments/binary_results/binary_20260719_044949_c6c955a30fc2/test_predictions.csv,f0578c61cfb8f0bbef7c58d8ab338b9d31850912e618d5abe81846aa15e5c298,Figure 4
Fig5,IH_ROC,IH,Updated MLP,roc_curve,0.10080598953359562,0.596419853539463,,,,2024,binary_20260719_044949_c6c955a30fc2,binary_20260719_044949_c6c955a30fc2,experiments/binary_results/binary_20260719_044949_c6c955a30fc2/test_predictions.csv,f0578c61cfb8f0bbef7c58d8ab338b9d31850912e618d5abe81846aa15e5c298,Figure 4
Fig5,IH_ROC,IH,Updated MLP,roc_curve,0.10283051300660835,0.601030648223488,,,,2024,binary_20260719_044949_c6c955a30fc2,binary_20260719_044949_c6c955a30fc2,experiments/binary_results/binary_20260719_044949_c6c955a30fc2/test_predictions.csv,f0578c61cfb8f0bbef7c58d8ab338b9d31850912e618d5abe81846aa15e5c298,Figure 4
Fig5,IH_ROC,IH,Updated MLP,roc_curve,0.10432025669429695,0.6053702196908055,,,,2024,binary_20260719_044949_c6c955a30fc2,binary_20260719_044949_c6c955a30fc2,experiments/binary_results/binary_20260719_044949_c6c955a30fc2/test_predictions.csv,f0578c61cfb8f0bbef7c58d8ab338b9d31850912e618d5abe81846aa15e5c298,Figure 4
Fig5,IH_ROC,IH,Updated MLP,roc_curve,0.106497574391688,0.6102522375915378,,,,2024,binary_20260719_044949_c6c955a30fc2,binary_20260719_044949_c6c955a30fc2,experiments/binary_results/binary_20260719_044949_c6c955a30fc2/test_predictions.csv,f0578c61cfb8f0bbef7c58d8ab338b9d31850912e618d5abe81846aa15e5c298,Figure 4
Fig5,IH_ROC,IH,Updated MLP,roc_curve,0.10752893540624164,0.6145918090588555,,,,2024,binary_20260719_044949_c6c955a30fc2,binary_20260719_044949_c6c955a30fc2,experiments/binary_results/binary_20260719_044949_c6c955a30fc2/test_predictions.csv,f0578c61cfb8f0bbef7c58d8ab338b9d31850912e618d5abe81846aa15e5c298,Figure 4
Fig5,IH_ROC,IH,Updated MLP,roc_curve,0.11012643722067306,0.618931380526173,,,,2024,binary_20260719_044949_c6c955a30fc2,binary_20260719_044949_c6c955a30fc2,experiments/binary_results/binary_20260719_044949_c6c955a30fc2/test_predictions.csv,f0578c61cfb8f0bbef7c58d8ab338b9d31850912e618d5abe81846aa15e5c298,Figure 4
Fig5,IH_ROC,IH,Updated MLP,roc_curve,0.11188357080102372,0.62435584486032,,,,2024,binary_20260719_044949_c6c955a30fc2,binary_20260719_044949_c6c955a30fc2,experiments/binary_results/binary_20260719_044949_c6c955a30fc2/test_predictions.csv,f0578c61cfb8f0bbef7c58d8ab338b9d31850912e618d5abe81846aa15e5c298,Figure 4
Fig5,IH_ROC,IH,Updated MLP,roc_curve,0.11367890293746896,0.6303227556278818,,,,2024,binary_20260719_044949_c6c955a30fc2,binary_20260719_044949_c6c955a30fc2,experiments/binary_results/binary_20260719_044949_c6c955a30fc2/test_predictions.csv,f0578c61cfb8f0bbef7c58d8ab338b9d31850912e618d5abe81846aa15e5c298,Figure 4
Fig5,IH_ROC,IH,Updated MLP,roc_curve,0.11704037587379197,0.6349335503119067,,,,2024,binary_20260719_044949_c6c955a30fc2,binary_20260719_044949_c6c955a30fc2,experiments/binary_results/binary_20260719_044949_c6c955a30fc2/test_predictions.csv,f0578c61cfb8f0bbef7c58d8ab338b9d31850912e618d5abe81846aa15e5c298,Figure 4
Fig5,IH_ROC,IH,Updated MLP,roc_curve,0.11902670079071011,0.6387306753458096,,,,2024,binary_20260719_044949_c6c955a30fc2,binary_20260719_044949_c6c955a30fc2,experiments/binary_results/binary_20260719_044949_c6c955a30fc2/test_predictions.csv,f0578c61cfb8f0bbef7c58d8ab338b9d31850912e618d5abe81846aa15e5c298,Figure 4
Fig5,IH_ROC,IH,Updated MLP,roc_curve,0.12047824592230413,0.6436126932465419,,,,2024,binary_20260719_044949_c6c955a30fc2,binary_20260719_044949_c6c955a30fc2,experiments/binary_results/binary_20260719_044949_c6c955a30fc2/test_predictions.csv,f0578c61cfb8f0bbef7c58d8ab338b9d31850912e618d5abe81846aa15e5c298,Figure 4
Fig5,IH_ROC,IH,Updated MLP,roc_curve,0.12219718094656022,0.6479522647138595,,,,2024,binary_20260719_044949_c6c955a30fc2,binary_20260719_044949_c6c955a30fc2,experiments/binary_results/binary_20260719_044949_c6c955a30fc2/test_predictions.csv,f0578c61cfb8f0bbef7c58d8ab338b9d31850912e618d5abe81846aa15e5c298,Figure 4
Fig5,IH_ROC,IH,Updated MLP,roc_curve,0.12368692463424882,0.6528342826145918,,,,2024,binary_20260719_044949_c6c955a30fc2,binary_20260719_044949_c6c955a30fc2,experiments/binary_results/binary_20260719_044949_c6c955a30fc2/test_predictions.csv,f0578c61cfb8f0bbef7c58d8ab338b9d31850912e618d5abe81846aa15e5c298,Figure 4
Fig5,IH_ROC,IH,Updated MLP,roc_curve,0.1261698307803965,0.6566314076484947,,,,2024,binary_20260719_044949_c6c955a30fc2,binary_20260719_044949_c6c955a30fc2,experiments/binary_results/binary_20260719_044949_c6c955a30fc2/test_predictions.csv,f0578c61cfb8f0bbef7c58d8ab338b9d31850912e618d5abe81846aa15e5c298,Figure 4
Fig5,IH_ROC,IH,Updated MLP,roc_curve,0.127850567248558,0.6604285326823977,,,,2024,binary_20260719_044949_c6c955a30fc2,binary_20260719_044949_c6c955a30fc2,experiments/binary_results/binary_20260719_044949_c6c955a30fc2/test_predictions.csv,f0578c61cfb8f0bbef7c58d8ab338b9d31850912e618d5abe81846aa15e5c298,Figure 4
Fig5,IH_ROC,IH,Updated MLP,roc_curve,0.13014248061423278,0.6644968809330078,,,,2024,binary_20260719_044949_c6c955a30fc2,binary_20260719_044949_c6c955a30fc2,experiments/binary_results/binary_20260719_044949_c6c955a30fc2/test_predictions.csv,f0578c61cfb8f0bbef7c58d8ab338b9d31850912e618d5abe81846aa15e5c298,Figure 4
Fig5,IH_ROC,IH,Updated MLP,roc_curve,0.13285457809694792,0.6685652291836182,,,,2024,binary_20260719_044949_c6c955a30fc2,binary_20260719_044949_c6c955a30fc2,experiments/binary_results/binary_20260719_044949_c6c955a30fc2/test_predictions.csv,f0578c61cfb8f0bbef7c58d8ab338b9d31850912e618d5abe81846aa15e5c298,Figure 4
Fig5,IH_ROC,IH,Updated MLP,roc_curve,0.1347645059016769,0.6731760238676431,,,,2024,binary_20260719_044949_c6c955a30fc2,binary_20260719_044949_c6c955a30fc2,experiments/binary_results/binary_20260719_044949_c6c955a30fc2/test_predictions.csv,f0578c61cfb8f0bbef7c58d8ab338b9d31850912e618d5abe81846aa15e5c298,Figure 4
Fig5,IH_ROC,IH,Updated MLP,roc_curve,0.1372474120478246,0.6769731489015459,,,,2024,binary_20260719_044949_c6c955a30fc2,binary_20260719_044949_c6c955a30fc2,experiments/binary_results/binary_20260719_044949_c6c955a30fc2/test_predictions.csv,f0578c61cfb8f0bbef7c58d8ab338b9d31850912e618d5abe81846aa15e5c298,Figure 4
Fig5,IH_ROC,IH,Updated MLP,roc_curve,0.13980671530616143,0.681583943585571,,,,2024,binary_20260719_044949_c6c955a30fc2,binary_20260719_044949_c6c955a30fc2,experiments/binary_results/binary_20260719_044949_c6c955a30fc2/test_predictions.csv,f0578c61cfb8f0bbef7c58d8ab338b9d31850912e618d5abe81846aa15e5c298,Figure 4
Fig5,IH_ROC,IH,Updated MLP,roc_curve,0.1423278200084037,0.6853810686194738,,,,2024,binary_20260719_044949_c6c955a30fc2,binary_20260719_044949_c6c955a30fc2,experiments/binary_results/binary_20260719_044949_c6c955a30fc2/test_predictions.csv,f0578c61cfb8f0bbef7c58d8ab338b9d31850912e618d5abe81846aa15e5c298,Figure 4
Fig5,IH_ROC,IH,Updated MLP,roc_curve,0.14381756369609228,0.6891781936533767,,,,2024,binary_20260719_044949_c6c955a30fc2,binary_20260719_044949_c6c955a30fc2,experiments/binary_results/binary_20260719_044949_c6c955a30fc2/test_predictions.csv,f0578c61cfb8f0bbef7c58d8ab338b9d31850912e618d5abe81846aa15e5c298,Figure 4
Fig5,IH_ROC,IH,Updated MLP,roc_curve,0.14652966117880745,0.692432872253865,,,,2024,binary_20260719_044949_c6c955a30fc2,binary_20260719_044949_c6c955a30fc2,experiments/binary_results/binary_20260719_044949_c6c955a30fc2/test_predictions.csv,f0578c61cfb8f0bbef7c58d8ab338b9d31850912e618d5abe81846aa15e5c298,Figure 4
Fig5,IH_ROC,IH,Updated MLP,roc_curve,0.14916536154933344,0.6967724437211825,,,,2024,binary_20260719_044949_c6c955a30fc2,binary_20260719_044949_c6c955a30fc2,experiments/binary_results/binary_20260719_044949_c6c955a30fc2/test_predictions.csv,f0578c61cfb8f0bbef7c58d8ab338b9d31850912e618d5abe81846aa15e5c298,Figure 4
Fig5,IH_ROC,IH,Updated MLP,roc_curve,0.15164826769548112,0.7005695687550855,,,,2024,binary_20260719_044949_c6c955a30fc2,binary_20260719_044949_c6c955a30fc2,experiments/binary_results/binary_20260719_044949_c6c955a30fc2/test_predictions.csv,f0578c61cfb8f0bbef7c58d8ab338b9d31850912e618d5abe81846aa15e5c298,Figure 4
Fig5,IH_ROC,IH,Updated MLP,roc_curve,0.15478054929523663,0.7051803634391104,,,,2024,binary_20260719_044949_c6c955a30fc2,binary_20260719_044949_c6c955a30fc2,experiments/binary_results/binary_20260719_044949_c6c955a30fc2/test_predictions.csv,f0578c61cfb8f0bbef7c58d8ab338b9d31850912e618d5abe81846aa15e5c298,Figure 4
Fig5,IH_ROC,IH,Updated MLP,roc_curve,0.15714885977310059,0.708706265256306,,,,2024,binary_20260719_044949_c6c955a30fc2,binary_20260719_044949_c6c955a30fc2,experiments/binary_results/binary_20260719_044949_c6c955a30fc2/test_predictions.csv,f0578c61cfb8f0bbef7c58d8ab338b9d31850912e618d5abe81846aa15e5c298,Figure 4
Fig5,IH_ROC,IH,Updated MLP,roc_curve,0.15921158180220787,0.7130458367236235,,,,2024,binary_20260719_044949_c6c955a30fc2,binary_20260719_044949_c6c955a30fc2,experiments/binary_results/binary_20260719_044949_c6c955a30fc2/test_predictions.csv,f0578c61cfb8f0bbef7c58d8ab338b9d31850912e618d5abe81846aa15e5c298,Figure 4
Fig5,IH_ROC,IH,Updated MLP,roc_curve,0.16115970816303143,0.7165717385408191,,,,2024,binary_20260719_044949_c6c955a30fc2,binary_20260719_044949_c6c955a30fc2,experiments/binary_results/binary_20260719_044949_c6c955a30fc2/test_predictions.csv,f0578c61cfb8f0bbef7c58d8ab338b9d31850912e618d5abe81846aa15e5c298,Figure 4
Fig5,IH_ROC,IH,Updated MLP,roc_curve,0.16436838687497612,0.7219962028749661,,,,2024,binary_20260719_044949_c6c955a30fc2,binary_20260719_044949_c6c955a30fc2,experiments/binary_results/binary_20260719_044949_c6c955a30fc2/test_predictions.csv,f0578c61cfb8f0bbef7c58d8ab338b9d31850912e618d5abe81846aa15e5c298,Figure 4
Fig5,IH_ROC,IH,Updated MLP,roc_curve,0.16681309446502923,0.7255221046921616,,,,2024,binary_20260719_044949_c6c955a30fc2,binary_20260719_044949_c6c955a30fc2,experiments/binary_results/binary_20260719_044949_c6c955a30fc2/test_predictions.csv,f0578c61cfb8f0bbef7c58d8ab338b9d31850912e618d5abe81846aa15e5c298,Figure 4
Fig5,IH_ROC,IH,Updated MLP,roc_curve,0.16883761793804195,0.7295904529427719,,,,2024,binary_20260719_044949_c6c955a30fc2,binary_20260719_044949_c6c955a30fc2,experiments/binary_results/binary_20260719_044949_c6c955a30fc2/test_predictions.csv,f0578c61cfb8f0bbef7c58d8ab338b9d31850912e618d5abe81846aa15e5c298,Figure 4
Fig5,IH_ROC,IH,Updated MLP,roc_curve,0.17204629664998664,0.7339300244100895,,,,2024,binary_20260719_044949_c6c955a30fc2,binary_20260719_044949_c6c955a30fc2,experiments/binary_results/binary_20260719_044949_c6c955a30fc2/test_predictions.csv,f0578c61cfb8f0bbef7c58d8ab338b9d31850912e618d5abe81846aa15e5c298,Figure 4
Fig5,IH_ROC,IH,Updated MLP,roc_curve,0.17540776958630963,0.7379983726606998,,,,2024,binary_20260719_044949_c6c955a30fc2,binary_20260719_044949_c6c955a30fc2,experiments/binary_results/binary_20260719_044949_c6c955a30fc2/test_predictions.csv,f0578c61cfb8f0bbef7c58d8ab338b9d31850912e618d5abe81846aa15e5c298,Figure 4
Fig5,IH_ROC,IH,Updated MLP,roc_curve,0.17838725696168684,0.7415242744778953,,,,2024,binary_20260719_044949_c6c955a30fc2,binary_20260719_044949_c6c955a30fc2,experiments/binary_results/binary_20260719_044949_c6c955a30fc2/test_predictions.csv,f0578c61cfb8f0bbef7c58d8ab338b9d31850912e618d5abe81846aa15e5c298,Figure 4
Fig5,IH_ROC,IH,Updated MLP,roc_curve,0.18064097177126703,0.7445077298616761,,,,2024,binary_20260719_044949_c6c955a30fc2,binary_20260719_044949_c6c955a30fc2,experiments/binary_results/binary_20260719_044949_c6c955a30fc2/test_predictions.csv,f0578c61cfb8f0bbef7c58d8ab338b9d31850912e618d5abe81846aa15e5c298,Figure 4
Fig5,IH_ROC,IH,Updated MLP,roc_curve,0.18362045914664427,0.7480336316788717,,,,2024,binary_20260719_044949_c6c955a30fc2,binary_20260719_044949_c6c955a30fc2,experiments/binary_results/binary_20260719_044949_c6c955a30fc2/test_predictions.csv,f0578c61cfb8f0bbef7c58d8ab338b9d31850912e618d5abe81846aa15e5c298,Figure 4
Fig5,IH_ROC,IH,Updated MLP,roc_curve,0.18667634363421062,0.7515595334960673,,,,2024,binary_20260719_044949_c6c955a30fc2,binary_20260719_044949_c6c955a30fc2,experiments/binary_results/binary_20260719_044949_c6c955a30fc2/test_predictions.csv,f0578c61cfb8f0bbef7c58d8ab338b9d31850912e618d5abe81846aa15e5c298,Figure 4
Fig5,IH_ROC,IH,Updated MLP,roc_curve,0.18946483822911495,0.7558991049633849,,,,2024,binary_20260719_044949_c6c955a30fc2,binary_20260719_044949_c6c955a30fc2,experiments/binary_results/binary_20260719_044949_c6c955a30fc2/test_predictions.csv,f0578c61cfb8f0bbef7c58d8ab338b9d31850912e618d5abe81846aa15e5c298,Figure 4
Fig5,IH_ROC,IH,Updated MLP,roc_curve,0.19255892127277588,0.7599674532139952,,,,2024,binary_20260719_044949_c6c955a30fc2,binary_20260719_044949_c6c955a30fc2,experiments/binary_results/binary_20260719_044949_c6c955a30fc2/test_predictions.csv,f0578c61cfb8f0bbef7c58d8ab338b9d31850912e618d5abe81846aa15e5c298,Figure 4
Fig5,IH_ROC,IH,Updated MLP,roc_curve,0.19508002597501814,0.7632221318144833,,,,2024,binary_20260719_044949_c6c955a30fc2,binary_20260719_044949_c6c955a30fc2,experiments/binary_results/binary_20260719_044949_c6c955a30fc2/test_predictions.csv,f0578c61cfb8f0bbef7c58d8ab338b9d31850912e618d5abe81846aa15e5c298,Figure 4
Fig5,IH_ROC,IH,Updated MLP,roc_curve,0.1991290729210436,0.7667480336316789,,,,2024,binary_20260719_044949_c6c955a30fc2,binary_20260719_044949_c6c955a30fc2,experiments/binary_results/binary_20260719_044949_c6c955a30fc2/test_predictions.csv,f0578c61cfb8f0bbef7c58d8ab338b9d31850912e618d5abe81846aa15e5c298,Figure 4
Fig5,IH_ROC,IH,Updated MLP,roc_curve,0.20195576607204246,0.7705451586655818,,,,2024,binary_20260719_044949_c6c955a30fc2,binary_20260719_044949_c6c955a30fc2,experiments/binary_results/binary_20260719_044949_c6c955a30fc2/test_predictions.csv,f0578c61cfb8f0bbef7c58d8ab338b9d31850912e618d5abe81846aa15e5c298,Figure 4
Fig5,IH_ROC,IH,Updated MLP,roc_curve,0.20497345200351427,0.7737998372660699,,,,2024,binary_20260719_044949_c6c955a30fc2,binary_20260719_044949_c6c955a30fc2,experiments/binary_results/binary_20260719_044949_c6c955a30fc2/test_predictions.csv,f0578c61cfb8f0bbef7c58d8ab338b9d31850912e618d5abe81846aa15e5c298,Figure 4
Fig5,IH_ROC,IH,Updated MLP,roc_curve,0.20692157836433783,0.7775969622999729,,,,2024,binary_20260719_044949_c6c955a30fc2,binary_20260719_044949_c6c955a30fc2,experiments/binary_results/binary_20260719_044949_c6c955a30fc2/test_predictions.csv,f0578c61cfb8f0bbef7c58d8ab338b9d31850912e618d5abe81846aa15e5c298,Figure 4
Fig5,IH_ROC,IH,Updated MLP,roc_curve,0.2097864700714313,0.7813940873338758,,,,2024,binary_20260719_044949_c6c955a30fc2,binary_20260719_044949_c6c955a30fc2,experiments/binary_results/binary_20260719_044949_c6c955a30fc2/test_predictions.csv,f0578c61cfb8f0bbef7c58d8ab338b9d31850912e618d5abe81846aa15e5c298,Figure 4
Fig5,IH_ROC,IH,Updated MLP,roc_curve,0.2142938996905917,0.7857336588011934,,,,2024,binary_20260719_044949_c6c955a30fc2,binary_20260719_044949_c6c955a30fc2,experiments/binary_results/binary_20260719_044949_c6c955a30fc2/test_predictions.csv,f0578c61cfb8f0bbef7c58d8ab338b9d31850912e618d5abe81846aa15e5c298,Figure 4
Fig5,IH_ROC,IH,Updated MLP,roc_curve,0.2167004087245502,0.7895307838350963,,,,2024,binary_20260719_044949_c6c955a30fc2,binary_20260719_044949_c6c955a30fc2,experiments/binary_results/binary_20260719_044949_c6c955a30fc2/test_predictions.csv,f0578c61cfb8f0bbef7c58d8ab338b9d31850912e618d5abe81846aa15e5c298,Figure 4
Fig5,IH_ROC,IH,Updated MLP,roc_curve,0.2189541235341304,0.7933279088689992,,,,2024,binary_20260719_044949_c6c955a30fc2,binary_20260719_044949_c6c955a30fc2,experiments/binary_results/binary_20260719_044949_c6c955a30fc2/test_predictions.csv,f0578c61cfb8f0bbef7c58d8ab338b9d31850912e618d5abe81846aa15e5c298,Figure 4
Fig5,IH_ROC,IH,Updated MLP,roc_curve,0.22304136903625044,0.7965825874694874,,,,2024,binary_20260719_044949_c6c955a30fc2,binary_20260719_044949_c6c955a30fc2,experiments/binary_results/binary_20260719_044949_c6c955a30fc2/test_predictions.csv,f0578c61cfb8f0bbef7c58d8ab338b9d31850912e618d5abe81846aa15e5c298,Figure 4
Fig5,IH_ROC,IH,Updated MLP,roc_curve,0.22693762175789756,0.8003797125033902,,,,2024,binary_20260719_044949_c6c955a30fc2,binary_20260719_044949_c6c955a30fc2,experiments/binary_results/binary_20260719_044949_c6c955a30fc2/test_predictions.csv,f0578c61cfb8f0bbef7c58d8ab338b9d31850912e618d5abe81846aa15e5c298,Figure 4
Fig5,IH_ROC,IH,Updated MLP,roc_curve,0.23194163260628747,0.8044480607540005,,,,2024,binary_20260719_044949_c6c955a30fc2,binary_20260719_044949_c6c955a30fc2,experiments/binary_results/binary_20260719_044949_c6c955a30fc2/test_predictions.csv,f0578c61cfb8f0bbef7c58d8ab338b9d31850912e618d5abe81846aa15e5c298,Figure 4
Fig5,IH_ROC,IH,Updated MLP,roc_curve,0.2354558997669888,0.8085164090046107,,,,2024,binary_20260719_044949_c6c955a30fc2,binary_20260719_044949_c6c955a30fc2,experiments/binary_results/binary_20260719_044949_c6c955a30fc2/test_predictions.csv,f0578c61cfb8f0bbef7c58d8ab338b9d31850912e618d5abe81846aa15e5c298,Figure 4
Fig5,IH_ROC,IH,Updated MLP,roc_curve,0.23839718858627143,0.8123135340385137,,,,2024,binary_20260719_044949_c6c955a30fc2,binary_20260719_044949_c6c955a30fc2,experiments/binary_results/binary_20260719_044949_c6c955a30fc2/test_predictions.csv,f0578c61cfb8f0bbef7c58d8ab338b9d31850912e618d5abe81846aa15e5c298,Figure 4
Fig5,IH_ROC,IH,Updated MLP,roc_curve,0.24347759654685053,0.8155682126390019,,,,2024,binary_20260719_044949_c6c955a30fc2,binary_20260719_044949_c6c955a30fc2,experiments/binary_results/binary_20260719_044949_c6c955a30fc2/test_predictions.csv,f0578c61cfb8f0bbef7c58d8ab338b9d31850912e618d5abe81846aa15e5c298,Figure 4
Fig5,IH_ROC,IH,Updated MLP,roc_curve,0.24947476985369954,0.8190941144561974,,,,2024,binary_20260719_044949_c6c955a30fc2,binary_20260719_044949_c6c955a30fc2,experiments/binary_results/binary_20260719_044949_c6c955a30fc2/test_predictions.csv,f0578c61cfb8f0bbef7c58d8ab338b9d31850912e618d5abe81846aa15e5c298,Figure 4
Fig5,IH_ROC,IH,Updated MLP,roc_curve,0.2514228962145231,0.8223487930566856,,,,2024,binary_20260719_044949_c6c955a30fc2,binary_20260719_044949_c6c955a30fc2,experiments/binary_results/binary_20260719_044949_c6c955a30fc2/test_predictions.csv,f0578c61cfb8f0bbef7c58d8ab338b9d31850912e618d5abe81846aa15e5c298,Figure 4
Fig5,IH_ROC,IH,Updated MLP,roc_curve,0.2543641850338057,0.8258746948738812,,,,2024,binary_20260719_044949_c6c955a30fc2,binary_20260719_044949_c6c955a30fc2,experiments/binary_results/binary_20260719_044949_c6c955a30fc2/test_predictions.csv,f0578c61cfb8f0bbef7c58d8ab338b9d31850912e618d5abe81846aa15e5c298,Figure 4
Fig5,IH_ROC,IH,Updated MLP,roc_curve,0.2592536002139119,0.8294005966910768,,,,2024,binary_20260719_044949_c6c955a30fc2,binary_20260719_044949_c6c955a30fc2,experiments/binary_results/binary_20260719_044949_c6c955a30fc2/test_predictions.csv,f0578c61cfb8f0bbef7c58d8ab338b9d31850912e618d5abe81846aa15e5c298,Figure 4
Fig5,IH_ROC,IH,Updated MLP,roc_curve,0.2641812139501127,0.8326552752915649,,,,2024,binary_20260719_044949_c6c955a30fc2,binary_20260719_044949_c6c955a30fc2,experiments/binary_results/binary_20260719_044949_c6c955a30fc2/test_predictions.csv,f0578c61cfb8f0bbef7c58d8ab338b9d31850912e618d5abe81846aa15e5c298,Figure 4
Fig5,IH_ROC,IH,Updated MLP,roc_curve,0.26761908399862483,0.8372660699755899,,,,2024,binary_20260719_044949_c6c955a30fc2,binary_20260719_044949_c6c955a30fc2,experiments/binary_results/binary_20260719_044949_c6c955a30fc2/test_predictions.csv,f0578c61cfb8f0bbef7c58d8ab338b9d31850912e618d5abe81846aa15e5c298,Figure 4
Fig5,IH_ROC,IH,Updated MLP,roc_curve,0.27140074105198825,0.8407919717927854,,,,2024,binary_20260719_044949_c6c955a30fc2,binary_20260719_044949_c6c955a30fc2,experiments/binary_results/binary_20260719_044949_c6c955a30fc2/test_predictions.csv,f0578c61cfb8f0bbef7c58d8ab338b9d31850912e618d5abe81846aa15e5c298,Figure 4
Fig5,IH_ROC,IH,Updated MLP,roc_curve,0.2752205966614462,0.844317873609981,,,,2024,binary_20260719_044949_c6c955a30fc2,binary_20260719_044949_c6c955a30fc2,experiments/binary_results/binary_20260719_044949_c6c955a30fc2/test_predictions.csv,f0578c61cfb8f0bbef7c58d8ab338b9d31850912e618d5abe81846aa15e5c298,Figure 4
Fig5,IH_ROC,IH,Updated MLP,roc_curve,0.2806447916268765,0.8473013289937619,,,,2024,binary_20260719_044949_c6c955a30fc2,binary_20260719_044949_c6c955a30fc2,experiments/binary_results/binary_20260719_044949_c6c955a30fc2/test_predictions.csv,f0578c61cfb8f0bbef7c58d8ab338b9d31850912e618d5abe81846aa15e5c298,Figure 4
Fig5,IH_ROC,IH,Updated MLP,roc_curve,0.2872531418312388,0.8505560075942501,,,,2024,binary_20260719_044949_c6c955a30fc2,binary_20260719_044949_c6c955a30fc2,experiments/binary_results/binary_20260719_044949_c6c955a30fc2/test_predictions.csv,f0578c61cfb8f0bbef7c58d8ab338b9d31850912e618d5abe81846aa15e5c298,Figure 4
Fig5,IH_ROC,IH,Updated MLP,roc_curve,0.2917223728943046,0.8540819094114456,,,,2024,binary_20260719_044949_c6c955a30fc2,binary_20260719_044949_c6c955a30fc2,experiments/binary_results/binary_20260719_044949_c6c955a30fc2/test_predictions.csv,f0578c61cfb8f0bbef7c58d8ab338b9d31850912e618d5abe81846aa15e5c298,Figure 4
Fig5,IH_ROC,IH,Updated MLP,roc_curve,0.29535123572328964,0.8576078112286412,,,,2024,binary_20260719_044949_c6c955a30fc2,binary_20260719_044949_c6c955a30fc2,experiments/binary_results/binary_20260719_044949_c6c955a30fc2/test_predictions.csv,f0578c61cfb8f0bbef7c58d8ab338b9d31850912e618d5abe81846aa15e5c298,Figure 4
Fig5,IH_ROC,IH,Updated MLP,roc_curve,0.3018067917032736,0.8614049362625441,,,,2024,binary_20260719_044949_c6c955a30fc2,binary_20260719_044949_c6c955a30fc2,experiments/binary_results/binary_20260719_044949_c6c955a30fc2/test_predictions.csv,f0578c61cfb8f0bbef7c58d8ab338b9d31850912e618d5abe81846aa15e5c298,Figure 4
Fig5,IH_ROC,IH,Updated MLP,roc_curve,0.3064288169907178,0.8646596148630322,,,,2024,binary_20260719_044949_c6c955a30fc2,binary_20260719_044949_c6c955a30fc2,experiments/binary_results/binary_20260719_044949_c6c955a30fc2/test_predictions.csv,f0578c61cfb8f0bbef7c58d8ab338b9d31850912e618d5abe81846aa15e5c298,Figure 4
Fig5,IH_ROC,IH,Updated MLP,roc_curve,0.3167806256923488,0.8679142934635204,,,,2024,binary_20260719_044949_c6c955a30fc2,binary_20260719_044949_c6c955a30fc2,experiments/binary_results/binary_20260719_044949_c6c955a30fc2/test_predictions.csv,f0578c61cfb8f0bbef7c58d8ab338b9d31850912e618d5abe81846aa15e5c298,Figure 4
Fig5,IH_ROC,IH,Updated MLP,roc_curve,0.32277779899919784,0.871440195280716,,,,2024,binary_20260719_044949_c6c955a30fc2,binary_20260719_044949_c6c955a30fc2,experiments/binary_results/binary_20260719_044949_c6c955a30fc2/test_predictions.csv,f0578c61cfb8f0bbef7c58d8ab338b9d31850912e618d5abe81846aa15e5c298,Figure 4
Fig5,IH_ROC,IH,Updated MLP,roc_curve,0.3277054127353986,0.8746948738812043,,,,2024,binary_20260719_044949_c6c955a30fc2,binary_20260719_044949_c6c955a30fc2,experiments/binary_results/binary_20260719_044949_c6c955a30fc2/test_predictions.csv,f0578c61cfb8f0bbef7c58d8ab338b9d31850912e618d5abe81846aa15e5c298,Figure 4
Fig5,IH_ROC,IH,Updated MLP,roc_curve,0.33587990373963866,0.8782207756983997,,,,2024,binary_20260719_044949_c6c955a30fc2,binary_20260719_044949_c6c955a30fc2,experiments/binary_results/binary_20260719_044949_c6c955a30fc2/test_predictions.csv,f0578c61cfb8f0bbef7c58d8ab338b9d31850912e618d5abe81846aa15e5c298,Figure 4
Fig5,IH_ROC,IH,Updated MLP,roc_curve,0.338210015661408,0.8812042310821806,,,,2024,binary_20260719_044949_c6c955a30fc2,binary_20260719_044949_c6c955a30fc2,experiments/binary_results/binary_20260719_044949_c6c955a30fc2/test_predictions.csv,f0578c61cfb8f0bbef7c58d8ab338b9d31850912e618d5abe81846aa15e5c298,Figure 4
Fig5,IH_ROC,IH,Updated MLP,roc_curve,0.344932961534054,0.8844589096826688,,,,2024,binary_20260719_044949_c6c955a30fc2,binary_20260719_044949_c6c955a30fc2,experiments/binary_results/binary_20260719_044949_c6c955a30fc2/test_predictions.csv,f0578c61cfb8f0bbef7c58d8ab338b9d31850912e618d5abe81846aa15e5c298,Figure 4
Fig5,IH_ROC,IH,Updated MLP,roc_curve,0.3492493983727415,0.887713588283157,,,,2024,binary_20260719_044949_c6c955a30fc2,binary_20260719_044949_c6c955a30fc2,experiments/binary_results/binary_20260719_044949_c6c955a30fc2/test_predictions.csv,f0578c61cfb8f0bbef7c58d8ab338b9d31850912e618d5abe81846aa15e5c298,Figure 4
Fig5,IH_ROC,IH,Updated MLP,roc_curve,0.35692730814775203,0.8909682668836453,,,,2024,binary_20260719_044949_c6c955a30fc2,binary_20260719_044949_c6c955a30fc2,experiments/binary_results/binary_20260719_044949_c6c955a30fc2/test_predictions.csv,f0578c61cfb8f0bbef7c58d8ab338b9d31850912e618d5abe81846aa15e5c298,Figure 4
Fig5,IH_ROC,IH,Updated MLP,roc_curve,0.36196951755223655,0.8947653919175481,,,,2024,binary_20260719_044949_c6c955a30fc2,binary_20260719_044949_c6c955a30fc2,experiments/binary_results/binary_20260719_044949_c6c955a30fc2/test_predictions.csv,f0578c61cfb8f0bbef7c58d8ab338b9d31850912e618d5abe81846aa15e5c298,Figure 4
Fig5,IH_ROC,IH,Updated MLP,roc_curve,0.3682722793078422,0.8980200705180363,,,,2024,binary_20260719_044949_c6c955a30fc2,binary_20260719_044949_c6c955a30fc2,experiments/binary_results/binary_20260719_044949_c6c955a30fc2/test_predictions.csv,f0578c61cfb8f0bbef7c58d8ab338b9d31850912e618d5abe81846aa15e5c298,Figure 4
Fig5,IH_ROC,IH,Updated MLP,roc_curve,0.37564460063409605,0.901545972335232,,,,2024,binary_20260719_044949_c6c955a30fc2,binary_20260719_044949_c6c955a30fc2,experiments/binary_results/binary_20260719_044949_c6c955a30fc2/test_predictions.csv,f0578c61cfb8f0bbef7c58d8ab338b9d31850912e618d5abe81846aa15e5c298,Figure 4
Fig5,IH_ROC,IH,Updated MLP,roc_curve,0.3821383551701746,0.9045294277190128,,,,2024,binary_20260719_044949_c6c955a30fc2,binary_20260719_044949_c6c955a30fc2,experiments/binary_results/binary_20260719_044949_c6c955a30fc2/test_predictions.csv,f0578c61cfb8f0bbef7c58d8ab338b9d31850912e618d5abe81846aa15e5c298,Figure 4
Fig5,IH_ROC,IH,Updated MLP,roc_curve,0.3895870736086176,0.9077841063195008,,,,2024,binary_20260719_044949_c6c955a30fc2,binary_20260719_044949_c6c955a30fc2,experiments/binary_results/binary_20260719_044949_c6c955a30fc2/test_predictions.csv,f0578c61cfb8f0bbef7c58d8ab338b9d31850912e618d5abe81846aa15e5c298,Figure 4
Fig5,IH_ROC,IH,Updated MLP,roc_curve,0.3991749111883571,0.9113100081366964,,,,2024,binary_20260719_044949_c6c955a30fc2,binary_20260719_044949_c6c955a30fc2,experiments/binary_results/binary_20260719_044949_c6c955a30fc2/test_predictions.csv,f0578c61cfb8f0bbef7c58d8ab338b9d31850912e618d5abe81846aa15e5c298,Figure 4
Fig5,IH_ROC,IH,Updated MLP,roc_curve,0.4055540700561519,0.9145646867371848,,,,2024,binary_20260719_044949_c6c955a30fc2,binary_20260719_044949_c6c955a30fc2,experiments/binary_results/binary_20260719_044949_c6c955a30fc2/test_predictions.csv,f0578c61cfb8f0bbef7c58d8ab338b9d31850912e618d5abe81846aa15e5c298,Figure 4
Fig5,IH_ROC,IH,Updated MLP,roc_curve,0.4111692578020551,0.9180905885543804,,,,2024,binary_20260719_044949_c6c955a30fc2,binary_20260719_044949_c6c955a30fc2,experiments/binary_results/binary_20260719_044949_c6c955a30fc2/test_predictions.csv,f0578c61cfb8f0bbef7c58d8ab338b9d31850912e618d5abe81846aa15e5c298,Figure 4
Fig5,IH_ROC,IH,Updated MLP,roc_curve,0.4160204744260667,0.9213452671548684,,,,2024,binary_20260719_044949_c6c955a30fc2,binary_20260719_044949_c6c955a30fc2,experiments/binary_results/binary_20260719_044949_c6c955a30fc2/test_predictions.csv,f0578c61cfb8f0bbef7c58d8ab338b9d31850912e618d5abe81846aa15e5c298,Figure 4
Fig5,IH_ROC,IH,Updated MLP,roc_curve,0.4272508499178731,0.9243287225386492,,,,2024,binary_20260719_044949_c6c955a30fc2,binary_20260719_044949_c6c955a30fc2,experiments/binary_results/binary_20260719_044949_c6c955a30fc2/test_predictions.csv,f0578c61cfb8f0bbef7c58d8ab338b9d31850912e618d5abe81846aa15e5c298,Figure 4
Fig5,IH_ROC,IH,Updated MLP,roc_curve,0.4350051568050728,0.9275834011391376,,,,2024,binary_20260719_044949_c6c955a30fc2,binary_20260719_044949_c6c955a30fc2,experiments/binary_results/binary_20260719_044949_c6c955a30fc2/test_predictions.csv,f0578c61cfb8f0bbef7c58d8ab338b9d31850912e618d5abe81846aa15e5c298,Figure 4
Fig5,IH_ROC,IH,Updated MLP,roc_curve,0.44039115321440847,0.9311093029563332,,,,2024,binary_20260719_044949_c6c955a30fc2,binary_20260719_044949_c6c955a30fc2,experiments/binary_results/binary_20260719_044949_c6c955a30fc2/test_predictions.csv,f0578c61cfb8f0bbef7c58d8ab338b9d31850912e618d5abe81846aa15e5c298,Figure 4
Fig5,IH_ROC,IH,Updated MLP,roc_curve,0.44871843844302683,0.9343639815568212,,,,2024,binary_20260719_044949_c6c955a30fc2,binary_20260719_044949_c6c955a30fc2,experiments/binary_results/binary_20260719_044949_c6c955a30fc2/test_predictions.csv,f0578c61cfb8f0bbef7c58d8ab338b9d31850912e618d5abe81846aa15e5c298,Figure 4
Fig5,IH_ROC,IH,Updated MLP,roc_curve,0.45712212078383435,0.9378898833740168,,,,2024,binary_20260719_044949_c6c955a30fc2,binary_20260719_044949_c6c955a30fc2,experiments/binary_results/binary_20260719_044949_c6c955a30fc2/test_predictions.csv,f0578c61cfb8f0bbef7c58d8ab338b9d31850912e618d5abe81846aa15e5c298,Figure 4
Fig5,IH_ROC,IH,Updated MLP,roc_curve,0.46353947820772373,0.9414157851912124,,,,2024,binary_20260719_044949_c6c955a30fc2,binary_20260719_044949_c6c955a30fc2,experiments/binary_results/binary_20260719_044949_c6c955a30fc2/test_predictions.csv,f0578c61cfb8f0bbef7c58d8ab338b9d31850912e618d5abe81846aa15e5c298,Figure 4
Fig5,IH_ROC,IH,Updated MLP,roc_curve,0.473509301348409,0.9446704637917006,,,,2024,binary_20260719_044949_c6c955a30fc2,binary_20260719_044949_c6c955a30fc2,experiments/binary_results/binary_20260719_044949_c6c955a30fc2/test_predictions.csv,f0578c61cfb8f0bbef7c58d8ab338b9d31850912e618d5abe81846aa15e5c298,Figure 4
Fig5,IH_ROC,IH,Updated MLP,roc_curve,0.48290614614767563,0.948196365608896,,,,2024,binary_20260719_044949_c6c955a30fc2,binary_20260719_044949_c6c955a30fc2,experiments/binary_results/binary_20260719_044949_c6c955a30fc2/test_predictions.csv,f0578c61cfb8f0bbef7c58d8ab338b9d31850912e618d5abe81846aa15e5c298,Figure 4
Fig5,IH_ROC,IH,Updated MLP,roc_curve,0.4915390198250506,0.951993490642799,,,,2024,binary_20260719_044949_c6c955a30fc2,binary_20260719_044949_c6c955a30fc2,experiments/binary_results/binary_20260719_044949_c6c955a30fc2/test_predictions.csv,f0578c61cfb8f0bbef7c58d8ab338b9d31850912e618d5abe81846aa15e5c298,Figure 4
Fig5,IH_ROC,IH,Updated MLP,roc_curve,0.5025784025363841,0.9555193924599946,,,,2024,binary_20260719_044949_c6c955a30fc2,binary_20260719_044949_c6c955a30fc2,experiments/binary_results/binary_20260719_044949_c6c955a30fc2/test_predictions.csv,f0578c61cfb8f0bbef7c58d8ab338b9d31850912e618d5abe81846aa15e5c298,Figure 4
Fig5,IH_ROC,IH,Updated MLP,roc_curve,0.5154513159402575,0.95904529427719,,,,2024,binary_20260719_044949_c6c955a30fc2,binary_20260719_044949_c6c955a30fc2,experiments/binary_results/binary_20260719_044949_c6c955a30fc2/test_predictions.csv,f0578c61cfb8f0bbef7c58d8ab338b9d31850912e618d5abe81846aa15e5c298,Figure 4
Fig5,IH_ROC,IH,Updated MLP,roc_curve,0.5298139730318194,0.9622999728776784,,,,2024,binary_20260719_044949_c6c955a30fc2,binary_20260719_044949_c6c955a30fc2,experiments/binary_results/binary_20260719_044949_c6c955a30fc2/test_predictions.csv,f0578c61cfb8f0bbef7c58d8ab338b9d31850912e618d5abe81846aa15e5c298,Figure 4
Fig5,IH_ROC,IH,Updated MLP,roc_curve,0.5389052293823293,0.9655546514781664,,,,2024,binary_20260719_044949_c6c955a30fc2,binary_20260719_044949_c6c955a30fc2,experiments/binary_results/binary_20260719_044949_c6c955a30fc2/test_predictions.csv,f0578c61cfb8f0bbef7c58d8ab338b9d31850912e618d5abe81846aa15e5c298,Figure 4
Fig5,IH_ROC,IH,Updated MLP,roc_curve,0.5531532908056076,0.9685381068619474,,,,2024,binary_20260719_044949_c6c955a30fc2,binary_20260719_044949_c6c955a30fc2,experiments/binary_results/binary_20260719_044949_c6c955a30fc2/test_predictions.csv,f0578c61cfb8f0bbef7c58d8ab338b9d31850912e618d5abe81846aa15e5c298,Figure 4
Fig5,IH_ROC,IH,Updated MLP,roc_curve,0.5745826807746667,0.9717927854624356,,,,2024,binary_20260719_044949_c6c955a30fc2,binary_20260719_044949_c6c955a30fc2,experiments/binary_results/binary_20260719_044949_c6c955a30fc2/test_predictions.csv,f0578c61cfb8f0bbef7c58d8ab338b9d31850912e618d5abe81846aa15e5c298,Figure 4
Fig5,IH_ROC,IH,Updated MLP,roc_curve,0.5971198288704687,0.9747762408462164,,,,2024,binary_20260719_044949_c6c955a30fc2,binary_20260719_044949_c6c955a30fc2,experiments/binary_results/binary_20260719_044949_c6c955a30fc2/test_predictions.csv,f0578c61cfb8f0bbef7c58d8ab338b9d31850912e618d5abe81846aa15e5c298,Figure 4
Fig5,IH_ROC,IH,Updated MLP,roc_curve,0.6143091791130295,0.9777596962299973,,,,2024,binary_20260719_044949_c6c955a30fc2,binary_20260719_044949_c6c955a30fc2,experiments/binary_results/binary_20260719_044949_c6c955a30fc2/test_predictions.csv,f0578c61cfb8f0bbef7c58d8ab338b9d31850912e618d5abe81846aa15e5c298,Figure 4
Fig5,IH_ROC,IH,Updated MLP,roc_curve,0.6440276557546125,0.9812855980471928,,,,2024,binary_20260719_044949_c6c955a30fc2,binary_20260719_044949_c6c955a30fc2,experiments/binary_results/binary_20260719_044949_c6c955a30fc2/test_predictions.csv,f0578c61cfb8f0bbef7c58d8ab338b9d31850912e618d5abe81846aa15e5c298,Figure 4
Fig5,IH_ROC,IH,Updated MLP,roc_curve,0.6679781504259139,0.9845402766476812,,,,2024,binary_20260719_044949_c6c955a30fc2,binary_20260719_044949_c6c955a30fc2,experiments/binary_results/binary_20260719_044949_c6c955a30fc2/test_predictions.csv,f0578c61cfb8f0bbef7c58d8ab338b9d31850912e618d5abe81846aa15e5c298,Figure 4
Fig5,IH_ROC,IH,Updated MLP,roc_curve,0.6896367317315405,0.987523732031462,,,,2024,binary_20260719_044949_c6c955a30fc2,binary_20260719_044949_c6c955a30fc2,experiments/binary_results/binary_20260719_044949_c6c955a30fc2/test_predictions.csv,f0578c61cfb8f0bbef7c58d8ab338b9d31850912e618d5abe81846aa15e5c298,Figure 4
Fig5,IH_ROC,IH,Updated MLP,roc_curve,0.7151151686466252,0.9905071874152428,,,,2024,binary_20260719_044949_c6c955a30fc2,binary_20260719_044949_c6c955a30fc2,experiments/binary_results/binary_20260719_044949_c6c955a30fc2/test_predictions.csv,f0578c61cfb8f0bbef7c58d8ab338b9d31850912e618d5abe81846aa15e5c298,Figure 4
Fig5,IH_ROC,IH,Updated MLP,roc_curve,0.7522823637266511,0.9932194195823164,,,,2024,binary_20260719_044949_c6c955a30fc2,binary_20260719_044949_c6c955a30fc2,experiments/binary_results/binary_20260719_044949_c6c955a30fc2/test_predictions.csv,f0578c61cfb8f0bbef7c58d8ab338b9d31850912e618d5abe81846aa15e5c298,Figure 4
Fig5,IH_ROC,IH,Updated MLP,roc_curve,0.8033156346690095,0.9953892053159752,,,,2024,binary_20260719_044949_c6c955a30fc2,binary_20260719_044949_c6c955a30fc2,experiments/binary_results/binary_20260719_044949_c6c955a30fc2/test_predictions.csv,f0578c61cfb8f0bbef7c58d8ab338b9d31850912e618d5abe81846aa15e5c298,Figure 4
Fig5,IH_ROC,IH,Updated MLP,roc_curve,0.8910959165743535,0.9981014374830486,,,,2024,binary_20260719_044949_c6c955a30fc2,binary_20260719_044949_c6c955a30fc2,experiments/binary_results/binary_20260719_044949_c6c955a30fc2/test_predictions.csv,f0578c61cfb8f0bbef7c58d8ab338b9d31850912e618d5abe81846aa15e5c298,Figure 4
Fig5,IH_ROC,IH,Updated MLP,roc_curve,1.0,1.0,,,,2024,binary_20260719_044949_c6c955a30fc2,binary_20260719_044949_c6c955a30fc2,experiments/binary_results/binary_20260719_044949_c6c955a30fc2/test_predictions.csv,f0578c61cfb8f0bbef7c58d8ab338b9d31850912e618d5abe81846aa15e5c298,Figure 4
Fig5,IH_PR,IH,Updated MLP,precision_recall_curve,1.0,0.1234514163262572,,,,2024,binary_20260719_044949_c6c955a30fc2,binary_20260719_044949_c6c955a30fc2,experiments/binary_results/binary_20260719_044949_c6c955a30fc2/test_predictions.csv,f0578c61cfb8f0bbef7c58d8ab338b9d31850912e618d5abe81846aa15e5c298,Figure 4
Fig5,IH_PR,IH,Updated MLP,precision_recall_curve,1.0,0.1240703974156206,,,,2024,binary_20260719_044949_c6c955a30fc2,binary_20260719_044949_c6c955a30fc2,experiments/binary_results/binary_20260719_044949_c6c955a30fc2/test_predictions.csv,f0578c61cfb8f0bbef7c58d8ab338b9d31850912e618d5abe81846aa15e5c298,Figure 4
Fig5,IH_PR,IH,Updated MLP,precision_recall_curve,0.9997287767832926,0.1246660127845232,,,,2024,binary_20260719_044949_c6c955a30fc2,binary_20260719_044949_c6c955a30fc2,experiments/binary_results/binary_20260719_044949_c6c955a30fc2/test_predictions.csv,f0578c61cfb8f0bbef7c58d8ab338b9d31850912e618d5abe81846aa15e5c298,Figure 4
Fig5,IH_PR,IH,Updated MLP,precision_recall_curve,0.9997287767832926,0.1253016962980589,,,,2024,binary_20260719_044949_c6c955a30fc2,binary_20260719_044949_c6c955a30fc2,experiments/binary_results/binary_20260719_044949_c6c955a30fc2/test_predictions.csv,f0578c61cfb8f0bbef7c58d8ab338b9d31850912e618d5abe81846aa15e5c298,Figure 4
Fig5,IH_PR,IH,Updated MLP,precision_recall_curve,0.9997287767832926,0.1259438958554002,,,,2024,binary_20260719_044949_c6c955a30fc2,binary_20260719_044949_c6c955a30fc2,experiments/binary_results/binary_20260719_044949_c6c955a30fc2/test_predictions.csv,f0578c61cfb8f0bbef7c58d8ab338b9d31850912e618d5abe81846aa15e5c298,Figure 4
Fig5,IH_PR,IH,Updated MLP,precision_recall_curve,0.9997287767832926,0.1265970600357192,,,,2024,binary_20260719_044949_c6c955a30fc2,binary_20260719_044949_c6c955a30fc2,experiments/binary_results/binary_20260719_044949_c6c955a30fc2/test_predictions.csv,f0578c61cfb8f0bbef7c58d8ab338b9d31850912e618d5abe81846aa15e5c298,Figure 4
Fig5,IH_PR,IH,Updated MLP,precision_recall_curve,0.9997287767832926,0.1272526410274114,,,,2024,binary_20260719_044949_c6c955a30fc2,binary_20260719_044949_c6c955a30fc2,experiments/binary_results/binary_20260719_044949_c6c955a30fc2/test_predictions.csv,f0578c61cfb8f0bbef7c58d8ab338b9d31850912e618d5abe81846aa15e5c298,Figure 4
Fig5,IH_PR,IH,Updated MLP,precision_recall_curve,0.9994575535665853,0.1278803442531926,,,,2024,binary_20260719_044949_c6c955a30fc2,binary_20260719_044949_c6c955a30fc2,experiments/binary_results/binary_20260719_044949_c6c955a30fc2/test_predictions.csv,f0578c61cfb8f0bbef7c58d8ab338b9d31850912e618d5abe81846aa15e5c298,Figure 4
Fig5,IH_PR,IH,Updated MLP,precision_recall_curve,0.9994575535665853,0.1285450169184079,,,,2024,binary_20260719_044949_c6c955a30fc2,binary_20260719_044949_c6c955a30fc2,experiments/binary_results/binary_20260719_044949_c6c955a30fc2/test_predictions.csv,f0578c61cfb8f0bbef7c58d8ab338b9d31850912e618d5abe81846aa15e5c298,Figure 4
Fig5,IH_PR,IH,Updated MLP,precision_recall_curve,0.9994575535665853,0.1292211663218431,,,,2024,binary_20260719_044949_c6c955a30fc2,binary_20260719_044949_c6c955a30fc2,experiments/binary_results/binary_20260719_044949_c6c955a30fc2/test_predictions.csv,f0578c61cfb8f0bbef7c58d8ab338b9d31850912e618d5abe81846aa15e5c298,Figure 4
Fig5,IH_PR,IH,Updated MLP,precision_recall_curve,0.9991863303498779,0.1298692142277999,,,,2024,binary_20260719_044949_c6c955a30fc2,binary_20260719_044949_c6c955a30fc2,experiments/binary_results/binary_20260719_044949_c6c955a30fc2/test_predictions.csv,f0578c61cfb8f0bbef7c58d8ab338b9d31850912e618d5abe81846aa15e5c298,Figure 4
Fig5,IH_PR,IH,Updated MLP,precision_recall_curve,0.9991863303498779,0.1305595917354786,,,,2024,binary_20260719_044949_c6c955a30fc2,binary_20260719_044949_c6c955a30fc2,experiments/binary_results/binary_20260719_044949_c6c955a30fc2/test_predictions.csv,f0578c61cfb8f0bbef7c58d8ab338b9d31850912e618d5abe81846aa15e5c298,Figure 4
Fig5,IH_PR,IH,Updated MLP,precision_recall_curve,0.9991863303498779,0.1312620252262524,,,,2024,binary_20260719_044949_c6c955a30fc2,binary_20260719_044949_c6c955a30fc2,experiments/binary_results/binary_20260719_044949_c6c955a30fc2/test_predictions.csv,f0578c61cfb8f0bbef7c58d8ab338b9d31850912e618d5abe81846aa15e5c298,Figure 4
Fig5,IH_PR,IH,Updated MLP,precision_recall_curve,0.9989151071331706,0.1319315088121507,,,,2024,binary_20260719_044949_c6c955a30fc2,binary_20260719_044949_c6c955a30fc2,experiments/binary_results/binary_20260719_044949_c6c955a30fc2/test_predictions.csv,f0578c61cfb8f0bbef7c58d8ab338b9d31850912e618d5abe81846aa15e5c298,Figure 4
Fig5,IH_PR,IH,Updated MLP,precision_recall_curve,0.9989151071331706,0.1326442411582511,,,,2024,binary_20260719_044949_c6c955a30fc2,binary_20260719_044949_c6c955a30fc2,experiments/binary_results/binary_20260719_044949_c6c955a30fc2/test_predictions.csv,f0578c61cfb8f0bbef7c58d8ab338b9d31850912e618d5abe81846aa15e5c298,Figure 4
Fig5,IH_PR,IH,Updated MLP,precision_recall_curve,0.9989151071331706,0.1333647161066048,,,,2024,binary_20260719_044949_c6c955a30fc2,binary_20260719_044949_c6c955a30fc2,experiments/binary_results/binary_20260719_044949_c6c955a30fc2/test_predictions.csv,f0578c61cfb8f0bbef7c58d8ab338b9d31850912e618d5abe81846aa15e5c298,Figure 4
Fig5,IH_PR,IH,Updated MLP,precision_recall_curve,0.9986438839164633,0.1340615328600036,,,,2024,binary_20260719_044949_c6c955a30fc2,binary_20260719_044949_c6c955a30fc2,experiments/binary_results/binary_20260719_044949_c6c955a30fc2/test_predictions.csv,f0578c61cfb8f0bbef7c58d8ab338b9d31850912e618d5abe81846aa15e5c298,Figure 4
Fig5,IH_PR,IH,Updated MLP,precision_recall_curve,0.9983726606997559,0.1347611202635914,,,,2024,binary_20260719_044949_c6c955a30fc2,binary_20260719_044949_c6c955a30fc2,experiments/binary_results/binary_20260719_044949_c6c955a30fc2/test_predictions.csv,f0578c61cfb8f0bbef7c58d8ab338b9d31850912e618d5abe81846aa15e5c298,Figure 4
Fig5,IH_PR,IH,Updated MLP,precision_recall_curve,0.9981014374830486,0.1354684336462359,,,,2024,binary_20260719_044949_c6c955a30fc2,binary_20260719_044949_c6c955a30fc2,experiments/binary_results/binary_20260719_044949_c6c955a30fc2/test_predictions.csv,f0578c61cfb8f0bbef7c58d8ab338b9d31850912e618d5abe81846aa15e5c298,Figure 4
Fig5,IH_PR,IH,Updated MLP,precision_recall_curve,0.9981014374830486,0.1362206181750879,,,,2024,binary_20260719_044949_c6c955a30fc2,binary_20260719_044949_c6c955a30fc2,experiments/binary_results/binary_20260719_044949_c6c955a30fc2/test_predictions.csv,f0578c61cfb8f0bbef7c58d8ab338b9d31850912e618d5abe81846aa15e5c298,Figure 4
Fig5,IH_PR,IH,Updated MLP,precision_recall_curve,0.9978302142663412,0.1369490768314473,,,,2024,binary_20260719_044949_c6c955a30fc2,binary_20260719_044949_c6c955a30fc2,experiments/binary_results/binary_20260719_044949_c6c955a30fc2/test_predictions.csv,f0578c61cfb8f0bbef7c58d8ab338b9d31850912e618d5abe81846aa15e5c298,Figure 4
Fig5,IH_PR,IH,Updated MLP,precision_recall_curve,0.9978302142663412,0.1377180504604327,,,,2024,binary_20260719_044949_c6c955a30fc2,binary_20260719_044949_c6c955a30fc2,experiments/binary_results/binary_20260719_044949_c6c955a30fc2/test_predictions.csv,f0578c61cfb8f0bbef7c58d8ab338b9d31850912e618d5abe81846aa15e5c298,Figure 4
Fig5,IH_PR,IH,Updated MLP,precision_recall_curve,0.9978302142663412,0.1384904950122341,,,,2024,binary_20260719_044949_c6c955a30fc2,binary_20260719_044949_c6c955a30fc2,experiments/binary_results/binary_20260719_044949_c6c955a30fc2/test_predictions.csv,f0578c61cfb8f0bbef7c58d8ab338b9d31850912e618d5abe81846aa15e5c298,Figure 4
Fig5,IH_PR,IH,Updated MLP,precision_recall_curve,0.9978302142663412,0.1392769259890214,,,,2024,binary_20260719_044949_c6c955a30fc2,binary_20260719_044949_c6c955a30fc2,experiments/binary_results/binary_20260719_044949_c6c955a30fc2/test_predictions.csv,f0578c61cfb8f0bbef7c58d8ab338b9d31850912e618d5abe81846aa15e5c298,Figure 4
Fig5,IH_PR,IH,Updated MLP,precision_recall_curve,0.9978302142663412,0.1400723396154578,,,,2024,binary_20260719_044949_c6c955a30fc2,binary_20260719_044949_c6c955a30fc2,experiments/binary_results/binary_20260719_044949_c6c955a30fc2/test_predictions.csv,f0578c61cfb8f0bbef7c58d8ab338b9d31850912e618d5abe81846aa15e5c298,Figure 4
Fig5,IH_PR,IH,Updated MLP,precision_recall_curve,0.9975589910496339,0.1408385985066054,,,,2024,binary_20260719_044949_c6c955a30fc2,binary_20260719_044949_c6c955a30fc2,experiments/binary_results/binary_20260719_044949_c6c955a30fc2/test_predictions.csv,f0578c61cfb8f0bbef7c58d8ab338b9d31850912e618d5abe81846aa15e5c298,Figure 4
Fig5,IH_PR,IH,Updated MLP,precision_recall_curve,0.9975589910496339,0.1416522241478914,,,,2024,binary_20260719_044949_c6c955a30fc2,binary_20260719_044949_c6c955a30fc2,experiments/binary_results/binary_20260719_044949_c6c955a30fc2/test_predictions.csv,f0578c61cfb8f0bbef7c58d8ab338b9d31850912e618d5abe81846aa15e5c298,Figure 4
Fig5,IH_PR,IH,Updated MLP,precision_recall_curve,0.9972877678329265,0.1424420856899357,,,,2024,binary_20260719_044949_c6c955a30fc2,binary_20260719_044949_c6c955a30fc2,experiments/binary_results/binary_20260719_044949_c6c955a30fc2/test_predictions.csv,f0578c61cfb8f0bbef7c58d8ab338b9d31850912e618d5abe81846aa15e5c298,Figure 4
Fig5,IH_PR,IH,Updated MLP,precision_recall_curve,0.9970165446162191,0.1432356608478803,,,,2024,binary_20260719_044949_c6c955a30fc2,binary_20260719_044949_c6c955a30fc2,experiments/binary_results/binary_20260719_044949_c6c955a30fc2/test_predictions.csv,f0578c61cfb8f0bbef7c58d8ab338b9d31850912e618d5abe81846aa15e5c298,Figure 4
Fig5,IH_PR,IH,Updated MLP,precision_recall_curve,0.9970165446162191,0.1440721144424848,,,,2024,binary_20260719_044949_c6c955a30fc2,binary_20260719_044949_c6c955a30fc2,experiments/binary_results/binary_20260719_044949_c6c955a30fc2/test_predictions.csv,f0578c61cfb8f0bbef7c58d8ab338b9d31850912e618d5abe81846aa15e5c298,Figure 4
Fig5,IH_PR,IH,Updated MLP,precision_recall_curve,0.9967453213995118,0.1448846836191602,,,,2024,binary_20260719_044949_c6c955a30fc2,binary_20260719_044949_c6c955a30fc2,experiments/binary_results/binary_20260719_044949_c6c955a30fc2/test_predictions.csv,f0578c61cfb8f0bbef7c58d8ab338b9d31850912e618d5abe81846aa15e5c298,Figure 4
Fig5,IH_PR,IH,Updated MLP,precision_recall_curve,0.9959316517493898,0.1456276026174895,,,,2024,binary_20260719_044949_c6c955a30fc2,binary_20260719_044949_c6c955a30fc2,experiments/binary_results/binary_20260719_044949_c6c955a30fc2/test_predictions.csv,f0578c61cfb8f0bbef7c58d8ab338b9d31850912e618d5abe81846aa15e5c298,Figure 4
Fig5,IH_PR,IH,Updated MLP,precision_recall_curve,0.9959316517493898,0.1464991023339318,,,,2024,binary_20260719_044949_c6c955a30fc2,binary_20260719_044949_c6c955a30fc2,experiments/binary_results/binary_20260719_044949_c6c955a30fc2/test_predictions.csv,f0578c61cfb8f0bbef7c58d8ab338b9d31850912e618d5abe81846aa15e5c298,Figure 4
Fig5,IH_PR,IH,Updated MLP,precision_recall_curve,0.9959316517493898,0.1473810957254666,,,,2024,binary_20260719_044949_c6c955a30fc2,binary_20260719_044949_c6c955a30fc2,experiments/binary_results/binary_20260719_044949_c6c955a30fc2/test_predictions.csv,f0578c61cfb8f0bbef7c58d8ab338b9d31850912e618d5abe81846aa15e5c298,Figure 4
Fig5,IH_PR,IH,Updated MLP,precision_recall_curve,0.9956604285326824,0.1482393797447908,,,,2024,binary_20260719_044949_c6c955a30fc2,binary_20260719_044949_c6c955a30fc2,experiments/binary_results/binary_20260719_044949_c6c955a30fc2/test_predictions.csv,f0578c61cfb8f0bbef7c58d8ab338b9d31850912e618d5abe81846aa15e5c298,Figure 4
Fig5,IH_PR,IH,Updated MLP,precision_recall_curve,0.9953892053159751,0.1491021369952059,,,,2024,binary_20260719_044949_c6c955a30fc2,binary_20260719_044949_c6c955a30fc2,experiments/binary_results/binary_20260719_044949_c6c955a30fc2/test_predictions.csv,f0578c61cfb8f0bbef7c58d8ab338b9d31850912e618d5abe81846aa15e5c298,Figure 4
Fig5,IH_PR,IH,Updated MLP,precision_recall_curve,0.9948467588825604,0.1499345977763244,,,,2024,binary_20260719_044949_c6c955a30fc2,binary_20260719_044949_c6c955a30fc2,experiments/binary_results/binary_20260719_044949_c6c955a30fc2/test_predictions.csv,f0578c61cfb8f0bbef7c58d8ab338b9d31850912e618d5abe81846aa15e5c298,Figure 4
Fig5,IH_PR,IH,Updated MLP,precision_recall_curve,0.9948467588825604,0.1508595870691782,,,,2024,binary_20260719_044949_c6c955a30fc2,binary_20260719_044949_c6c955a30fc2,experiments/binary_results/binary_20260719_044949_c6c955a30fc2/test_predictions.csv,f0578c61cfb8f0bbef7c58d8ab338b9d31850912e618d5abe81846aa15e5c298,Figure 4
Fig5,IH_PR,IH,Updated MLP,precision_recall_curve,0.9943043124491456,0.1517258505090638,,,,2024,binary_20260719_044949_c6c955a30fc2,binary_20260719_044949_c6c955a30fc2,experiments/binary_results/binary_20260719_044949_c6c955a30fc2/test_predictions.csv,f0578c61cfb8f0bbef7c58d8ab338b9d31850912e618d5abe81846aa15e5c298,Figure 4
Fig5,IH_PR,IH,Updated MLP,precision_recall_curve,0.9943043124491456,0.1526736631684158,,,,2024,binary_20260719_044949_c6c955a30fc2,binary_20260719_044949_c6c955a30fc2,experiments/binary_results/binary_20260719_044949_c6c955a30fc2/test_predictions.csv,f0578c61cfb8f0bbef7c58d8ab338b9d31850912e618d5abe81846aa15e5c298,Figure 4
Fig5,IH_PR,IH,Updated MLP,precision_recall_curve,0.9937618660157309,0.1535495767328807,,,,2024,binary_20260719_044949_c6c955a30fc2,binary_20260719_044949_c6c955a30fc2,experiments/binary_results/binary_20260719_044949_c6c955a30fc2/test_predictions.csv,f0578c61cfb8f0bbef7c58d8ab338b9d31850912e618d5abe81846aa15e5c298,Figure 4
Fig5,IH_PR,IH,Updated MLP,precision_recall_curve,0.9937618660157309,0.1545209176788124,,,,2024,binary_20260719_044949_c6c955a30fc2,binary_20260719_044949_c6c955a30fc2,experiments/binary_results/binary_20260719_044949_c6c955a30fc2/test_predictions.csv,f0578c61cfb8f0bbef7c58d8ab338b9d31850912e618d5abe81846aa15e5c298,Figure 4
Fig5,IH_PR,IH,Updated MLP,precision_recall_curve,0.9937618660157309,0.1555112261788548,,,,2024,binary_20260719_044949_c6c955a30fc2,binary_20260719_044949_c6c955a30fc2,experiments/binary_results/binary_20260719_044949_c6c955a30fc2/test_predictions.csv,f0578c61cfb8f0bbef7c58d8ab338b9d31850912e618d5abe81846aa15e5c298,Figure 4
Fig5,IH_PR,IH,Updated MLP,precision_recall_curve,0.9934906427990235,0.1564582265504869,,,,2024,binary_20260719_044949_c6c955a30fc2,binary_20260719_044949_c6c955a30fc2,experiments/binary_results/binary_20260719_044949_c6c955a30fc2/test_predictions.csv,f0578c61cfb8f0bbef7c58d8ab338b9d31850912e618d5abe81846aa15e5c298,Figure 4
Fig5,IH_PR,IH,Updated MLP,precision_recall_curve,0.9926769731489016,0.157338148052618,,,,2024,binary_20260719_044949_c6c955a30fc2,binary_20260719_044949_c6c955a30fc2,experiments/binary_results/binary_20260719_044949_c6c955a30fc2/test_predictions.csv,f0578c61cfb8f0bbef7c58d8ab338b9d31850912e618d5abe81846aa15e5c298,Figure 4
Fig5,IH_PR,IH,Updated MLP,precision_recall_curve,0.9915920802820721,0.1581862236067843,,,,2024,binary_20260719_044949_c6c955a30fc2,binary_20260719_044949_c6c955a30fc2,experiments/binary_results/binary_20260719_044949_c6c955a30fc2/test_predictions.csv,f0578c61cfb8f0bbef7c58d8ab338b9d31850912e618d5abe81846aa15e5c298,Figure 4
Fig5,IH_PR,IH,Updated MLP,precision_recall_curve,0.9915920802820721,0.1592195801759428,,,,2024,binary_20260719_044949_c6c955a30fc2,binary_20260719_044949_c6c955a30fc2,experiments/binary_results/binary_20260719_044949_c6c955a30fc2/test_predictions.csv,f0578c61cfb8f0bbef7c58d8ab338b9d31850912e618d5abe81846aa15e5c298,Figure 4
Fig5,IH_PR,IH,Updated MLP,precision_recall_curve,0.9913208570653648,0.1602226898123794,,,,2024,binary_20260719_044949_c6c955a30fc2,binary_20260719_044949_c6c955a30fc2,experiments/binary_results/binary_20260719_044949_c6c955a30fc2/test_predictions.csv,f0578c61cfb8f0bbef7c58d8ab338b9d31850912e618d5abe81846aa15e5c298,Figure 4
Fig5,IH_PR,IH,Updated MLP,precision_recall_curve,0.9913208570653648,0.1612903225806451,,,,2024,binary_20260719_044949_c6c955a30fc2,binary_20260719_044949_c6c955a30fc2,experiments/binary_results/binary_20260719_044949_c6c955a30fc2/test_predictions.csv,f0578c61cfb8f0bbef7c58d8ab338b9d31850912e618d5abe81846aa15e5c298,Figure 4
Fig5,IH_PR,IH,Updated MLP,precision_recall_curve,0.99077841063195,0.1622762205144151,,,,2024,binary_20260719_044949_c6c955a30fc2,binary_20260719_044949_c6c955a30fc2,experiments/binary_results/binary_20260719_044949_c6c955a30fc2/test_predictions.csv,f0578c61cfb8f0bbef7c58d8ab338b9d31850912e618d5abe81846aa15e5c298,Figure 4
Fig5,IH_PR,IH,Updated MLP,precision_recall_curve,0.9905071874152428,0.1633200661866642,,,,2024,binary_20260719_044949_c6c955a30fc2,binary_20260719_044949_c6c955a30fc2,experiments/binary_results/binary_20260719_044949_c6c955a30fc2/test_predictions.csv,f0578c61cfb8f0bbef7c58d8ab338b9d31850912e618d5abe81846aa15e5c298,Figure 4
Fig5,IH_PR,IH,Updated MLP,precision_recall_curve,0.9899647409818281,0.1643403872129671,,,,2024,binary_20260719_044949_c6c955a30fc2,binary_20260719_044949_c6c955a30fc2,experiments/binary_results/binary_20260719_044949_c6c955a30fc2/test_predictions.csv,f0578c61cfb8f0bbef7c58d8ab338b9d31850912e618d5abe81846aa15e5c298,Figure 4
Fig5,IH_PR,IH,Updated MLP,precision_recall_curve,0.9896935177651207,0.1654125113327289,,,,2024,binary_20260719_044949_c6c955a30fc2,binary_20260719_044949_c6c955a30fc2,experiments/binary_results/binary_20260719_044949_c6c955a30fc2/test_predictions.csv,f0578c61cfb8f0bbef7c58d8ab338b9d31850912e618d5abe81846aa15e5c298,Figure 4
Fig5,IH_PR,IH,Updated MLP,precision_recall_curve,0.9888798481149986,0.166408032861707,,,,2024,binary_20260719_044949_c6c955a30fc2,binary_20260719_044949_c6c955a30fc2,experiments/binary_results/binary_20260719_044949_c6c955a30fc2/test_predictions.csv,f0578c61cfb8f0bbef7c58d8ab338b9d31850912e618d5abe81846aa15e5c298,Figure 4
Fig5,IH_PR,IH,Updated MLP,precision_recall_curve,0.9880661784648765,0.1674172794117647,,,,2024,binary_20260719_044949_c6c955a30fc2,binary_20260719_044949_c6c955a30fc2,experiments/binary_results/binary_20260719_044949_c6c955a30fc2/test_predictions.csv,f0578c61cfb8f0bbef7c58d8ab338b9d31850912e618d5abe81846aa15e5c298,Figure 4
Fig5,IH_PR,IH,Updated MLP,precision_recall_curve,0.9872525088147546,0.1684483317136378,,,,2024,binary_20260719_044949_c6c955a30fc2,binary_20260719_044949_c6c955a30fc2,experiments/binary_results/binary_20260719_044949_c6c955a30fc2/test_predictions.csv,f0578c61cfb8f0bbef7c58d8ab338b9d31850912e618d5abe81846aa15e5c298,Figure 4
Fig5,IH_PR,IH,Updated MLP,precision_recall_curve,0.9872525088147546,0.1696257980334591,,,,2024,binary_20260719_044949_c6c955a30fc2,binary_20260719_044949_c6c955a30fc2,experiments/binary_results/binary_20260719_044949_c6c955a30fc2/test_predictions.csv,f0578c61cfb8f0bbef7c58d8ab338b9d31850912e618d5abe81846aa15e5c298,Figure 4
Fig5,IH_PR,IH,Updated MLP,precision_recall_curve,0.9861676159479251,0.1706241201313937,,,,2024,binary_20260719_044949_c6c955a30fc2,binary_20260719_044949_c6c955a30fc2,experiments/binary_results/binary_20260719_044949_c6c955a30fc2/test_predictions.csv,f0578c61cfb8f0bbef7c58d8ab338b9d31850912e618d5abe81846aa15e5c298,Figure 4
Fig5,IH_PR,IH,Updated MLP,precision_recall_curve,0.9848114998643884,0.1716054633961907,,,,2024,binary_20260719_044949_c6c955a30fc2,binary_20260719_044949_c6c955a30fc2,experiments/binary_results/binary_20260719_044949_c6c955a30fc2/test_predictions.csv,f0578c61cfb8f0bbef7c58d8ab338b9d31850912e618d5abe81846aa15e5c298,Figure 4
Fig5,IH_PR,IH,Updated MLP,precision_recall_curve,0.9831841605641443,0.1725450997191679,,,,2024,binary_20260719_044949_c6c955a30fc2,binary_20260719_044949_c6c955a30fc2,experiments/binary_results/binary_20260719_044949_c6c955a30fc2/test_predictions.csv,f0578c61cfb8f0bbef7c58d8ab338b9d31850912e618d5abe81846aa15e5c298,Figure 4
Fig5,IH_PR,IH,Updated MLP,precision_recall_curve,0.9818280444806076,0.1735461910925739,,,,2024,binary_20260719_044949_c6c955a30fc2,binary_20260719_044949_c6c955a30fc2,experiments/binary_results/binary_20260719_044949_c6c955a30fc2/test_predictions.csv,f0578c61cfb8f0bbef7c58d8ab338b9d31850912e618d5abe81846aa15e5c298,Figure 4
Fig5,IH_PR,IH,Updated MLP,precision_recall_curve,0.9815568212639002,0.1747549374668018,,,,2024,binary_20260719_044949_c6c955a30fc2,binary_20260719_044949_c6c955a30fc2,experiments/binary_results/binary_20260719_044949_c6c955a30fc2/test_predictions.csv,f0578c61cfb8f0bbef7c58d8ab338b9d31850912e618d5abe81846aa15e5c298,Figure 4
Fig5,IH_PR,IH,Updated MLP,precision_recall_curve,0.9812855980471928,0.1759813220487378,,,,2024,binary_20260719_044949_c6c955a30fc2,binary_20260719_044949_c6c955a30fc2,experiments/binary_results/binary_20260719_044949_c6c955a30fc2/test_predictions.csv,f0578c61cfb8f0bbef7c58d8ab338b9d31850912e618d5abe81846aa15e5c298,Figure 4
Fig5,IH_PR,IH,Updated MLP,precision_recall_curve,0.9807431516137781,0.177176735753834,,,,2024,binary_20260719_044949_c6c955a30fc2,binary_20260719_044949_c6c955a30fc2,experiments/binary_results/binary_20260719_044949_c6c955a30fc2/test_predictions.csv,f0578c61cfb8f0bbef7c58d8ab338b9d31850912e618d5abe81846aa15e5c298,Figure 4
Fig5,IH_PR,IH,Updated MLP,precision_recall_curve,0.9796582587469488,0.1782823297137216,,,,2024,binary_20260719_044949_c6c955a30fc2,binary_20260719_044949_c6c955a30fc2,experiments/binary_results/binary_20260719_044949_c6c955a30fc2/test_predictions.csv,f0578c61cfb8f0bbef7c58d8ab338b9d31850912e618d5abe81846aa15e5c298,Figure 4
Fig5,IH_PR,IH,Updated MLP,precision_recall_curve,0.9796582587469488,0.1796121332670313,,,,2024,binary_20260719_044949_c6c955a30fc2,binary_20260719_044949_c6c955a30fc2,experiments/binary_results/binary_20260719_044949_c6c955a30fc2/test_predictions.csv,f0578c61cfb8f0bbef7c58d8ab338b9d31850912e618d5abe81846aa15e5c298,Figure 4
Fig5,IH_PR,IH,Updated MLP,precision_recall_curve,0.978302142663412,0.1807114228456914,,,,2024,binary_20260719_044949_c6c955a30fc2,binary_20260719_044949_c6c955a30fc2,experiments/binary_results/binary_20260719_044949_c6c955a30fc2/test_predictions.csv,f0578c61cfb8f0bbef7c58d8ab338b9d31850912e618d5abe81846aa15e5c298,Figure 4
Fig5,IH_PR,IH,Updated MLP,precision_recall_curve,0.9780309194467046,0.1820292781423523,,,,2024,binary_20260719_044949_c6c955a30fc2,binary_20260719_044949_c6c955a30fc2,experiments/binary_results/binary_20260719_044949_c6c955a30fc2/test_predictions.csv,f0578c61cfb8f0bbef7c58d8ab338b9d31850912e618d5abe81846aa15e5c298,Figure 4
Fig5,IH_PR,IH,Updated MLP,precision_recall_curve,0.9772172497965825,0.1832655137334689,,,,2024,binary_20260719_044949_c6c955a30fc2,binary_20260719_044949_c6c955a30fc2,experiments/binary_results/binary_20260719_044949_c6c955a30fc2/test_predictions.csv,f0578c61cfb8f0bbef7c58d8ab338b9d31850912e618d5abe81846aa15e5c298,Figure 4
Fig5,IH_PR,IH,Updated MLP,precision_recall_curve,0.9766748033631679,0.1845720143516145,,,,2024,binary_20260719_044949_c6c955a30fc2,binary_20260719_044949_c6c955a30fc2,experiments/binary_results/binary_20260719_044949_c6c955a30fc2/test_predictions.csv,f0578c61cfb8f0bbef7c58d8ab338b9d31850912e618d5abe81846aa15e5c298,Figure 4
Fig5,IH_PR,IH,Updated MLP,precision_recall_curve,0.9758611337130458,0.1858471074380165,,,,2024,binary_20260719_044949_c6c955a30fc2,binary_20260719_044949_c6c955a30fc2,experiments/binary_results/binary_20260719_044949_c6c955a30fc2/test_predictions.csv,f0578c61cfb8f0bbef7c58d8ab338b9d31850912e618d5abe81846aa15e5c298,Figure 4
Fig5,IH_PR,IH,Updated MLP,precision_recall_curve,0.9745050176295091,0.1870477380394606,,,,2024,binary_20260719_044949_c6c955a30fc2,binary_20260719_044949_c6c955a30fc2,experiments/binary_results/binary_20260719_044949_c6c955a30fc2/test_predictions.csv,f0578c61cfb8f0bbef7c58d8ab338b9d31850912e618d5abe81846aa15e5c298,Figure 4
Fig5,IH_PR,IH,Updated MLP,precision_recall_curve,0.9734201247626797,0.1883001049317943,,,,2024,binary_20260719_044949_c6c955a30fc2,binary_20260719_044949_c6c955a30fc2,experiments/binary_results/binary_20260719_044949_c6c955a30fc2/test_predictions.csv,f0578c61cfb8f0bbef7c58d8ab338b9d31850912e618d5abe81846aa15e5c298,Figure 4
Fig5,IH_PR,IH,Updated MLP,precision_recall_curve,0.9723352318958502,0.1895922576550849,,,,2024,binary_20260719_044949_c6c955a30fc2,binary_20260719_044949_c6c955a30fc2,experiments/binary_results/binary_20260719_044949_c6c955a30fc2/test_predictions.csv,f0578c61cfb8f0bbef7c58d8ab338b9d31850912e618d5abe81846aa15e5c298,Figure 4
Fig5,IH_PR,IH,Updated MLP,precision_recall_curve,0.9723352318958502,0.1911082680313449,,,,2024,binary_20260719_044949_c6c955a30fc2,binary_20260719_044949_c6c955a30fc2,experiments/binary_results/binary_20260719_044949_c6c955a30fc2/test_predictions.csv,f0578c61cfb8f0bbef7c58d8ab338b9d31850912e618d5abe81846aa15e5c298,Figure 4
Fig5,IH_PR,IH,Updated MLP,precision_recall_curve,0.9715215622457283,0.1924875060454619,,,,2024,binary_20260719_044949_c6c955a30fc2,binary_20260719_044949_c6c955a30fc2,experiments/binary_results/binary_20260719_044949_c6c955a30fc2/test_predictions.csv,f0578c61cfb8f0bbef7c58d8ab338b9d31850912e618d5abe81846aa15e5c298,Figure 4
Fig5,IH_PR,IH,Updated MLP,precision_recall_curve,0.9704366693788988,0.1938349856438593,,,,2024,binary_20260719_044949_c6c955a30fc2,binary_20260719_044949_c6c955a30fc2,experiments/binary_results/binary_20260719_044949_c6c955a30fc2/test_predictions.csv,f0578c61cfb8f0bbef7c58d8ab338b9d31850912e618d5abe81846aa15e5c298,Figure 4
Fig5,IH_PR,IH,Updated MLP,precision_recall_curve,0.9698942229454841,0.1953137801081435,,,,2024,binary_20260719_044949_c6c955a30fc2,binary_20260719_044949_c6c955a30fc2,experiments/binary_results/binary_20260719_044949_c6c955a30fc2/test_predictions.csv,f0578c61cfb8f0bbef7c58d8ab338b9d31850912e618d5abe81846aa15e5c298,Figure 4
Fig5,IH_PR,IH,Updated MLP,precision_recall_curve,0.9690805532953621,0.1967619362299686,,,,2024,binary_20260719_044949_c6c955a30fc2,binary_20260719_044949_c6c955a30fc2,experiments/binary_results/binary_20260719_044949_c6c955a30fc2/test_predictions.csv,f0578c61cfb8f0bbef7c58d8ab338b9d31850912e618d5abe81846aa15e5c298,Figure 4
Fig5,IH_PR,IH,Updated MLP,precision_recall_curve,0.96826688364524,0.198223209328151,,,,2024,binary_20260719_044949_c6c955a30fc2,binary_20260719_044949_c6c955a30fc2,experiments/binary_results/binary_20260719_044949_c6c955a30fc2/test_predictions.csv,f0578c61cfb8f0bbef7c58d8ab338b9d31850912e618d5abe81846aa15e5c298,Figure 4
Fig5,IH_PR,IH,Updated MLP,precision_recall_curve,0.967453213995118,0.1997312279522929,,,,2024,binary_20260719_044949_c6c955a30fc2,binary_20260719_044949_c6c955a30fc2,experiments/binary_results/binary_20260719_044949_c6c955a30fc2/test_predictions.csv,f0578c61cfb8f0bbef7c58d8ab338b9d31850912e618d5abe81846aa15e5c298,Figure 4
Fig5,IH_PR,IH,Updated MLP,precision_recall_curve,0.9658258746948739,0.2010841944773843,,,,2024,binary_20260719_044949_c6c955a30fc2,binary_20260719_044949_c6c955a30fc2,experiments/binary_results/binary_20260719_044949_c6c955a30fc2/test_predictions.csv,f0578c61cfb8f0bbef7c58d8ab338b9d31850912e618d5abe81846aa15e5c298,Figure 4
Fig5,IH_PR,IH,Updated MLP,precision_recall_curve,0.9641985353946297,0.2024602767811378,,,,2024,binary_20260719_044949_c6c955a30fc2,binary_20260719_044949_c6c955a30fc2,experiments/binary_results/binary_20260719_044949_c6c955a30fc2/test_predictions.csv,f0578c61cfb8f0bbef7c58d8ab338b9d31850912e618d5abe81846aa15e5c298,Figure 4
Fig5,IH_PR,IH,Updated MLP,precision_recall_curve,0.9617575264442636,0.2036877477166982,,,,2024,binary_20260719_044949_c6c955a30fc2,binary_20260719_044949_c6c955a30fc2,experiments/binary_results/binary_20260719_044949_c6c955a30fc2/test_predictions.csv,f0578c61cfb8f0bbef7c58d8ab338b9d31850912e618d5abe81846aa15e5c298,Figure 4
Fig5,IH_PR,IH,Updated MLP,precision_recall_curve,0.9606726335774343,0.2052262587635436,,,,2024,binary_20260719_044949_c6c955a30fc2,binary_20260719_044949_c6c955a30fc2,experiments/binary_results/binary_20260719_044949_c6c955a30fc2/test_predictions.csv,f0578c61cfb8f0bbef7c58d8ab338b9d31850912e618d5abe81846aa15e5c298,Figure 4
Fig5,IH_PR,IH,Updated MLP,precision_recall_curve,0.9590452942771901,0.2066748494944181,,,,2024,binary_20260719_044949_c6c955a30fc2,binary_20260719_044949_c6c955a30fc2,experiments/binary_results/binary_20260719_044949_c6c955a30fc2/test_predictions.csv,f0578c61cfb8f0bbef7c58d8ab338b9d31850912e618d5abe81846aa15e5c298,Figure 4
Fig5,IH_PR,IH,Updated MLP,precision_recall_curve,0.9587740710604827,0.2084316037735849,,,,2024,binary_20260719_044949_c6c955a30fc2,binary_20260719_044949_c6c955a30fc2,experiments/binary_results/binary_20260719_044949_c6c955a30fc2/test_predictions.csv,f0578c61cfb8f0bbef7c58d8ab338b9d31850912e618d5abe81846aa15e5c298,Figure 4
Fig5,IH_PR,IH,Updated MLP,precision_recall_curve,0.956604285326824,0.2098155859607376,,,,2024,binary_20260719_044949_c6c955a30fc2,binary_20260719_044949_c6c955a30fc2,experiments/binary_results/binary_20260719_044949_c6c955a30fc2/test_predictions.csv,f0578c61cfb8f0bbef7c58d8ab338b9d31850912e618d5abe81846aa15e5c298,Figure 4
Fig5,IH_PR,IH,Updated MLP,precision_recall_curve,0.9547057228098725,0.2112845138055222,,,,2024,binary_20260719_044949_c6c955a30fc2,binary_20260719_044949_c6c955a30fc2,experiments/binary_results/binary_20260719_044949_c6c955a30fc2/test_predictions.csv,f0578c61cfb8f0bbef7c58d8ab338b9d31850912e618d5abe81846aa15e5c298,Figure 4
Fig5,IH_PR,IH,Updated MLP,precision_recall_curve,0.9533496067263357,0.21290127195639,,,,2024,binary_20260719_044949_c6c955a30fc2,binary_20260719_044949_c6c955a30fc2,experiments/binary_results/binary_20260719_044949_c6c955a30fc2/test_predictions.csv,f0578c61cfb8f0bbef7c58d8ab338b9d31850912e618d5abe81846aa15e5c298,Figure 4
Fig5,IH_PR,IH,Updated MLP,precision_recall_curve,0.9506373745592622,0.214242053789731,,,,2024,binary_20260719_044949_c6c955a30fc2,binary_20260719_044949_c6c955a30fc2,experiments/binary_results/binary_20260719_044949_c6c955a30fc2/test_predictions.csv,f0578c61cfb8f0bbef7c58d8ab338b9d31850912e618d5abe81846aa15e5c298,Figure 4
Fig5,IH_PR,IH,Updated MLP,precision_recall_curve,0.9495524816924329,0.2159777914867365,,,,2024,binary_20260719_044949_c6c955a30fc2,binary_20260719_044949_c6c955a30fc2,experiments/binary_results/binary_20260719_044949_c6c955a30fc2/test_predictions.csv,f0578c61cfb8f0bbef7c58d8ab338b9d31850912e618d5abe81846aa15e5c298,Figure 4
Fig5,IH_PR,IH,Updated MLP,precision_recall_curve,0.9471114727420668,0.2174346201743462,,,,2024,binary_20260719_044949_c6c955a30fc2,binary_20260719_044949_c6c955a30fc2,experiments/binary_results/binary_20260719_044949_c6c955a30fc2/test_predictions.csv,f0578c61cfb8f0bbef7c58d8ab338b9d31850912e618d5abe81846aa15e5c298,Figure 4
Fig5,IH_PR,IH,Updated MLP,precision_recall_curve,0.944941687008408,0.2189680095531393,,,,2024,binary_20260719_044949_c6c955a30fc2,binary_20260719_044949_c6c955a30fc2,experiments/binary_results/binary_20260719_044949_c6c955a30fc2/test_predictions.csv,f0578c61cfb8f0bbef7c58d8ab338b9d31850912e618d5abe81846aa15e5c298,Figure 4
Fig5,IH_PR,IH,Updated MLP,precision_recall_curve,0.9430431244914564,0.2206078294524459,,,,2024,binary_20260719_044949_c6c955a30fc2,binary_20260719_044949_c6c955a30fc2,experiments/binary_results/binary_20260719_044949_c6c955a30fc2/test_predictions.csv,f0578c61cfb8f0bbef7c58d8ab338b9d31850912e618d5abe81846aa15e5c298,Figure 4
Fig5,IH_PR,IH,Updated MLP,precision_recall_curve,0.9414157851912124,0.2223432195246941,,,,2024,binary_20260719_044949_c6c955a30fc2,binary_20260719_044949_c6c955a30fc2,experiments/binary_results/binary_20260719_044949_c6c955a30fc2/test_predictions.csv,f0578c61cfb8f0bbef7c58d8ab338b9d31850912e618d5abe81846aa15e5c298,Figure 4
Fig5,IH_PR,IH,Updated MLP,precision_recall_curve,0.9389747762408462,0.2239182459090615,,,,2024,binary_20260719_044949_c6c955a30fc2,binary_20260719_044949_c6c955a30fc2,experiments/binary_results/binary_20260719_044949_c6c955a30fc2/test_predictions.csv,f0578c61cfb8f0bbef7c58d8ab338b9d31850912e618d5abe81846aa15e5c298,Figure 4
Fig5,IH_PR,IH,Updated MLP,precision_recall_curve,0.9362625440737727,0.2254588204558814,,,,2024,binary_20260719_044949_c6c955a30fc2,binary_20260719_044949_c6c955a30fc2,experiments/binary_results/binary_20260719_044949_c6c955a30fc2/test_predictions.csv,f0578c61cfb8f0bbef7c58d8ab338b9d31850912e618d5abe81846aa15e5c298,Figure 4
Fig5,IH_PR,IH,Updated MLP,precision_recall_curve,0.934092758340114,0.2271617967152562,,,,2024,binary_20260719_044949_c6c955a30fc2,binary_20260719_044949_c6c955a30fc2,experiments/binary_results/binary_20260719_044949_c6c955a30fc2/test_predictions.csv,f0578c61cfb8f0bbef7c58d8ab338b9d31850912e618d5abe81846aa15e5c298,Figure 4
Fig5,IH_PR,IH,Updated MLP,precision_recall_curve,0.9313805261730405,0.2287655719139298,,,,2024,binary_20260719_044949_c6c955a30fc2,binary_20260719_044949_c6c955a30fc2,experiments/binary_results/binary_20260719_044949_c6c955a30fc2/test_predictions.csv,f0578c61cfb8f0bbef7c58d8ab338b9d31850912e618d5abe81846aa15e5c298,Figure 4
Fig5,IH_PR,IH,Updated MLP,precision_recall_curve,0.928668294005967,0.2303862198896514,,,,2024,binary_20260719_044949_c6c955a30fc2,binary_20260719_044949_c6c955a30fc2,experiments/binary_results/binary_20260719_044949_c6c955a30fc2/test_predictions.csv,f0578c61cfb8f0bbef7c58d8ab338b9d31850912e618d5abe81846aa15e5c298,Figure 4
Fig5,IH_PR,IH,Updated MLP,precision_recall_curve,0.9254136154054787,0.2319352865202909,,,,2024,binary_20260719_044949_c6c955a30fc2,binary_20260719_044949_c6c955a30fc2,experiments/binary_results/binary_20260719_044949_c6c955a30fc2/test_predictions.csv,f0578c61cfb8f0bbef7c58d8ab338b9d31850912e618d5abe81846aa15e5c298,Figure 4
Fig5,IH_PR,IH,Updated MLP,precision_recall_curve,0.9243287225386493,0.234065934065934,,,,2024,binary_20260719_044949_c6c955a30fc2,binary_20260719_044949_c6c955a30fc2,experiments/binary_results/binary_20260719_044949_c6c955a30fc2/test_predictions.csv,f0578c61cfb8f0bbef7c58d8ab338b9d31850912e618d5abe81846aa15e5c298,Figure 4
Fig5,IH_PR,IH,Updated MLP,precision_recall_curve,0.9224301600216979,0.2360166551006245,,,,2024,binary_20260719_044949_c6c955a30fc2,binary_20260719_044949_c6c955a30fc2,experiments/binary_results/binary_20260719_044949_c6c955a30fc2/test_predictions.csv,f0578c61cfb8f0bbef7c58d8ab338b9d31850912e618d5abe81846aa15e5c298,Figure 4
Fig5,IH_PR,IH,Updated MLP,precision_recall_curve,0.9205315975047464,0.2380084151472651,,,,2024,binary_20260719_044949_c6c955a30fc2,binary_20260719_044949_c6c955a30fc2,experiments/binary_results/binary_20260719_044949_c6c955a30fc2/test_predictions.csv,f0578c61cfb8f0bbef7c58d8ab338b9d31850912e618d5abe81846aa15e5c298,Figure 4
Fig5,IH_PR,IH,Updated MLP,precision_recall_curve,0.9172769189042582,0.2396881644223954,,,,2024,binary_20260719_044949_c6c955a30fc2,binary_20260719_044949_c6c955a30fc2,experiments/binary_results/binary_20260719_044949_c6c955a30fc2/test_predictions.csv,f0578c61cfb8f0bbef7c58d8ab338b9d31850912e618d5abe81846aa15e5c298,Figure 4
Fig5,IH_PR,IH,Updated MLP,precision_recall_curve,0.9142934635204774,0.2414929436206032,,,,2024,binary_20260719_044949_c6c955a30fc2,binary_20260719_044949_c6c955a30fc2,experiments/binary_results/binary_20260719_044949_c6c955a30fc2/test_predictions.csv,f0578c61cfb8f0bbef7c58d8ab338b9d31850912e618d5abe81846aa15e5c298,Figure 4
Fig5,IH_PR,IH,Updated MLP,precision_recall_curve,0.9113100081366965,0.2433019551049964,,,,2024,binary_20260719_044949_c6c955a30fc2,binary_20260719_044949_c6c955a30fc2,experiments/binary_results/binary_20260719_044949_c6c955a30fc2/test_predictions.csv,f0578c61cfb8f0bbef7c58d8ab338b9d31850912e618d5abe81846aa15e5c298,Figure 4
Fig5,IH_PR,IH,Updated MLP,precision_recall_curve,0.9094114456197451,0.2454612005856515,,,,2024,binary_20260719_044949_c6c955a30fc2,binary_20260719_044949_c6c955a30fc2,experiments/binary_results/binary_20260719_044949_c6c955a30fc2/test_predictions.csv,f0578c61cfb8f0bbef7c58d8ab338b9d31850912e618d5abe81846aa15e5c298,Figure 4
Fig5,IH_PR,IH,Updated MLP,precision_recall_curve,0.9069704366693789,0.247520355292376,,,,2024,binary_20260719_044949_c6c955a30fc2,binary_20260719_044949_c6c955a30fc2,experiments/binary_results/binary_20260719_044949_c6c955a30fc2/test_predictions.csv,f0578c61cfb8f0bbef7c58d8ab338b9d31850912e618d5abe81846aa15e5c298,Figure 4
Fig5,IH_PR,IH,Updated MLP,precision_recall_curve,0.9050718741524274,0.2497754491017964,,,,2024,binary_20260719_044949_c6c955a30fc2,binary_20260719_044949_c6c955a30fc2,experiments/binary_results/binary_20260719_044949_c6c955a30fc2/test_predictions.csv,f0578c61cfb8f0bbef7c58d8ab338b9d31850912e618d5abe81846aa15e5c298,Figure 4
Fig5,IH_PR,IH,Updated MLP,precision_recall_curve,0.9029020884187686,0.2520251343780755,,,,2024,binary_20260719_044949_c6c955a30fc2,binary_20260719_044949_c6c955a30fc2,experiments/binary_results/binary_20260719_044949_c6c955a30fc2/test_predictions.csv,f0578c61cfb8f0bbef7c58d8ab338b9d31850912e618d5abe81846aa15e5c298,Figure 4
Fig5,IH_PR,IH,Updated MLP,precision_recall_curve,0.9004610794684025,0.2542307986829006,,,,2024,binary_20260719_044949_c6c955a30fc2,binary_20260719_044949_c6c955a30fc2,experiments/binary_results/binary_20260719_044949_c6c955a30fc2/test_predictions.csv,f0578c61cfb8f0bbef7c58d8ab338b9d31850912e618d5abe81846aa15e5c298,Figure 4
Fig5,IH_PR,IH,Updated MLP,precision_recall_curve,0.897748847301329,0.2564102564102564,,,,2024,binary_20260719_044949_c6c955a30fc2,binary_20260719_044949_c6c955a30fc2,experiments/binary_results/binary_20260719_044949_c6c955a30fc2/test_predictions.csv,f0578c61cfb8f0bbef7c58d8ab338b9d31850912e618d5abe81846aa15e5c298,Figure 4
Fig5,IH_PR,IH,Updated MLP,precision_recall_curve,0.8947653919175481,0.2585423197492163,,,,2024,binary_20260719_044949_c6c955a30fc2,binary_20260719_044949_c6c955a30fc2,experiments/binary_results/binary_20260719_044949_c6c955a30fc2/test_predictions.csv,f0578c61cfb8f0bbef7c58d8ab338b9d31850912e618d5abe81846aa15e5c298,Figure 4
Fig5,IH_PR,IH,Updated MLP,precision_recall_curve,0.8906970436669379,0.2604488857165516,,,,2024,binary_20260719_044949_c6c955a30fc2,binary_20260719_044949_c6c955a30fc2,experiments/binary_results/binary_20260719_044949_c6c955a30fc2/test_predictions.csv,f0578c61cfb8f0bbef7c58d8ab338b9d31850912e618d5abe81846aa15e5c298,Figure 4
Fig5,IH_PR,IH,Updated MLP,precision_recall_curve,0.8882560347165718,0.2628621879765631,,,,2024,binary_20260719_044949_c6c955a30fc2,binary_20260719_044949_c6c955a30fc2,experiments/binary_results/binary_20260719_044949_c6c955a30fc2/test_predictions.csv,f0578c61cfb8f0bbef7c58d8ab338b9d31850912e618d5abe81846aa15e5c298,Figure 4
Fig5,IH_PR,IH,Updated MLP,precision_recall_curve,0.8858150257662056,0.2653343082297505,,,,2024,binary_20260719_044949_c6c955a30fc2,binary_20260719_044949_c6c955a30fc2,experiments/binary_results/binary_20260719_044949_c6c955a30fc2/test_predictions.csv,f0578c61cfb8f0bbef7c58d8ab338b9d31850912e618d5abe81846aa15e5c298,Figure 4
Fig5,IH_PR,IH,Updated MLP,precision_recall_curve,0.88228912394901,0.2675384488855991,,,,2024,binary_20260719_044949_c6c955a30fc2,binary_20260719_044949_c6c955a30fc2,experiments/binary_results/binary_20260719_044949_c6c955a30fc2/test_predictions.csv,f0578c61cfb8f0bbef7c58d8ab338b9d31850912e618d5abe81846aa15e5c298,Figure 4
Fig5,IH_PR,IH,Updated MLP,precision_recall_curve,0.8776783292649851,0.2694870086608927,,,,2024,binary_20260719_044949_c6c955a30fc2,binary_20260719_044949_c6c955a30fc2,experiments/binary_results/binary_20260719_044949_c6c955a30fc2/test_predictions.csv,f0578c61cfb8f0bbef7c58d8ab338b9d31850912e618d5abe81846aa15e5c298,Figure 4
Fig5,IH_PR,IH,Updated MLP,precision_recall_curve,0.876050989964741,0.272389947714623,,,,2024,binary_20260719_044949_c6c955a30fc2,binary_20260719_044949_c6c955a30fc2,experiments/binary_results/binary_20260719_044949_c6c955a30fc2/test_predictions.csv,f0578c61cfb8f0bbef7c58d8ab338b9d31850912e618d5abe81846aa15e5c298,Figure 4
Fig5,IH_PR,IH,Updated MLP,precision_recall_curve,0.8730675345809601,0.274916730719959,,,,2024,binary_20260719_044949_c6c955a30fc2,binary_20260719_044949_c6c955a30fc2,experiments/binary_results/binary_20260719_044949_c6c955a30fc2/test_predictions.csv,f0578c61cfb8f0bbef7c58d8ab338b9d31850912e618d5abe81846aa15e5c298,Figure 4
Fig5,IH_PR,IH,Updated MLP,precision_recall_curve,0.8684567398969352,0.2770135824898347,,,,2024,binary_20260719_044949_c6c955a30fc2,binary_20260719_044949_c6c955a30fc2,experiments/binary_results/binary_20260719_044949_c6c955a30fc2/test_predictions.csv,f0578c61cfb8f0bbef7c58d8ab338b9d31850912e618d5abe81846aa15e5c298,Figure 4
Fig5,IH_PR,IH,Updated MLP,precision_recall_curve,0.8668294005966911,0.2801297221491804,,,,2024,binary_20260719_044949_c6c955a30fc2,binary_20260719_044949_c6c955a30fc2,experiments/binary_results/binary_20260719_044949_c6c955a30fc2/test_predictions.csv,f0578c61cfb8f0bbef7c58d8ab338b9d31850912e618d5abe81846aa15e5c298,Figure 4
Fig5,IH_PR,IH,Updated MLP,precision_recall_curve,0.865202061296447,0.2833288924416022,,,,2024,binary_20260719_044949_c6c955a30fc2,binary_20260719_044949_c6c955a30fc2,experiments/binary_results/binary_20260719_044949_c6c955a30fc2/test_predictions.csv,f0578c61cfb8f0bbef7c58d8ab338b9d31850912e618d5abe81846aa15e5c298,Figure 4
Fig5,IH_PR,IH,Updated MLP,precision_recall_curve,0.8627610523460808,0.2863701836514224,,,,2024,binary_20260719_044949_c6c955a30fc2,binary_20260719_044949_c6c955a30fc2,experiments/binary_results/binary_20260719_044949_c6c955a30fc2/test_predictions.csv,f0578c61cfb8f0bbef7c58d8ab338b9d31850912e618d5abe81846aa15e5c298,Figure 4
Fig5,IH_PR,IH,Updated MLP,precision_recall_curve,0.858963927312178,0.2890125935389669,,,,2024,binary_20260719_044949_c6c955a30fc2,binary_20260719_044949_c6c955a30fc2,experiments/binary_results/binary_20260719_044949_c6c955a30fc2/test_predictions.csv,f0578c61cfb8f0bbef7c58d8ab338b9d31850912e618d5abe81846aa15e5c298,Figure 4
Fig5,IH_PR,IH,Updated MLP,precision_recall_curve,0.8546243558448603,0.2915433012583271,,,,2024,binary_20260719_044949_c6c955a30fc2,binary_20260719_044949_c6c955a30fc2,experiments/binary_results/binary_20260719_044949_c6c955a30fc2/test_predictions.csv,f0578c61cfb8f0bbef7c58d8ab338b9d31850912e618d5abe81846aa15e5c298,Figure 4
Fig5,IH_PR,IH,Updated MLP,precision_recall_curve,0.8505560075942501,0.2942114644901022,,,,2024,binary_20260719_044949_c6c955a30fc2,binary_20260719_044949_c6c955a30fc2,experiments/binary_results/binary_20260719_044949_c6c955a30fc2/test_predictions.csv,f0578c61cfb8f0bbef7c58d8ab338b9d31850912e618d5abe81846aa15e5c298,Figure 4
Fig5,IH_PR,IH,Updated MLP,precision_recall_curve,0.8478437754271766,0.2974593205823579,,,,2024,binary_20260719_044949_c6c955a30fc2,binary_20260719_044949_c6c955a30fc2,experiments/binary_results/binary_20260719_044949_c6c955a30fc2/test_predictions.csv,f0578c61cfb8f0bbef7c58d8ab338b9d31850912e618d5abe81846aa15e5c298,Figure 4
Fig5,IH_PR,IH,Updated MLP,precision_recall_curve,0.8454027664768105,0.3009268198493918,,,,2024,binary_20260719_044949_c6c955a30fc2,binary_20260719_044949_c6c955a30fc2,experiments/binary_results/binary_20260719_044949_c6c955a30fc2/test_predictions.csv,f0578c61cfb8f0bbef7c58d8ab338b9d31850912e618d5abe81846aa15e5c298,Figure 4
Fig5,IH_PR,IH,Updated MLP,precision_recall_curve,0.8410631950094928,0.3037813479623824,,,,2024,binary_20260719_044949_c6c955a30fc2,binary_20260719_044949_c6c955a30fc2,experiments/binary_results/binary_20260719_044949_c6c955a30fc2/test_predictions.csv,f0578c61cfb8f0bbef7c58d8ab338b9d31850912e618d5abe81846aa15e5c298,Figure 4
Fig5,IH_PR,IH,Updated MLP,precision_recall_curve,0.8356387306753458,0.3063233247166435,,,,2024,binary_20260719_044949_c6c955a30fc2,binary_20260719_044949_c6c955a30fc2,experiments/binary_results/binary_20260719_044949_c6c955a30fc2/test_predictions.csv,f0578c61cfb8f0bbef7c58d8ab338b9d31850912e618d5abe81846aa15e5c298,Figure 4
Fig5,IH_PR,IH,Updated MLP,precision_recall_curve,0.8310279359913209,0.309245054501413,,,,2024,binary_20260719_044949_c6c955a30fc2,binary_20260719_044949_c6c955a30fc2,experiments/binary_results/binary_20260719_044949_c6c955a30fc2/test_predictions.csv,f0578c61cfb8f0bbef7c58d8ab338b9d31850912e618d5abe81846aa15e5c298,Figure 4
Fig5,IH_PR,IH,Updated MLP,precision_recall_curve,0.8261459180905886,0.3121541299446608,,,,2024,binary_20260719_044949_c6c955a30fc2,binary_20260719_044949_c6c955a30fc2,experiments/binary_results/binary_20260719_044949_c6c955a30fc2/test_predictions.csv,f0578c61cfb8f0bbef7c58d8ab338b9d31850912e618d5abe81846aa15e5c298,Figure 4
Fig5,IH_PR,IH,Updated MLP,precision_recall_curve,0.8215351234065636,0.3152909336941813,,,,2024,binary_20260719_044949_c6c955a30fc2,binary_20260719_044949_c6c955a30fc2,experiments/binary_results/binary_20260719_044949_c6c955a30fc2/test_predictions.csv,f0578c61cfb8f0bbef7c58d8ab338b9d31850912e618d5abe81846aa15e5c298,Figure 4
Fig5,IH_PR,IH,Updated MLP,precision_recall_curve,0.8174667751559533,0.318672023683654,,,,2024,binary_20260719_044949_c6c955a30fc2,binary_20260719_044949_c6c955a30fc2,experiments/binary_results/binary_20260719_044949_c6c955a30fc2/test_predictions.csv,f0578c61cfb8f0bbef7c58d8ab338b9d31850912e618d5abe81846aa15e5c298,Figure 4
Fig5,IH_PR,IH,Updated MLP,precision_recall_curve,0.8139408733387578,0.3224108293940696,,,,2024,binary_20260719_044949_c6c955a30fc2,binary_20260719_044949_c6c955a30fc2,experiments/binary_results/binary_20260719_044949_c6c955a30fc2/test_predictions.csv,f0578c61cfb8f0bbef7c58d8ab338b9d31850912e618d5abe81846aa15e5c298,Figure 4
Fig5,IH_PR,IH,Updated MLP,precision_recall_curve,0.8090588554380255,0.3257261410788382,,,,2024,binary_20260719_044949_c6c955a30fc2,binary_20260719_044949_c6c955a30fc2,experiments/binary_results/binary_20260719_044949_c6c955a30fc2/test_predictions.csv,f0578c61cfb8f0bbef7c58d8ab338b9d31850912e618d5abe81846aa15e5c298,Figure 4
Fig5,IH_PR,IH,Updated MLP,precision_recall_curve,0.8030919446704637,0.3287078152753108,,,,2024,binary_20260719_044949_c6c955a30fc2,binary_20260719_044949_c6c955a30fc2,experiments/binary_results/binary_20260719_044949_c6c955a30fc2/test_predictions.csv,f0578c61cfb8f0bbef7c58d8ab338b9d31850912e618d5abe81846aa15e5c298,Figure 4
Fig5,IH_PR,IH,Updated MLP,precision_recall_curve,0.7992948196365609,0.3326936102957778,,,,2024,binary_20260719_044949_c6c955a30fc2,binary_20260719_044949_c6c955a30fc2,experiments/binary_results/binary_20260719_044949_c6c955a30fc2/test_predictions.csv,f0578c61cfb8f0bbef7c58d8ab338b9d31850912e618d5abe81846aa15e5c298,Figure 4
Fig5,IH_PR,IH,Updated MLP,precision_recall_curve,0.794684024952536,0.3364722094625632,,,,2024,binary_20260719_044949_c6c955a30fc2,binary_20260719_044949_c6c955a30fc2,experiments/binary_results/binary_20260719_044949_c6c955a30fc2/test_predictions.csv,f0578c61cfb8f0bbef7c58d8ab338b9d31850912e618d5abe81846aa15e5c298,Figure 4
Fig5,IH_PR,IH,Updated MLP,precision_recall_curve,0.7884458909682669,0.3396821687310119,,,,2024,binary_20260719_044949_c6c955a30fc2,binary_20260719_044949_c6c955a30fc2,experiments/binary_results/binary_20260719_044949_c6c955a30fc2/test_predictions.csv,f0578c61cfb8f0bbef7c58d8ab338b9d31850912e618d5abe81846aa15e5c298,Figure 4
Fig5,IH_PR,IH,Updated MLP,precision_recall_curve,0.7824789802007052,0.343084790105839,,,,2024,binary_20260719_044949_c6c955a30fc2,binary_20260719_044949_c6c955a30fc2,experiments/binary_results/binary_20260719_044949_c6c955a30fc2/test_predictions.csv,f0578c61cfb8f0bbef7c58d8ab338b9d31850912e618d5abe81846aa15e5c298,Figure 4
Fig5,IH_PR,IH,Updated MLP,precision_recall_curve,0.7759696229997288,0.3464519254056672,,,,2024,binary_20260719_044949_c6c955a30fc2,binary_20260719_044949_c6c955a30fc2,experiments/binary_results/binary_20260719_044949_c6c955a30fc2/test_predictions.csv,f0578c61cfb8f0bbef7c58d8ab338b9d31850912e618d5abe81846aa15e5c298,Figure 4
Fig5,IH_PR,IH,Updated MLP,precision_recall_curve,0.7694602657987524,0.349987663459166,,,,2024,binary_20260719_044949_c6c955a30fc2,binary_20260719_044949_c6c955a30fc2,experiments/binary_results/binary_20260719_044949_c6c955a30fc2/test_predictions.csv,f0578c61cfb8f0bbef7c58d8ab338b9d31850912e618d5abe81846aa15e5c298,Figure 4
Fig5,IH_PR,IH,Updated MLP,precision_recall_curve,0.7651206943314348,0.3545751633986928,,,,2024,binary_20260719_044949_c6c955a30fc2,binary_20260719_044949_c6c955a30fc2,experiments/binary_results/binary_20260719_044949_c6c955a30fc2/test_predictions.csv,f0578c61cfb8f0bbef7c58d8ab338b9d31850912e618d5abe81846aa15e5c298,Figure 4
Fig5,IH_PR,IH,Updated MLP,precision_recall_curve,0.7577976674803363,0.3579297975915962,,,,2024,binary_20260719_044949_c6c955a30fc2,binary_20260719_044949_c6c955a30fc2,experiments/binary_results/binary_20260719_044949_c6c955a30fc2/test_predictions.csv,f0578c61cfb8f0bbef7c58d8ab338b9d31850912e618d5abe81846aa15e5c298,Figure 4
Fig5,IH_PR,IH,Updated MLP,precision_recall_curve,0.7515595334960673,0.3619383490073145,,,,2024,binary_20260719_044949_c6c955a30fc2,binary_20260719_044949_c6c955a30fc2,experiments/binary_results/binary_20260719_044949_c6c955a30fc2/test_predictions.csv,f0578c61cfb8f0bbef7c58d8ab338b9d31850912e618d5abe81846aa15e5c298,Figure 4
Fig5,IH_PR,IH,Updated MLP,precision_recall_curve,0.7453213995117982,0.3661071143085531,,,,2024,binary_20260719_044949_c6c955a30fc2,binary_20260719_044949_c6c955a30fc2,experiments/binary_results/binary_20260719_044949_c6c955a30fc2/test_predictions.csv,f0578c61cfb8f0bbef7c58d8ab338b9d31850912e618d5abe81846aa15e5c298,Figure 4
Fig5,IH_PR,IH,Updated MLP,precision_recall_curve,0.7401681583943586,0.370989668297988,,,,2024,binary_20260719_044949_c6c955a30fc2,binary_20260719_044949_c6c955a30fc2,experiments/binary_results/binary_20260719_044949_c6c955a30fc2/test_predictions.csv,f0578c61cfb8f0bbef7c58d8ab338b9d31850912e618d5abe81846aa15e5c298,Figure 4
Fig5,IH_PR,IH,Updated MLP,precision_recall_curve,0.7333875779766748,0.3752428531779073,,,,2024,binary_20260719_044949_c6c955a30fc2,binary_20260719_044949_c6c955a30fc2,experiments/binary_results/binary_20260719_044949_c6c955a30fc2/test_predictions.csv,f0578c61cfb8f0bbef7c58d8ab338b9d31850912e618d5abe81846aa15e5c298,Figure 4
Fig5,IH_PR,IH,Updated MLP,precision_recall_curve,0.726606997558991,0.3796768707482993,,,,2024,binary_20260719_044949_c6c955a30fc2,binary_20260719_044949_c6c955a30fc2,experiments/binary_results/binary_20260719_044949_c6c955a30fc2/test_predictions.csv,f0578c61cfb8f0bbef7c58d8ab338b9d31850912e618d5abe81846aa15e5c298,Figure 4
Fig5,IH_PR,IH,Updated MLP,precision_recall_curve,0.7187415242744779,0.3837798696596669,,,,2024,binary_20260719_044949_c6c955a30fc2,binary_20260719_044949_c6c955a30fc2,experiments/binary_results/binary_20260719_044949_c6c955a30fc2/test_predictions.csv,f0578c61cfb8f0bbef7c58d8ab338b9d31850912e618d5abe81846aa15e5c298,Figure 4
Fig5,IH_PR,IH,Updated MLP,precision_recall_curve,0.7114184974233795,0.3883049592894153,,,,2024,binary_20260719_044949_c6c955a30fc2,binary_20260719_044949_c6c955a30fc2,experiments/binary_results/binary_20260719_044949_c6c955a30fc2/test_predictions.csv,f0578c61cfb8f0bbef7c58d8ab338b9d31850912e618d5abe81846aa15e5c298,Figure 4
Fig5,IH_PR,IH,Updated MLP,precision_recall_curve,0.7021969080553295,0.3919757759273278,,,,2024,binary_20260719_044949_c6c955a30fc2,binary_20260719_044949_c6c955a30fc2,experiments/binary_results/binary_20260719_044949_c6c955a30fc2/test_predictions.csv,f0578c61cfb8f0bbef7c58d8ab338b9d31850912e618d5abe81846aa15e5c298,Figure 4
Fig5,IH_PR,IH,Updated MLP,precision_recall_curve,0.6959587740710604,0.3975213013168087,,,,2024,binary_20260719_044949_c6c955a30fc2,binary_20260719_044949_c6c955a30fc2,experiments/binary_results/binary_20260719_044949_c6c955a30fc2/test_predictions.csv,f0578c61cfb8f0bbef7c58d8ab338b9d31850912e618d5abe81846aa15e5c298,Figure 4
Fig5,IH_PR,IH,Updated MLP,precision_recall_curve,0.6889069704366694,0.4028548770816812,,,,2024,binary_20260719_044949_c6c955a30fc2,binary_20260719_044949_c6c955a30fc2,experiments/binary_results/binary_20260719_044949_c6c955a30fc2/test_predictions.csv,f0578c61cfb8f0bbef7c58d8ab338b9d31850912e618d5abe81846aa15e5c298,Figure 4
Fig5,IH_PR,IH,Updated MLP,precision_recall_curve,0.6804990507187415,0.4076360682372055,,,,2024,binary_20260719_044949_c6c955a30fc2,binary_20260719_044949_c6c955a30fc2,experiments/binary_results/binary_20260719_044949_c6c955a30fc2/test_predictions.csv,f0578c61cfb8f0bbef7c58d8ab338b9d31850912e618d5abe81846aa15e5c298,Figure 4
Fig5,IH_PR,IH,Updated MLP,precision_recall_curve,0.672362354217521,0.4128226477935054,,,,2024,binary_20260719_044949_c6c955a30fc2,binary_20260719_044949_c6c955a30fc2,experiments/binary_results/binary_20260719_044949_c6c955a30fc2/test_predictions.csv,f0578c61cfb8f0bbef7c58d8ab338b9d31850912e618d5abe81846aa15e5c298,Figure 4
Fig5,IH_PR,IH,Updated MLP,precision_recall_curve,0.6642256577163005,0.4182749786507259,,,,2024,binary_20260719_044949_c6c955a30fc2,binary_20260719_044949_c6c955a30fc2,experiments/binary_results/binary_20260719_044949_c6c955a30fc2/test_predictions.csv,f0578c61cfb8f0bbef7c58d8ab338b9d31850912e618d5abe81846aa15e5c298,Figure 4
Fig5,IH_PR,IH,Updated MLP,precision_recall_curve,0.6558177379983726,0.4239130434782608,,,,2024,binary_20260719_044949_c6c955a30fc2,binary_20260719_044949_c6c955a30fc2,experiments/binary_results/binary_20260719_044949_c6c955a30fc2/test_predictions.csv,f0578c61cfb8f0bbef7c58d8ab338b9d31850912e618d5abe81846aa15e5c298,Figure 4
Fig5,IH_PR,IH,Updated MLP,precision_recall_curve,0.6449688093300786,0.428159884767735,,,,2024,binary_20260719_044949_c6c955a30fc2,binary_20260719_044949_c6c955a30fc2,experiments/binary_results/binary_20260719_044949_c6c955a30fc2/test_predictions.csv,f0578c61cfb8f0bbef7c58d8ab338b9d31850912e618d5abe81846aa15e5c298,Figure 4
Fig5,IH_PR,IH,Updated MLP,precision_recall_curve,0.6346623270951993,0.4330125832716506,,,,2024,binary_20260719_044949_c6c955a30fc2,binary_20260719_044949_c6c955a30fc2,experiments/binary_results/binary_20260719_044949_c6c955a30fc2/test_predictions.csv,f0578c61cfb8f0bbef7c58d8ab338b9d31850912e618d5abe81846aa15e5c298,Figure 4
Fig5,IH_PR,IH,Updated MLP,precision_recall_curve,0.6265256305939788,0.439581351094196,,,,2024,binary_20260719_044949_c6c955a30fc2,binary_20260719_044949_c6c955a30fc2,experiments/binary_results/binary_20260719_044949_c6c955a30fc2/test_predictions.csv,f0578c61cfb8f0bbef7c58d8ab338b9d31850912e618d5abe81846aa15e5c298,Figure 4
Fig5,IH_PR,IH,Updated MLP,precision_recall_curve,0.6162191483590995,0.4450538687561214,,,,2024,binary_20260719_044949_c6c955a30fc2,binary_20260719_044949_c6c955a30fc2,experiments/binary_results/binary_20260719_044949_c6c955a30fc2/test_predictions.csv,f0578c61cfb8f0bbef7c58d8ab338b9d31850912e618d5abe81846aa15e5c298,Figure 4
Fig5,IH_PR,IH,Updated MLP,precision_recall_curve,0.6048277732573908,0.450050454086781,,,,2024,binary_20260719_044949_c6c955a30fc2,binary_20260719_044949_c6c955a30fc2,experiments/binary_results/binary_20260719_044949_c6c955a30fc2/test_predictions.csv,f0578c61cfb8f0bbef7c58d8ab338b9d31850912e618d5abe81846aa15e5c298,Figure 4
Fig5,IH_PR,IH,Updated MLP,precision_recall_curve,0.5926227285055601,0.4548293089092423,,,,2024,binary_20260719_044949_c6c955a30fc2,binary_20260719_044949_c6c955a30fc2,experiments/binary_results/binary_20260719_044949_c6c955a30fc2/test_predictions.csv,f0578c61cfb8f0bbef7c58d8ab338b9d31850912e618d5abe81846aa15e5c298,Figure 4
Fig5,IH_PR,IH,Updated MLP,precision_recall_curve,0.5828586927040955,0.4617533304684142,,,,2024,binary_20260719_044949_c6c955a30fc2,binary_20260719_044949_c6c955a30fc2,experiments/binary_results/binary_20260719_044949_c6c955a30fc2/test_predictions.csv,f0578c61cfb8f0bbef7c58d8ab338b9d31850912e618d5abe81846aa15e5c298,Figure 4
Fig5,IH_PR,IH,Updated MLP,precision_recall_curve,0.5728234336859235,0.4689165186500888,,,,2024,binary_20260719_044949_c6c955a30fc2,binary_20260719_044949_c6c955a30fc2,experiments/binary_results/binary_20260719_044949_c6c955a30fc2/test_predictions.csv,f0578c61cfb8f0bbef7c58d8ab338b9d31850912e618d5abe81846aa15e5c298,Figure 4
Fig5,IH_PR,IH,Updated MLP,precision_recall_curve,0.5636018443178736,0.4772622875516766,,,,2024,binary_20260719_044949_c6c955a30fc2,binary_20260719_044949_c6c955a30fc2,experiments/binary_results/binary_20260719_044949_c6c955a30fc2/test_predictions.csv,f0578c61cfb8f0bbef7c58d8ab338b9d31850912e618d5abe81846aa15e5c298,Figure 4
Fig5,IH_PR,IH,Updated MLP,precision_recall_curve,0.5527529156495796,0.4846611177170035,,,,2024,binary_20260719_044949_c6c955a30fc2,binary_20260719_044949_c6c955a30fc2,experiments/binary_results/binary_20260719_044949_c6c955a30fc2/test_predictions.csv,f0578c61cfb8f0bbef7c58d8ab338b9d31850912e618d5abe81846aa15e5c298,Figure 4
Fig5,IH_PR,IH,Updated MLP,precision_recall_curve,0.5419039869812856,0.4928465712876171,,,,2024,binary_20260719_044949_c6c955a30fc2,binary_20260719_044949_c6c955a30fc2,experiments/binary_results/binary_20260719_044949_c6c955a30fc2/test_predictions.csv,f0578c61cfb8f0bbef7c58d8ab338b9d31850912e618d5abe81846aa15e5c298,Figure 4
Fig5,IH_PR,IH,Updated MLP,precision_recall_curve,0.5294277190127475,0.5,,,,2024,binary_20260719_044949_c6c955a30fc2,binary_20260719_044949_c6c955a30fc2,experiments/binary_results/binary_20260719_044949_c6c955a30fc2/test_predictions.csv,f0578c61cfb8f0bbef7c58d8ab338b9d31850912e618d5abe81846aa15e5c298,Figure 4
Fig5,IH_PR,IH,Updated MLP,precision_recall_curve,0.5193924599945755,0.5101225359616409,,,,2024,binary_20260719_044949_c6c955a30fc2,binary_20260719_044949_c6c955a30fc2,experiments/binary_results/binary_20260719_044949_c6c955a30fc2/test_predictions.csv,f0578c61cfb8f0bbef7c58d8ab338b9d31850912e618d5abe81846aa15e5c298,Figure 4
Fig5,IH_PR,IH,Updated MLP,precision_recall_curve,0.5028478437754271,0.5144284128745837,,,,2024,binary_20260719_044949_c6c955a30fc2,binary_20260719_044949_c6c955a30fc2,experiments/binary_results/binary_20260719_044949_c6c955a30fc2/test_predictions.csv,f0578c61cfb8f0bbef7c58d8ab338b9d31850912e618d5abe81846aa15e5c298,Figure 4
Fig5,IH_PR,IH,Updated MLP,precision_recall_curve,0.4871168972064009,0.519976838448176,,,,2024,binary_20260719_044949_c6c955a30fc2,binary_20260719_044949_c6c955a30fc2,experiments/binary_results/binary_20260719_044949_c6c955a30fc2/test_predictions.csv,f0578c61cfb8f0bbef7c58d8ab338b9d31850912e618d5abe81846aa15e5c298,Figure 4
Fig5,IH_PR,IH,Updated MLP,precision_recall_curve,0.4743694060211554,0.5295186194368756,,,,2024,binary_20260719_044949_c6c955a30fc2,binary_20260719_044949_c6c955a30fc2,experiments/binary_results/binary_20260719_044949_c6c955a30fc2/test_predictions.csv,f0578c61cfb8f0bbef7c58d8ab338b9d31850912e618d5abe81846aa15e5c298,Figure 4
Fig5,IH_PR,IH,Updated MLP,precision_recall_curve,0.45999457553566586,0.5379004123057406,,,,2024,binary_20260719_044949_c6c955a30fc2,binary_20260719_044949_c6c955a30fc2,experiments/binary_results/binary_20260719_044949_c6c955a30fc2/test_predictions.csv,f0578c61cfb8f0bbef7c58d8ab338b9d31850912e618d5abe81846aa15e5c298,Figure 4
Fig5,IH_PR,IH,Updated MLP,precision_recall_curve,0.4467046379170057,0.5484515484515484,,,,2024,binary_20260719_044949_c6c955a30fc2,binary_20260719_044949_c6c955a30fc2,experiments/binary_results/binary_20260719_044949_c6c955a30fc2/test_predictions.csv,f0578c61cfb8f0bbef7c58d8ab338b9d31850912e618d5abe81846aa15e5c298,Figure 4
Fig5,IH_PR,IH,Updated MLP,precision_recall_curve,0.43097369134797936,0.5569575885033299,,,,2024,binary_20260719_044949_c6c955a30fc2,binary_20260719_044949_c6c955a30fc2,experiments/binary_results/binary_20260719_044949_c6c955a30fc2/test_predictions.csv,f0578c61cfb8f0bbef7c58d8ab338b9d31850912e618d5abe81846aa15e5c298,Figure 4
Fig5,IH_PR,IH,Updated MLP,precision_recall_curve,0.41442907512883104,0.5655070318282753,,,,2024,binary_20260719_044949_c6c955a30fc2,binary_20260719_044949_c6c955a30fc2,experiments/binary_results/binary_20260719_044949_c6c955a30fc2/test_predictions.csv,f0578c61cfb8f0bbef7c58d8ab338b9d31850912e618d5abe81846aa15e5c298,Figure 4
Fig5,IH_PR,IH,Updated MLP,precision_recall_curve,0.3984269053430974,0.575626959247649,,,,2024,binary_20260719_044949_c6c955a30fc2,binary_20260719_044949_c6c955a30fc2,experiments/binary_results/binary_20260719_044949_c6c955a30fc2/test_predictions.csv,f0578c61cfb8f0bbef7c58d8ab338b9d31850912e618d5abe81846aa15e5c298,Figure 4
Fig5,IH_PR,IH,Updated MLP,precision_recall_curve,0.3835096284241931,0.5889212827988338,,,,2024,binary_20260719_044949_c6c955a30fc2,binary_20260719_044949_c6c955a30fc2,experiments/binary_results/binary_20260719_044949_c6c955a30fc2/test_predictions.csv,f0578c61cfb8f0bbef7c58d8ab338b9d31850912e618d5abe81846aa15e5c298,Figure 4
Fig5,IH_PR,IH,Updated MLP,precision_recall_curve,0.37076213723894763,0.6075555555555555,,,,2024,binary_20260719_044949_c6c955a30fc2,binary_20260719_044949_c6c955a30fc2,experiments/binary_results/binary_20260719_044949_c6c955a30fc2/test_predictions.csv,f0578c61cfb8f0bbef7c58d8ab338b9d31850912e618d5abe81846aa15e5c298,Figure 4
Fig5,IH_PR,IH,Updated MLP,precision_recall_curve,0.3509628424193111,0.6158971918134222,,,,2024,binary_20260719_044949_c6c955a30fc2,binary_20260719_044949_c6c955a30fc2,experiments/binary_results/binary_20260719_044949_c6c955a30fc2/test_predictions.csv,f0578c61cfb8f0bbef7c58d8ab338b9d31850912e618d5abe81846aa15e5c298,Figure 4
Fig5,IH_PR,IH,Updated MLP,precision_recall_curve,0.3336045565500407,0.6307692307692307,,,,2024,binary_20260719_044949_c6c955a30fc2,binary_20260719_044949_c6c955a30fc2,experiments/binary_results/binary_20260719_044949_c6c955a30fc2/test_predictions.csv,f0578c61cfb8f0bbef7c58d8ab338b9d31850912e618d5abe81846aa15e5c298,Figure 4
Fig5,IH_PR,IH,Updated MLP,precision_recall_curve,0.31353403851369677,0.6422222222222222,,,,2024,binary_20260719_044949_c6c955a30fc2,binary_20260719_044949_c6c955a30fc2,experiments/binary_results/binary_20260719_044949_c6c955a30fc2/test_predictions.csv,f0578c61cfb8f0bbef7c58d8ab338b9d31850912e618d5abe81846aa15e5c298,Figure 4
Fig5,IH_PR,IH,Updated MLP,precision_recall_curve,0.2912937347436941,0.6509090909090909,,,,2024,binary_20260719_044949_c6c955a30fc2,binary_20260719_044949_c6c955a30fc2,experiments/binary_results/binary_20260719_044949_c6c955a30fc2/test_predictions.csv,f0578c61cfb8f0bbef7c58d8ab338b9d31850912e618d5abe81846aa15e5c298,Figure 4
Fig5,IH_PR,IH,Updated MLP,precision_recall_curve,0.27447789530783834,0.6746666666666666,,,,2024,binary_20260719_044949_c6c955a30fc2,binary_20260719_044949_c6c955a30fc2,experiments/binary_results/binary_20260719_044949_c6c955a30fc2/test_predictions.csv,f0578c61cfb8f0bbef7c58d8ab338b9d31850912e618d5abe81846aa15e5c298,Figure 4
Fig5,IH_PR,IH,Updated MLP,precision_recall_curve,0.2554922701383238,0.6977777777777778,,,,2024,binary_20260719_044949_c6c955a30fc2,binary_20260719_044949_c6c955a30fc2,experiments/binary_results/binary_20260719_044949_c6c955a30fc2/test_predictions.csv,f0578c61cfb8f0bbef7c58d8ab338b9d31850912e618d5abe81846aa15e5c298,Figure 4
Fig5,IH_PR,IH,Updated MLP,precision_recall_curve,0.22972606455112557,0.7058333333333333,,,,2024,binary_20260719_044949_c6c955a30fc2,binary_20260719_044949_c6c955a30fc2,experiments/binary_results/binary_20260719_044949_c6c955a30fc2/test_predictions.csv,f0578c61cfb8f0bbef7c58d8ab338b9d31850912e618d5abe81846aa15e5c298,Figure 4
Fig5,IH_PR,IH,Updated MLP,precision_recall_curve,0.20667209113100082,0.725023786869648,,,,2024,binary_20260719_044949_c6c955a30fc2,binary_20260719_044949_c6c955a30fc2,experiments/binary_results/binary_20260719_044949_c6c955a30fc2/test_predictions.csv,f0578c61cfb8f0bbef7c58d8ab338b9d31850912e618d5abe81846aa15e5c298,Figure 4
Fig5,IH_PR,IH,Updated MLP,precision_recall_curve,0.1795497694602658,0.7355555555555555,,,,2024,binary_20260719_044949_c6c955a30fc2,binary_20260719_044949_c6c955a30fc2,experiments/binary_results/binary_20260719_044949_c6c955a30fc2/test_predictions.csv,f0578c61cfb8f0bbef7c58d8ab338b9d31850912e618d5abe81846aa15e5c298,Figure 4
Fig5,IH_PR,IH,Updated MLP,precision_recall_curve,0.15378356387306755,0.756,,,,2024,binary_20260719_044949_c6c955a30fc2,binary_20260719_044949_c6c955a30fc2,experiments/binary_results/binary_20260719_044949_c6c955a30fc2/test_predictions.csv,f0578c61cfb8f0bbef7c58d8ab338b9d31850912e618d5abe81846aa15e5c298,Figure 4
Fig5,IH_PR,IH,Updated MLP,precision_recall_curve,0.12611879576891782,0.775,,,,2024,binary_20260719_044949_c6c955a30fc2,binary_20260719_044949_c6c955a30fc2,experiments/binary_results/binary_20260719_044949_c6c955a30fc2/test_predictions.csv,f0578c61cfb8f0bbef7c58d8ab338b9d31850912e618d5abe81846aa15e5c298,Figure 4
Fig5,IH_PR,IH,Updated MLP,precision_recall_curve,0.09655546514781665,0.7911111111111111,,,,2024,binary_20260719_044949_c6c955a30fc2,binary_20260719_044949_c6c955a30fc2,experiments/binary_results/binary_20260719_044949_c6c955a30fc2/test_predictions.csv,f0578c61cfb8f0bbef7c58d8ab338b9d31850912e618d5abe81846aa15e5c298,Figure 4
Fig5,IH_PR,IH,Updated MLP,precision_recall_curve,0.06753458096013018,0.83,,,,2024,binary_20260719_044949_c6c955a30fc2,binary_20260719_044949_c6c955a30fc2,experiments/binary_results/binary_20260719_044949_c6c955a30fc2/test_predictions.csv,f0578c61cfb8f0bbef7c58d8ab338b9d31850912e618d5abe81846aa15e5c298,Figure 4
Fig5,IH_PR,IH,Updated MLP,precision_recall_curve,0.03471657173854082,0.8533333333333334,,,,2024,binary_20260719_044949_c6c955a30fc2,binary_20260719_044949_c6c955a30fc2,experiments/binary_results/binary_20260719_044949_c6c955a30fc2/test_predictions.csv,f0578c61cfb8f0bbef7c58d8ab338b9d31850912e618d5abe81846aa15e5c298,Figure 4
Fig5,IH_PR,IH,Updated MLP,precision_recall_curve,0.0,1.0,,,,2024,binary_20260719_044949_c6c955a30fc2,binary_20260719_044949_c6c955a30fc2,experiments/binary_results/binary_20260719_044949_c6c955a30fc2/test_predictions.csv,f0578c61cfb8f0bbef7c58d8ab338b9d31850912e618d5abe81846aa15e5c298,Figure 4
Fig5,IH_calibration,IH,Updated MLP,observed_rate,0.001998827006804061,0.0026782725142283,,,2987,2024,binary_20260719_044949_c6c955a30fc2,binary_20260719_044949_c6c955a30fc2,experiments/binary_results/binary_20260719_044949_c6c955a30fc2/test_predictions.csv,f0578c61cfb8f0bbef7c58d8ab338b9d31850912e618d5abe81846aa15e5c298,Figure 4
Fig5,IH_calibration,IH,Updated MLP,observed_rate,0.004691448827294941,0.0050217609641781,,,2987,2024,binary_20260719_044949_c6c955a30fc2,binary_20260719_044949_c6c955a30fc2,experiments/binary_results/binary_20260719_044949_c6c955a30fc2/test_predictions.csv,f0578c61cfb8f0bbef7c58d8ab338b9d31850912e618d5abe81846aa15e5c298,Figure 4
Fig5,IH_calibration,IH,Updated MLP,observed_rate,0.008947274026090602,0.014735432016075,,,2986,2024,binary_20260719_044949_c6c955a30fc2,binary_20260719_044949_c6c955a30fc2,experiments/binary_results/binary_20260719_044949_c6c955a30fc2/test_predictions.csv,f0578c61cfb8f0bbef7c58d8ab338b9d31850912e618d5abe81846aa15e5c298,Figure 4
Fig5,IH_calibration,IH,Updated MLP,observed_rate,0.016483005656262265,0.017408771342484,,,2987,2024,binary_20260719_044949_c6c955a30fc2,binary_20260719_044949_c6c955a30fc2,experiments/binary_results/binary_20260719_044949_c6c955a30fc2/test_predictions.csv,f0578c61cfb8f0bbef7c58d8ab338b9d31850912e618d5abe81846aa15e5c298,Figure 4
Fig5,IH_calibration,IH,Updated MLP,observed_rate,0.029843858344361384,0.0458807769591426,,,2986,2024,binary_20260719_044949_c6c955a30fc2,binary_20260719_044949_c6c955a30fc2,experiments/binary_results/binary_20260719_044949_c6c955a30fc2/test_predictions.csv,f0578c61cfb8f0bbef7c58d8ab338b9d31850912e618d5abe81846aa15e5c298,Figure 4
Fig5,IH_calibration,IH,Updated MLP,observed_rate,0.053174107117037066,0.0659524606628724,,,2987,2024,binary_20260719_044949_c6c955a30fc2,binary_20260719_044949_c6c955a30fc2,experiments/binary_results/binary_20260719_044949_c6c955a30fc2/test_predictions.csv,f0578c61cfb8f0bbef7c58d8ab338b9d31850912e618d5abe81846aa15e5c298,Figure 4
Fig5,IH_calibration,IH,Updated MLP,observed_rate,0.09155173975233459,0.0931011386470194,,,2986,2024,binary_20260719_044949_c6c955a30fc2,binary_20260719_044949_c6c955a30fc2,experiments/binary_results/binary_20260719_044949_c6c955a30fc2/test_predictions.csv,f0578c61cfb8f0bbef7c58d8ab338b9d31850912e618d5abe81846aa15e5c298,Figure 4
Fig5,IH_calibration,IH,Updated MLP,observed_rate,0.15483023435336069,0.162370271175092,,,2987,2024,binary_20260719_044949_c6c955a30fc2,binary_20260719_044949_c6c955a30fc2,experiments/binary_results/binary_20260719_044949_c6c955a30fc2/test_predictions.csv,f0578c61cfb8f0bbef7c58d8ab338b9d31850912e618d5abe81846aa15e5c298,Figure 4
Fig5,IH_calibration,IH,Updated MLP,observed_rate,0.27269000370461005,0.2782987273945077,,,2986,2024,binary_20260719_044949_c6c955a30fc2,binary_20260719_044949_c6c955a30fc2,experiments/binary_results/binary_20260719_044949_c6c955a30fc2/test_predictions.csv,f0578c61cfb8f0bbef7c58d8ab338b9d31850912e618d5abe81846aa15e5c298,Figure 4
Fig5,IH_calibration,IH,Updated MLP,observed_rate,0.5287190409751983,0.5490458654168061,,,2987,2024,binary_20260719_044949_c6c955a30fc2,binary_20260719_044949_c6c955a30fc2,experiments/binary_results/binary_20260719_044949_c6c955a30fc2/test_predictions.csv,f0578c61cfb8f0bbef7c58d8ab338b9d31850912e618d5abe81846aa15e5c298,Figure 4
Fig5,IH_ROC,IH,Target-local logistic,roc_curve,0.0,0.0,,,,2024,binary_20260719_044949_c6c955a30fc2,binary_20260719_044949_c6c955a30fc2,experiments/binary_results/binary_20260719_044949_c6c955a30fc2/test_predictions.csv,f0578c61cfb8f0bbef7c58d8ab338b9d31850912e618d5abe81846aa15e5c298,Figure 4
Fig5,IH_ROC,IH,Target-local logistic,roc_curve,0.0005347797853241147,0.0208841876864659,,,,2024,binary_20260719_044949_c6c955a30fc2,binary_20260719_044949_c6c955a30fc2,experiments/binary_results/binary_20260719_044949_c6c955a30fc2/test_predictions.csv,f0578c61cfb8f0bbef7c58d8ab338b9d31850912e618d5abe81846aa15e5c298,Figure 4
Fig5,IH_ROC,IH,Target-local logistic,roc_curve,0.0010695595706482295,0.0358014646053702,,,,2024,binary_20260719_044949_c6c955a30fc2,binary_20260719_044949_c6c955a30fc2,experiments/binary_results/binary_20260719_044949_c6c955a30fc2/test_predictions.csv,f0578c61cfb8f0bbef7c58d8ab338b9d31850912e618d5abe81846aa15e5c298,Figure 4
Fig5,IH_ROC,IH,Target-local logistic,roc_curve,0.0015661407998777647,0.0471928397070789,,,,2024,binary_20260719_044949_c6c955a30fc2,binary_20260719_044949_c6c955a30fc2,experiments/binary_results/binary_20260719_044949_c6c955a30fc2/test_predictions.csv,f0578c61cfb8f0bbef7c58d8ab338b9d31850912e618d5abe81846aa15e5c298,Figure 4
Fig5,IH_ROC,IH,Target-local logistic,roc_curve,0.002177317697391039,0.0580417683753729,,,,2024,binary_20260719_044949_c6c955a30fc2,binary_20260719_044949_c6c955a30fc2,experiments/binary_results/binary_20260719_044949_c6c955a30fc2/test_predictions.csv,f0578c61cfb8f0bbef7c58d8ab338b9d31850912e618d5abe81846aa15e5c298,Figure 4
Fig5,IH_ROC,IH,Target-local logistic,roc_curve,0.002750296038809733,0.075942500678058,,,,2024,binary_20260719_044949_c6c955a30fc2,binary_20260719_044949_c6c955a30fc2,experiments/binary_results/binary_20260719_044949_c6c955a30fc2/test_predictions.csv,f0578c61cfb8f0bbef7c58d8ab338b9d31850912e618d5abe81846aa15e5c298,Figure 4
Fig5,IH_ROC,IH,Target-local logistic,roc_curve,0.0032850758241338477,0.0895036615134255,,,,2024,binary_20260719_044949_c6c955a30fc2,binary_20260719_044949_c6c955a30fc2,experiments/binary_results/binary_20260719_044949_c6c955a30fc2/test_predictions.csv,f0578c61cfb8f0bbef7c58d8ab338b9d31850912e618d5abe81846aa15e5c298,Figure 4
Fig5,IH_ROC,IH,Target-local logistic,roc_curve,0.0038580541655525422,0.0989964740981828,,,,2024,binary_20260719_044949_c6c955a30fc2,binary_20260719_044949_c6c955a30fc2,experiments/binary_results/binary_20260719_044949_c6c955a30fc2/test_predictions.csv,f0578c61cfb8f0bbef7c58d8ab338b9d31850912e618d5abe81846aa15e5c298,Figure 4
Fig5,IH_ROC,IH,Target-local logistic,roc_curve,0.004469231063065816,0.1106590724165988,,,,2024,binary_20260719_044949_c6c955a30fc2,binary_20260719_044949_c6c955a30fc2,experiments/binary_results/binary_20260719_044949_c6c955a30fc2/test_predictions.csv,f0578c61cfb8f0bbef7c58d8ab338b9d31850912e618d5abe81846aa15e5c298,Figure 4
Fig5,IH_ROC,IH,Target-local logistic,roc_curve,0.0051186065166736695,0.1190669921345267,,,,2024,binary_20260719_044949_c6c955a30fc2,binary_20260719_044949_c6c955a30fc2,experiments/binary_results/binary_20260719_044949_c6c955a30fc2/test_predictions.csv,f0578c61cfb8f0bbef7c58d8ab338b9d31850912e618d5abe81846aa15e5c298,Figure 4
Fig5,IH_ROC,IH,Target-local logistic,roc_curve,0.005844379082470682,0.1339842690534309,,,,2024,binary_20260719_044949_c6c955a30fc2,binary_20260719_044949_c6c955a30fc2,experiments/binary_results/binary_20260719_044949_c6c955a30fc2/test_predictions.csv,f0578c61cfb8f0bbef7c58d8ab338b9d31850912e618d5abe81846aa15e5c298,Figure 4
Fig5,IH_ROC,IH,Target-local logistic,roc_curve,0.006493754536078537,0.1451044209384323,,,,2024,binary_20260719_044949_c6c955a30fc2,binary_20260719_044949_c6c955a30fc2,experiments/binary_results/binary_20260719_044949_c6c955a30fc2/test_predictions.csv,f0578c61cfb8f0bbef7c58d8ab338b9d31850912e618d5abe81846aa15e5c298,Figure 4
Fig5,IH_ROC,IH,Target-local logistic,roc_curve,0.007334122770159288,0.1583943585570925,,,,2024,binary_20260719_044949_c6c955a30fc2,binary_20260719_044949_c6c955a30fc2,experiments/binary_results/binary_20260719_044949_c6c955a30fc2/test_predictions.csv,f0578c61cfb8f0bbef7c58d8ab338b9d31850912e618d5abe81846aa15e5c298,Figure 4
Fig5,IH_ROC,IH,Target-local logistic,roc_curve,0.00813629244814546,0.1657173854081909,,,,2024,binary_20260719_044949_c6c955a30fc2,binary_20260719_044949_c6c955a30fc2,experiments/binary_results/binary_20260719_044949_c6c955a30fc2/test_predictions.csv,f0578c61cfb8f0bbef7c58d8ab338b9d31850912e618d5abe81846aa15e5c298,Figure 4
Fig5,IH_ROC,IH,Target-local logistic,roc_curve,0.009320447687077429,0.1790073230268511,,,,2024,binary_20260719_044949_c6c955a30fc2,binary_20260719_044949_c6c955a30fc2,experiments/binary_results/binary_20260719_044949_c6c955a30fc2/test_predictions.csv,f0578c61cfb8f0bbef7c58d8ab338b9d31850912e618d5abe81846aa15e5c298,Figure 4
Fig5,IH_ROC,IH,Target-local logistic,roc_curve,0.009893426028496122,0.1849742337944128,,,,2024,binary_20260719_044949_c6c955a30fc2,binary_20260719_044949_c6c955a30fc2,experiments/binary_results/binary_20260719_044949_c6c955a30fc2/test_predictions.csv,f0578c61cfb8f0bbef7c58d8ab338b9d31850912e618d5abe81846aa15e5c298,Figure 4
Fig5,IH_ROC,IH,Target-local logistic,roc_curve,0.010810191374766034,0.1922972606455112,,,,2024,binary_20260719_044949_c6c955a30fc2,binary_20260719_044949_c6c955a30fc2,experiments/binary_results/binary_20260719_044949_c6c955a30fc2/test_predictions.csv,f0578c61cfb8f0bbef7c58d8ab338b9d31850912e618d5abe81846aa15e5c298,Figure 4
Fig5,IH_ROC,IH,Target-local logistic,roc_curve,0.011421368272279308,0.2012476267968538,,,,2024,binary_20260719_044949_c6c955a30fc2,binary_20260719_044949_c6c955a30fc2,experiments/binary_results/binary_20260719_044949_c6c955a30fc2/test_predictions.csv,f0578c61cfb8f0bbef7c58d8ab338b9d31850912e618d5abe81846aa15e5c298,Figure 4
Fig5,IH_ROC,IH,Target-local logistic,roc_curve,0.012452729286832958,0.2069433143477081,,,,2024,binary_20260719_044949_c6c955a30fc2,binary_20260719_044949_c6c955a30fc2,experiments/binary_results/binary_20260719_044949_c6c955a30fc2/test_predictions.csv,f0578c61cfb8f0bbef7c58d8ab338b9d31850912e618d5abe81846aa15e5c298,Figure 4
Fig5,IH_ROC,IH,Target-local logistic,roc_curve,0.013102104740440811,0.2156224572823433,,,,2024,binary_20260719_044949_c6c955a30fc2,binary_20260719_044949_c6c955a30fc2,experiments/binary_results/binary_20260719_044949_c6c955a30fc2/test_predictions.csv,f0578c61cfb8f0bbef7c58d8ab338b9d31850912e618d5abe81846aa15e5c298,Figure 4
Fig5,IH_ROC,IH,Target-local logistic,roc_curve,0.013866075862332404,0.221589368049905,,,,2024,binary_20260719_044949_c6c955a30fc2,binary_20260719_044949_c6c955a30fc2,experiments/binary_results/binary_20260719_044949_c6c955a30fc2/test_predictions.csv,f0578c61cfb8f0bbef7c58d8ab338b9d31850912e618d5abe81846aa15e5c298,Figure 4
Fig5,IH_ROC,IH,Target-local logistic,roc_curve,0.014515451315940257,0.2283699484675888,,,,2024,binary_20260719_044949_c6c955a30fc2,binary_20260719_044949_c6c955a30fc2,experiments/binary_results/binary_20260719_044949_c6c955a30fc2/test_predictions.csv,f0578c61cfb8f0bbef7c58d8ab338b9d31850912e618d5abe81846aa15e5c298,Figure 4
Fig5,IH_ROC,IH,Target-local logistic,roc_curve,0.015546812330493907,0.2365066449688093,,,,2024,binary_20260719_044949_c6c955a30fc2,binary_20260719_044949_c6c955a30fc2,experiments/binary_results/binary_20260719_044949_c6c955a30fc2/test_predictions.csv,f0578c61cfb8f0bbef7c58d8ab338b9d31850912e618d5abe81846aa15e5c298,Figure 4
Fig5,IH_ROC,IH,Target-local logistic,roc_curve,0.016616371901142138,0.2446433414700298,,,,2024,binary_20260719_044949_c6c955a30fc2,binary_20260719_044949_c6c955a30fc2,experiments/binary_results/binary_20260719_044949_c6c955a30fc2/test_predictions.csv,f0578c61cfb8f0bbef7c58d8ab338b9d31850912e618d5abe81846aa15e5c298,Figure 4
Fig5,IH_ROC,IH,Target-local logistic,roc_curve,0.01726574735474999,0.2530512611879577,,,,2024,binary_20260719_044949_c6c955a30fc2,binary_20260719_044949_c6c955a30fc2,experiments/binary_results/binary_20260719_044949_c6c955a30fc2/test_predictions.csv,f0578c61cfb8f0bbef7c58d8ab338b9d31850912e618d5abe81846aa15e5c298,Figure 4
Fig5,IH_ROC,IH,Target-local logistic,roc_curve,0.018106115588830744,0.2609167344724708,,,,2024,binary_20260719_044949_c6c955a30fc2,binary_20260719_044949_c6c955a30fc2,experiments/binary_results/binary_20260719_044949_c6c955a30fc2/test_predictions.csv,f0578c61cfb8f0bbef7c58d8ab338b9d31850912e618d5abe81846aa15e5c298,Figure 4
Fig5,IH_ROC,IH,Target-local logistic,roc_curve,0.018946483822911492,0.2679685381068619,,,,2024,binary_20260719_044949_c6c955a30fc2,binary_20260719_044949_c6c955a30fc2,experiments/binary_results/binary_20260719_044949_c6c955a30fc2/test_predictions.csv,f0578c61cfb8f0bbef7c58d8ab338b9d31850912e618d5abe81846aa15e5c298,Figure 4
Fig5,IH_ROC,IH,Target-local logistic,roc_curve,0.020016043393559724,0.2744778953078383,,,,2024,binary_20260719_044949_c6c955a30fc2,binary_20260719_044949_c6c955a30fc2,experiments/binary_results/binary_20260719_044949_c6c955a30fc2/test_predictions.csv,f0578c61cfb8f0bbef7c58d8ab338b9d31850912e618d5abe81846aa15e5c298,Figure 4
Fig5,IH_ROC,IH,Target-local logistic,roc_curve,0.020971007295924216,0.279631136425278,,,,2024,binary_20260719_044949_c6c955a30fc2,binary_20260719_044949_c6c955a30fc2,experiments/binary_results/binary_20260719_044949_c6c955a30fc2/test_predictions.csv,f0578c61cfb8f0bbef7c58d8ab338b9d31850912e618d5abe81846aa15e5c298,Figure 4
Fig5,IH_ROC,IH,Target-local logistic,roc_curve,0.021925971198288704,0.2864117168429617,,,,2024,binary_20260719_044949_c6c955a30fc2,binary_20260719_044949_c6c955a30fc2,experiments/binary_results/binary_20260719_044949_c6c955a30fc2/test_predictions.csv,f0578c61cfb8f0bbef7c58d8ab338b9d31850912e618d5abe81846aa15e5c298,Figure 4
Fig5,IH_ROC,IH,Target-local logistic,roc_curve,0.022728140876274876,0.2937347436940602,,,,2024,binary_20260719_044949_c6c955a30fc2,binary_20260719_044949_c6c955a30fc2,experiments/binary_results/binary_20260719_044949_c6c955a30fc2/test_predictions.csv,f0578c61cfb8f0bbef7c58d8ab338b9d31850912e618d5abe81846aa15e5c298,Figure 4
Fig5,IH_ROC,IH,Target-local logistic,roc_curve,0.02364490622254479,0.2983455383780851,,,,2024,binary_20260719_044949_c6c955a30fc2,binary_20260719_044949_c6c955a30fc2,experiments/binary_results/binary_20260719_044949_c6c955a30fc2/test_predictions.csv,f0578c61cfb8f0bbef7c58d8ab338b9d31850912e618d5abe81846aa15e5c298,Figure 4
Fig5,IH_ROC,IH,Target-local logistic,roc_curve,0.024256083120058062,0.3040412259289395,,,,2024,binary_20260719_044949_c6c955a30fc2,binary_20260719_044949_c6c955a30fc2,experiments/binary_results/binary_20260719_044949_c6c955a30fc2/test_predictions.csv,f0578c61cfb8f0bbef7c58d8ab338b9d31850912e618d5abe81846aa15e5c298,Figure 4
Fig5,IH_ROC,IH,Target-local logistic,roc_curve,0.025058252798044234,0.3105505831299159,,,,2024,binary_20260719_044949_c6c955a30fc2,binary_20260719_044949_c6c955a30fc2,experiments/binary_results/binary_20260719_044949_c6c955a30fc2/test_predictions.csv,f0578c61cfb8f0bbef7c58d8ab338b9d31850912e618d5abe81846aa15e5c298,Figure 4
Fig5,IH_ROC,IH,Target-local logistic,roc_curve,0.025975018144314146,0.3151613778139409,,,,2024,binary_20260719_044949_c6c955a30fc2,binary_20260719_044949_c6c955a30fc2,experiments/binary_results/binary_20260719_044949_c6c955a30fc2/test_predictions.csv,f0578c61cfb8f0bbef7c58d8ab338b9d31850912e618d5abe81846aa15e5c298,Figure 4
Fig5,IH_ROC,IH,Target-local logistic,roc_curve,0.026968180602773215,0.3243829671819908,,,,2024,binary_20260719_044949_c6c955a30fc2,binary_20260719_044949_c6c955a30fc2,experiments/binary_results/binary_20260719_044949_c6c955a30fc2/test_predictions.csv,f0578c61cfb8f0bbef7c58d8ab338b9d31850912e618d5abe81846aa15e5c298,Figure 4
Fig5,IH_ROC,IH,Target-local logistic,roc_curve,0.027923144505137706,0.3303498779495525,,,,2024,binary_20260719_044949_c6c955a30fc2,binary_20260719_044949_c6c955a30fc2,experiments/binary_results/binary_20260719_044949_c6c955a30fc2/test_predictions.csv,f0578c61cfb8f0bbef7c58d8ab338b9d31850912e618d5abe81846aa15e5c298,Figure 4
Fig5,IH_ROC,IH,Target-local logistic,roc_curve,0.02872531418312388,0.3382153512340656,,,,2024,binary_20260719_044949_c6c955a30fc2,binary_20260719_044949_c6c955a30fc2,experiments/binary_results/binary_20260719_044949_c6c955a30fc2/test_predictions.csv,f0578c61cfb8f0bbef7c58d8ab338b9d31850912e618d5abe81846aa15e5c298,Figure 4
Fig5,IH_ROC,IH,Target-local logistic,roc_curve,0.030100462202528745,0.3428261459180906,,,,2024,binary_20260719_044949_c6c955a30fc2,binary_20260719_044949_c6c955a30fc2,experiments/binary_results/binary_20260719_044949_c6c955a30fc2/test_predictions.csv,f0578c61cfb8f0bbef7c58d8ab338b9d31850912e618d5abe81846aa15e5c298,Figure 4
Fig5,IH_ROC,IH,Target-local logistic,roc_curve,0.031284617441460716,0.3482506102522376,,,,2024,binary_20260719_044949_c6c955a30fc2,binary_20260719_044949_c6c955a30fc2,experiments/binary_results/binary_20260719_044949_c6c955a30fc2/test_predictions.csv,f0578c61cfb8f0bbef7c58d8ab338b9d31850912e618d5abe81846aa15e5c298,Figure 4
Fig5,IH_ROC,IH,Target-local logistic,roc_curve,0.031972191451163146,0.3534038513696772,,,,2024,binary_20260719_044949_c6c955a30fc2,binary_20260719_044949_c6c955a30fc2,experiments/binary_results/binary_20260719_044949_c6c955a30fc2/test_predictions.csv,f0578c61cfb8f0bbef7c58d8ab338b9d31850912e618d5abe81846aa15e5c298,Figure 4
Fig5,IH_ROC,IH,Target-local logistic,roc_curve,0.032965353909622214,0.3580146460537022,,,,2024,binary_20260719_044949_c6c955a30fc2,binary_20260719_044949_c6c955a30fc2,experiments/binary_results/binary_20260719_044949_c6c955a30fc2/test_predictions.csv,f0578c61cfb8f0bbef7c58d8ab338b9d31850912e618d5abe81846aa15e5c298,Figure 4
Fig5,IH_ROC,IH,Target-local logistic,roc_curve,0.03403491348027045,0.3639815568212639,,,,2024,binary_20260719_044949_c6c955a30fc2,binary_20260719_044949_c6c955a30fc2,experiments/binary_results/binary_20260719_044949_c6c955a30fc2/test_predictions.csv,f0578c61cfb8f0bbef7c58d8ab338b9d31850912e618d5abe81846aa15e5c298,Figure 4
Fig5,IH_ROC,IH,Target-local logistic,roc_curve,0.035104473050918676,0.3685923515052888,,,,2024,binary_20260719_044949_c6c955a30fc2,binary_20260719_044949_c6c955a30fc2,experiments/binary_results/binary_20260719_044949_c6c955a30fc2/test_predictions.csv,f0578c61cfb8f0bbef7c58d8ab338b9d31850912e618d5abe81846aa15e5c298,Figure 4
Fig5,IH_ROC,IH,Target-local logistic,roc_curve,0.036250429733756064,0.3732031461893138,,,,2024,binary_20260719_044949_c6c955a30fc2,binary_20260719_044949_c6c955a30fc2,experiments/binary_results/binary_20260719_044949_c6c955a30fc2/test_predictions.csv,f0578c61cfb8f0bbef7c58d8ab338b9d31850912e618d5abe81846aa15e5c298,Figure 4
Fig5,IH_ROC,IH,Target-local logistic,roc_curve,0.03724359219221513,0.3778139408733387,,,,2024,binary_20260719_044949_c6c955a30fc2,binary_20260719_044949_c6c955a30fc2,experiments/binary_results/binary_20260719_044949_c6c955a30fc2/test_predictions.csv,f0578c61cfb8f0bbef7c58d8ab338b9d31850912e618d5abe81846aa15e5c298,Figure 4
Fig5,IH_ROC,IH,Target-local logistic,roc_curve,0.03850414454333626,0.3840520748576078,,,,2024,binary_20260719_044949_c6c955a30fc2,binary_20260719_044949_c6c955a30fc2,experiments/binary_results/binary_20260719_044949_c6c955a30fc2/test_predictions.csv,f0578c61cfb8f0bbef7c58d8ab338b9d31850912e618d5abe81846aa15e5c298,Figure 4
Fig5,IH_ROC,IH,Target-local logistic,roc_curve,0.03957370411398449,0.3892053159750475,,,,2024,binary_20260719_044949_c6c955a30fc2,binary_20260719_044949_c6c955a30fc2,experiments/binary_results/binary_20260719_044949_c6c955a30fc2/test_predictions.csv,f0578c61cfb8f0bbef7c58d8ab338b9d31850912e618d5abe81846aa15e5c298,Figure 4
Fig5,IH_ROC,IH,Target-local logistic,roc_curve,0.04083425646510562,0.3949010035259018,,,,2024,binary_20260719_044949_c6c955a30fc2,binary_20260719_044949_c6c955a30fc2,experiments/binary_results/binary_20260719_044949_c6c955a30fc2/test_predictions.csv,f0578c61cfb8f0bbef7c58d8ab338b9d31850912e618d5abe81846aa15e5c298,Figure 4
Fig5,IH_ROC,IH,Target-local logistic,roc_curve,0.042514992933267125,0.4011391375101709,,,,2024,binary_20260719_044949_c6c955a30fc2,binary_20260719_044949_c6c955a30fc2,experiments/binary_results/binary_20260719_044949_c6c955a30fc2/test_predictions.csv,f0578c61cfb8f0bbef7c58d8ab338b9d31850912e618d5abe81846aa15e5c298,Figure 4
Fig5,IH_ROC,IH,Target-local logistic,roc_curve,0.044157530845334046,0.4065636018443179,,,,2024,binary_20260719_044949_c6c955a30fc2,binary_20260719_044949_c6c955a30fc2,experiments/binary_results/binary_20260719_044949_c6c955a30fc2/test_predictions.csv,f0578c61cfb8f0bbef7c58d8ab338b9d31850912e618d5abe81846aa15e5c298,Figure 4
Fig5,IH_ROC,IH,Target-local logistic,roc_curve,0.04545628175254975,0.4125305126118795,,,,2024,binary_20260719_044949_c6c955a30fc2,binary_20260719_044949_c6c955a30fc2,experiments/binary_results/binary_20260719_044949_c6c955a30fc2/test_predictions.csv,f0578c61cfb8f0bbef7c58d8ab338b9d31850912e618d5abe81846aa15e5c298,Figure 4
Fig5,IH_ROC,IH,Target-local logistic,roc_curve,0.04694602544023836,0.4168700840791972,,,,2024,binary_20260719_044949_c6c955a30fc2,binary_20260719_044949_c6c955a30fc2,experiments/binary_results/binary_20260719_044949_c6c955a30fc2/test_predictions.csv,f0578c61cfb8f0bbef7c58d8ab338b9d31850912e618d5abe81846aa15e5c298,Figure 4
Fig5,IH_ROC,IH,Target-local logistic,roc_curve,0.04809198212307575,0.4222945484133442,,,,2024,binary_20260719_044949_c6c955a30fc2,binary_20260719_044949_c6c955a30fc2,experiments/binary_results/binary_20260719_044949_c6c955a30fc2/test_predictions.csv,f0578c61cfb8f0bbef7c58d8ab338b9d31850912e618d5abe81846aa15e5c298,Figure 4
Fig5,IH_ROC,IH,Target-local logistic,roc_curve,0.0491233431376294,0.4274477895307838,,,,2024,binary_20260719_044949_c6c955a30fc2,binary_20260719_044949_c6c955a30fc2,experiments/binary_results/binary_20260719_044949_c6c955a30fc2/test_predictions.csv,f0578c61cfb8f0bbef7c58d8ab338b9d31850912e618d5abe81846aa15e5c298,Figure 4
Fig5,IH_ROC,IH,Target-local logistic,roc_curve,0.05034569693265595,0.4326010306482235,,,,2024,binary_20260719_044949_c6c955a30fc2,binary_20260719_044949_c6c955a30fc2,experiments/binary_results/binary_20260719_044949_c6c955a30fc2/test_predictions.csv,f0578c61cfb8f0bbef7c58d8ab338b9d31850912e618d5abe81846aa15e5c298,Figure 4
Fig5,IH_ROC,IH,Target-local logistic,roc_curve,0.05160624928377707,0.4363981556821263,,,,2024,binary_20260719_044949_c6c955a30fc2,binary_20260719_044949_c6c955a30fc2,experiments/binary_results/binary_20260719_044949_c6c955a30fc2/test_predictions.csv,f0578c61cfb8f0bbef7c58d8ab338b9d31850912e618d5abe81846aa15e5c298,Figure 4
Fig5,IH_ROC,IH,Target-local logistic,roc_curve,0.0530577944153711,0.4420938432329807,,,,2024,binary_20260719_044949_c6c955a30fc2,binary_20260719_044949_c6c955a30fc2,experiments/binary_results/binary_20260719_044949_c6c955a30fc2/test_predictions.csv,f0578c61cfb8f0bbef7c58d8ab338b9d31850912e618d5abe81846aa15e5c298,Figure 4
Fig5,IH_ROC,IH,Target-local logistic,roc_curve,0.05447114099087055,0.4475183075671277,,,,2024,binary_20260719_044949_c6c955a30fc2,binary_20260719_044949_c6c955a30fc2,experiments/binary_results/binary_20260719_044949_c6c955a30fc2/test_predictions.csv,f0578c61cfb8f0bbef7c58d8ab338b9d31850912e618d5abe81846aa15e5c298,Figure 4
Fig5,IH_ROC,IH,Target-local logistic,roc_curve,0.05508231788838382,0.4521291022511527,,,,2024,binary_20260719_044949_c6c955a30fc2,binary_20260719_044949_c6c955a30fc2,experiments/binary_results/binary_20260719_044949_c6c955a30fc2/test_predictions.csv,f0578c61cfb8f0bbef7c58d8ab338b9d31850912e618d5abe81846aa15e5c298,Figure 4
Fig5,IH_ROC,IH,Target-local logistic,roc_curve,0.05622827457122121,0.4564686737184703,,,,2024,binary_20260719_044949_c6c955a30fc2,binary_20260719_044949_c6c955a30fc2,experiments/binary_results/binary_20260719_044949_c6c955a30fc2/test_predictions.csv,f0578c61cfb8f0bbef7c58d8ab338b9d31850912e618d5abe81846aa15e5c298,Figure 4
Fig5,IH_ROC,IH,Target-local logistic,roc_curve,0.0573742312540586,0.4613506916192026,,,,2024,binary_20260719_044949_c6c955a30fc2,binary_20260719_044949_c6c955a30fc2,experiments/binary_results/binary_20260719_044949_c6c955a30fc2/test_predictions.csv,f0578c61cfb8f0bbef7c58d8ab338b9d31850912e618d5abe81846aa15e5c298,Figure 4
Fig5,IH_ROC,IH,Target-local logistic,roc_curve,0.058749379273463465,0.4656902630865202,,,,2024,binary_20260719_044949_c6c955a30fc2,binary_20260719_044949_c6c955a30fc2,experiments/binary_results/binary_20260719_044949_c6c955a30fc2/test_predictions.csv,f0578c61cfb8f0bbef7c58d8ab338b9d31850912e618d5abe81846aa15e5c298,Figure 4
Fig5,IH_ROC,IH,Target-local logistic,roc_curve,0.06058290996600329,0.4716571738540819,,,,2024,binary_20260719_044949_c6c955a30fc2,binary_20260719_044949_c6c955a30fc2,experiments/binary_results/binary_20260719_044949_c6c955a30fc2/test_predictions.csv,f0578c61cfb8f0bbef7c58d8ab338b9d31850912e618d5abe81846aa15e5c298,Figure 4
Fig5,IH_ROC,IH,Target-local logistic,roc_curve,0.061958057985408155,0.4784377542717656,,,,2024,binary_20260719_044949_c6c955a30fc2,binary_20260719_044949_c6c955a30fc2,experiments/binary_results/binary_20260719_044949_c6c955a30fc2/test_predictions.csv,f0578c61cfb8f0bbef7c58d8ab338b9d31850912e618d5abe81846aa15e5c298,Figure 4
Fig5,IH_ROC,IH,Target-local logistic,roc_curve,0.0631804117804347,0.4830485489557906,,,,2024,binary_20260719_044949_c6c955a30fc2,binary_20260719_044949_c6c955a30fc2,experiments/binary_results/binary_20260719_044949_c6c955a30fc2/test_predictions.csv,f0578c61cfb8f0bbef7c58d8ab338b9d31850912e618d5abe81846aa15e5c298,Figure 4
Fig5,IH_ROC,IH,Target-local logistic,roc_curve,0.06489934680469078,0.4890154597233523,,,,2024,binary_20260719_044949_c6c955a30fc2,binary_20260719_044949_c6c955a30fc2,experiments/binary_results/binary_20260719_044949_c6c955a30fc2/test_predictions.csv,f0578c61cfb8f0bbef7c58d8ab338b9d31850912e618d5abe81846aa15e5c298,Figure 4
Fig5,IH_ROC,IH,Target-local logistic,roc_curve,0.06608350204362275,0.4944399240574993,,,,2024,binary_20260719_044949_c6c955a30fc2,binary_20260719_044949_c6c955a30fc2,experiments/binary_results/binary_20260719_044949_c6c955a30fc2/test_predictions.csv,f0578c61cfb8f0bbef7c58d8ab338b9d31850912e618d5abe81846aa15e5c298,Figure 4
Fig5,IH_ROC,IH,Target-local logistic,roc_curve,0.06753504717521677,0.4985082723081095,,,,2024,binary_20260719_044949_c6c955a30fc2,binary_20260719_044949_c6c955a30fc2,experiments/binary_results/binary_20260719_044949_c6c955a30fc2/test_predictions.csv,f0578c61cfb8f0bbef7c58d8ab338b9d31850912e618d5abe81846aa15e5c298,Figure 4
Fig5,IH_ROC,IH,Target-local logistic,roc_curve,0.06902479086290539,0.5033902902088419,,,,2024,binary_20260719_044949_c6c955a30fc2,binary_20260719_044949_c6c955a30fc2,experiments/binary_results/binary_20260719_044949_c6c955a30fc2/test_predictions.csv,f0578c61cfb8f0bbef7c58d8ab338b9d31850912e618d5abe81846aa15e5c298,Figure 4
Fig5,IH_ROC,IH,Target-local logistic,roc_curve,0.07039993888231025,0.5085435313262815,,,,2024,binary_20260719_044949_c6c955a30fc2,binary_20260719_044949_c6c955a30fc2,experiments/binary_results/binary_20260719_044949_c6c955a30fc2/test_predictions.csv,f0578c61cfb8f0bbef7c58d8ab338b9d31850912e618d5abe81846aa15e5c298,Figure 4
Fig5,IH_ROC,IH,Target-local logistic,roc_curve,0.07169868978952595,0.5147816653105506,,,,2024,binary_20260719_044949_c6c955a30fc2,binary_20260719_044949_c6c955a30fc2,experiments/binary_results/binary_20260719_044949_c6c955a30fc2/test_predictions.csv,f0578c61cfb8f0bbef7c58d8ab338b9d31850912e618d5abe81846aa15e5c298,Figure 4
Fig5,IH_ROC,IH,Target-local logistic,roc_curve,0.07326483058940372,0.5191212367778681,,,,2024,binary_20260719_044949_c6c955a30fc2,binary_20260719_044949_c6c955a30fc2,experiments/binary_results/binary_20260719_044949_c6c955a30fc2/test_predictions.csv,f0578c61cfb8f0bbef7c58d8ab338b9d31850912e618d5abe81846aa15e5c298,Figure 4
Fig5,IH_ROC,IH,Target-local logistic,roc_curve,0.074601780052714,0.5237320314618932,,,,2024,binary_20260719_044949_c6c955a30fc2,binary_20260719_044949_c6c955a30fc2,experiments/binary_results/binary_20260719_044949_c6c955a30fc2/test_predictions.csv,f0578c61cfb8f0bbef7c58d8ab338b9d31850912e618d5abe81846aa15e5c298,Figure 4
Fig5,IH_ROC,IH,Target-local logistic,roc_curve,0.07620611940868635,0.5278003797125034,,,,2024,binary_20260719_044949_c6c955a30fc2,binary_20260719_044949_c6c955a30fc2,experiments/binary_results/binary_20260719_044949_c6c955a30fc2/test_predictions.csv,f0578c61cfb8f0bbef7c58d8ab338b9d31850912e618d5abe81846aa15e5c298,Figure 4
Fig5,IH_ROC,IH,Target-local logistic,roc_curve,0.07765766454028038,0.5326823976132357,,,,2024,binary_20260719_044949_c6c955a30fc2,binary_20260719_044949_c6c955a30fc2,experiments/binary_results/binary_20260719_044949_c6c955a30fc2/test_predictions.csv,f0578c61cfb8f0bbef7c58d8ab338b9d31850912e618d5abe81846aa15e5c298,Figure 4
Fig5,IH_ROC,IH,Target-local logistic,roc_curve,0.07891821689140151,0.536750745863846,,,,2024,binary_20260719_044949_c6c955a30fc2,binary_20260719_044949_c6c955a30fc2,experiments/binary_results/binary_20260719_044949_c6c955a30fc2/test_predictions.csv,f0578c61cfb8f0bbef7c58d8ab338b9d31850912e618d5abe81846aa15e5c298,Figure 4
Fig5,IH_ROC,IH,Target-local logistic,roc_curve,0.08063715191565758,0.5405478708977488,,,,2024,binary_20260719_044949_c6c955a30fc2,binary_20260719_044949_c6c955a30fc2,experiments/binary_results/binary_20260719_044949_c6c955a30fc2/test_predictions.csv,f0578c61cfb8f0bbef7c58d8ab338b9d31850912e618d5abe81846aa15e5c298,Figure 4
Fig5,IH_ROC,IH,Target-local logistic,roc_curve,0.08220329271553535,0.5457011120151884,,,,2024,binary_20260719_044949_c6c955a30fc2,binary_20260719_044949_c6c955a30fc2,experiments/binary_results/binary_20260719_044949_c6c955a30fc2/test_predictions.csv,f0578c61cfb8f0bbef7c58d8ab338b9d31850912e618d5abe81846aa15e5c298,Figure 4
Fig5,IH_ROC,IH,Target-local logistic,roc_curve,0.08388402918369686,0.5494982370490914,,,,2024,binary_20260719_044949_c6c955a30fc2,binary_20260719_044949_c6c955a30fc2,experiments/binary_results/binary_20260719_044949_c6c955a30fc2/test_predictions.csv,f0578c61cfb8f0bbef7c58d8ab338b9d31850912e618d5abe81846aa15e5c298,Figure 4
Fig5,IH_ROC,IH,Target-local logistic,roc_curve,0.08545016998357462,0.5549227013832384,,,,2024,binary_20260719_044949_c6c955a30fc2,binary_20260719_044949_c6c955a30fc2,experiments/binary_results/binary_20260719_044949_c6c955a30fc2/test_predictions.csv,f0578c61cfb8f0bbef7c58d8ab338b9d31850912e618d5abe81846aa15e5c298,Figure 4
Fig5,IH_ROC,IH,Target-local logistic,roc_curve,0.08785667901753313,0.559262272850556,,,,2024,binary_20260719_044949_c6c955a30fc2,binary_20260719_044949_c6c955a30fc2,experiments/binary_results/binary_20260719_044949_c6c955a30fc2/test_predictions.csv,f0578c61cfb8f0bbef7c58d8ab338b9d31850912e618d5abe81846aa15e5c298,Figure 4
Fig5,IH_ROC,IH,Target-local logistic,roc_curve,0.08900263570037052,0.5636018443178736,,,,2024,binary_20260719_044949_c6c955a30fc2,binary_20260719_044949_c6c955a30fc2,experiments/binary_results/binary_20260719_044949_c6c955a30fc2/test_predictions.csv,f0578c61cfb8f0bbef7c58d8ab338b9d31850912e618d5abe81846aa15e5c298,Figure 4
Fig5,IH_ROC,IH,Target-local logistic,roc_curve,0.09060697505634287,0.5690263086520206,,,,2024,binary_20260719_044949_c6c955a30fc2,binary_20260719_044949_c6c955a30fc2,experiments/binary_results/binary_20260719_044949_c6c955a30fc2/test_predictions.csv,f0578c61cfb8f0bbef7c58d8ab338b9d31850912e618d5abe81846aa15e5c298,Figure 4
Fig5,IH_ROC,IH,Target-local logistic,roc_curve,0.09289888842201764,0.5730946569026308,,,,2024,binary_20260719_044949_c6c955a30fc2,binary_20260719_044949_c6c955a30fc2,experiments/binary_results/binary_20260719_044949_c6c955a30fc2/test_predictions.csv,f0578c61cfb8f0bbef7c58d8ab338b9d31850912e618d5abe81846aa15e5c298,Figure 4
Fig5,IH_ROC,IH,Target-local logistic,roc_curve,0.0948470147828412,0.5774342283699485,,,,2024,binary_20260719_044949_c6c955a30fc2,binary_20260719_044949_c6c955a30fc2,experiments/binary_results/binary_20260719_044949_c6c955a30fc2/test_predictions.csv,f0578c61cfb8f0bbef7c58d8ab338b9d31850912e618d5abe81846aa15e5c298,Figure 4
Fig5,IH_ROC,IH,Target-local logistic,roc_curve,0.09610756713396233,0.5825874694873882,,,,2024,binary_20260719_044949_c6c955a30fc2,binary_20260719_044949_c6c955a30fc2,experiments/binary_results/binary_20260719_044949_c6c955a30fc2/test_predictions.csv,f0578c61cfb8f0bbef7c58d8ab338b9d31850912e618d5abe81846aa15e5c298,Figure 4
Fig5,IH_ROC,IH,Target-local logistic,roc_curve,0.0974827151533672,0.5871982641714131,,,,2024,binary_20260719_044949_c6c955a30fc2,binary_20260719_044949_c6c955a30fc2,experiments/binary_results/binary_20260719_044949_c6c955a30fc2/test_predictions.csv,f0578c61cfb8f0bbef7c58d8ab338b9d31850912e618d5abe81846aa15e5c298,Figure 4
Fig5,IH_ROC,IH,Target-local logistic,roc_curve,0.0993544444020016,0.591809058855438,,,,2024,binary_20260719_044949_c6c955a30fc2,binary_20260719_044949_c6c955a30fc2,experiments/binary_results/binary_20260719_044949_c6c955a30fc2/test_predictions.csv,f0578c61cfb8f0bbef7c58d8ab338b9d31850912e618d5abe81846aa15e5c298,Figure 4
Fig5,IH_ROC,IH,Target-local logistic,roc_curve,0.10107337942625769,0.595606183889341,,,,2024,binary_20260719_044949_c6c955a30fc2,binary_20260719_044949_c6c955a30fc2,experiments/binary_results/binary_20260719_044949_c6c955a30fc2/test_predictions.csv,f0578c61cfb8f0bbef7c58d8ab338b9d31850912e618d5abe81846aa15e5c298,Figure 4
Fig5,IH_ROC,IH,Target-local logistic,roc_curve,0.10233393177737882,0.6004882017900732,,,,2024,binary_20260719_044949_c6c955a30fc2,binary_20260719_044949_c6c955a30fc2,experiments/binary_results/binary_20260719_044949_c6c955a30fc2/test_predictions.csv,f0578c61cfb8f0bbef7c58d8ab338b9d31850912e618d5abe81846aa15e5c298,Figure 4
Fig5,IH_ROC,IH,Target-local logistic,roc_curve,0.10462584514305359,0.6045565500406835,,,,2024,binary_20260719_044949_c6c955a30fc2,binary_20260719_044949_c6c955a30fc2,experiments/binary_results/binary_20260719_044949_c6c955a30fc2/test_predictions.csv,f0578c61cfb8f0bbef7c58d8ab338b9d31850912e618d5abe81846aa15e5c298,Figure 4
Fig5,IH_ROC,IH,Target-local logistic,roc_curve,0.10672676572825547,0.6088961215080011,,,,2024,binary_20260719_044949_c6c955a30fc2,binary_20260719_044949_c6c955a30fc2,experiments/binary_results/binary_20260719_044949_c6c955a30fc2/test_predictions.csv,f0578c61cfb8f0bbef7c58d8ab338b9d31850912e618d5abe81846aa15e5c298,Figure 4
Fig5,IH_ROC,IH,Target-local logistic,roc_curve,0.10764353107452539,0.6126932465419039,,,,2024,binary_20260719_044949_c6c955a30fc2,binary_20260719_044949_c6c955a30fc2,experiments/binary_results/binary_20260719_044949_c6c955a30fc2/test_predictions.csv,f0578c61cfb8f0bbef7c58d8ab338b9d31850912e618d5abe81846aa15e5c298,Figure 4
Fig5,IH_ROC,IH,Target-local logistic,roc_curve,0.10951526032315978,0.6164903715758069,,,,2024,binary_20260719_044949_c6c955a30fc2,binary_20260719_044949_c6c955a30fc2,experiments/binary_results/binary_20260719_044949_c6c955a30fc2/test_predictions.csv,f0578c61cfb8f0bbef7c58d8ab338b9d31850912e618d5abe81846aa15e5c298,Figure 4
Fig5,IH_ROC,IH,Target-local logistic,roc_curve,0.11073761411818633,0.6224572823433686,,,,2024,binary_20260719_044949_c6c955a30fc2,binary_20260719_044949_c6c955a30fc2,experiments/binary_results/binary_20260719_044949_c6c955a30fc2/test_predictions.csv,f0578c61cfb8f0bbef7c58d8ab338b9d31850912e618d5abe81846aa15e5c298,Figure 4
Fig5,IH_ROC,IH,Target-local logistic,roc_curve,0.1132587188204286,0.6265256305939788,,,,2024,binary_20260719_044949_c6c955a30fc2,binary_20260719_044949_c6c955a30fc2,experiments/binary_results/binary_20260719_044949_c6c955a30fc2/test_predictions.csv,f0578c61cfb8f0bbef7c58d8ab338b9d31850912e618d5abe81846aa15e5c298,Figure 4
Fig5,IH_ROC,IH,Target-local logistic,roc_curve,0.11562702929829252,0.6303227556278818,,,,2024,binary_20260719_044949_c6c955a30fc2,binary_20260719_044949_c6c955a30fc2,experiments/binary_results/binary_20260719_044949_c6c955a30fc2/test_predictions.csv,f0578c61cfb8f0bbef7c58d8ab338b9d31850912e618d5abe81846aa15e5c298,Figure 4
Fig5,IH_ROC,IH,Target-local logistic,roc_curve,0.11688758164941365,0.6349335503119067,,,,2024,binary_20260719_044949_c6c955a30fc2,binary_20260719_044949_c6c955a30fc2,experiments/binary_results/binary_20260719_044949_c6c955a30fc2/test_predictions.csv,f0578c61cfb8f0bbef7c58d8ab338b9d31850912e618d5abe81846aa15e5c298,Figure 4
Fig5,IH_ROC,IH,Target-local logistic,roc_curve,0.11914129645899385,0.639001898562517,,,,2024,binary_20260719_044949_c6c955a30fc2,binary_20260719_044949_c6c955a30fc2,experiments/binary_results/binary_20260719_044949_c6c955a30fc2/test_predictions.csv,f0578c61cfb8f0bbef7c58d8ab338b9d31850912e618d5abe81846aa15e5c298,Figure 4
Fig5,IH_ROC,IH,Target-local logistic,roc_curve,0.12108942281981741,0.6438839164632493,,,,2024,binary_20260719_044949_c6c955a30fc2,binary_20260719_044949_c6c955a30fc2,experiments/binary_results/binary_20260719_044949_c6c955a30fc2/test_predictions.csv,f0578c61cfb8f0bbef7c58d8ab338b9d31850912e618d5abe81846aa15e5c298,Figure 4
Fig5,IH_ROC,IH,Target-local logistic,roc_curve,0.124489094312235,0.6479522647138595,,,,2024,binary_20260719_044949_c6c955a30fc2,binary_20260719_044949_c6c955a30fc2,experiments/binary_results/binary_20260719_044949_c6c955a30fc2/test_predictions.csv,f0578c61cfb8f0bbef7c58d8ab338b9d31850912e618d5abe81846aa15e5c298,Figure 4
Fig5,IH_ROC,IH,Target-local logistic,roc_curve,0.1267046105657206,0.6528342826145918,,,,2024,binary_20260719_044949_c6c955a30fc2,binary_20260719_044949_c6c955a30fc2,experiments/binary_results/binary_20260719_044949_c6c955a30fc2/test_predictions.csv,f0578c61cfb8f0bbef7c58d8ab338b9d31850912e618d5abe81846aa15e5c298,Figure 4
Fig5,IH_ROC,IH,Target-local logistic,roc_curve,0.12869093548263877,0.6563601844317873,,,,2024,binary_20260719_044949_c6c955a30fc2,binary_20260719_044949_c6c955a30fc2,experiments/binary_results/binary_20260719_044949_c6c955a30fc2/test_predictions.csv,f0578c61cfb8f0bbef7c58d8ab338b9d31850912e618d5abe81846aa15e5c298,Figure 4
Fig5,IH_ROC,IH,Target-local logistic,roc_curve,0.1308682531800298,0.6601573094656903,,,,2024,binary_20260719_044949_c6c955a30fc2,binary_20260719_044949_c6c955a30fc2,experiments/binary_results/binary_20260719_044949_c6c955a30fc2/test_predictions.csv,f0578c61cfb8f0bbef7c58d8ab338b9d31850912e618d5abe81846aa15e5c298,Figure 4
Fig5,IH_ROC,IH,Target-local logistic,roc_curve,0.1325489896481913,0.6636832112828858,,,,2024,binary_20260719_044949_c6c955a30fc2,binary_20260719_044949_c6c955a30fc2,experiments/binary_results/binary_20260719_044949_c6c955a30fc2/test_predictions.csv,f0578c61cfb8f0bbef7c58d8ab338b9d31850912e618d5abe81846aa15e5c298,Figure 4
Fig5,IH_ROC,IH,Target-local logistic,roc_curve,0.13400053477978532,0.6672091131000814,,,,2024,binary_20260719_044949_c6c955a30fc2,binary_20260719_044949_c6c955a30fc2,experiments/binary_results/binary_20260719_044949_c6c955a30fc2/test_predictions.csv,f0578c61cfb8f0bbef7c58d8ab338b9d31850912e618d5abe81846aa15e5c298,Figure 4
Fig5,IH_ROC,IH,Target-local logistic,roc_curve,0.13675083081859507,0.6710062381339843,,,,2024,binary_20260719_044949_c6c955a30fc2,binary_20260719_044949_c6c955a30fc2,experiments/binary_results/binary_20260719_044949_c6c955a30fc2/test_predictions.csv,f0578c61cfb8f0bbef7c58d8ab338b9d31850912e618d5abe81846aa15e5c298,Figure 4
Fig5,IH_ROC,IH,Target-local logistic,roc_curve,0.13789678750143244,0.6750745863845945,,,,2024,binary_20260719_044949_c6c955a30fc2,binary_20260719_044949_c6c955a30fc2,experiments/binary_results/binary_20260719_044949_c6c955a30fc2/test_predictions.csv,f0578c61cfb8f0bbef7c58d8ab338b9d31850912e618d5abe81846aa15e5c298,Figure 4
Fig5,IH_ROC,IH,Target-local logistic,roc_curve,0.1395011268574048,0.6783292649850827,,,,2024,binary_20260719_044949_c6c955a30fc2,binary_20260719_044949_c6c955a30fc2,experiments/binary_results/binary_20260719_044949_c6c955a30fc2/test_predictions.csv,f0578c61cfb8f0bbef7c58d8ab338b9d31850912e618d5abe81846aa15e5c298,Figure 4
Fig5,IH_ROC,IH,Target-local logistic,roc_curve,0.1413728561060392,0.6823976132356929,,,,2024,binary_20260719_044949_c6c955a30fc2,binary_20260719_044949_c6c955a30fc2,experiments/binary_results/binary_20260719_044949_c6c955a30fc2/test_predictions.csv,f0578c61cfb8f0bbef7c58d8ab338b9d31850912e618d5abe81846aa15e5c298,Figure 4
Fig5,IH_ROC,IH,Target-local logistic,roc_curve,0.1441613507009435,0.6861947382695959,,,,2024,binary_20260719_044949_c6c955a30fc2,binary_20260719_044949_c6c955a30fc2,experiments/binary_results/binary_20260719_044949_c6c955a30fc2/test_predictions.csv,f0578c61cfb8f0bbef7c58d8ab338b9d31850912e618d5abe81846aa15e5c298,Figure 4
Fig5,IH_ROC,IH,Target-local logistic,roc_curve,0.14576569005691584,0.6899918633034988,,,,2024,binary_20260719_044949_c6c955a30fc2,binary_20260719_044949_c6c955a30fc2,experiments/binary_results/binary_20260719_044949_c6c955a30fc2/test_predictions.csv,f0578c61cfb8f0bbef7c58d8ab338b9d31850912e618d5abe81846aa15e5c298,Figure 4
Fig5,IH_ROC,IH,Target-local logistic,roc_curve,0.14786661064211773,0.6932465419039869,,,,2024,binary_20260719_044949_c6c955a30fc2,binary_20260719_044949_c6c955a30fc2,experiments/binary_results/binary_20260719_044949_c6c955a30fc2/test_predictions.csv,f0578c61cfb8f0bbef7c58d8ab338b9d31850912e618d5abe81846aa15e5c298,Figure 4
Fig5,IH_ROC,IH,Target-local logistic,roc_curve,0.1514572749150082,0.6967724437211825,,,,2024,binary_20260719_044949_c6c955a30fc2,binary_20260719_044949_c6c955a30fc2,experiments/binary_results/binary_20260719_044949_c6c955a30fc2/test_predictions.csv,f0578c61cfb8f0bbef7c58d8ab338b9d31850912e618d5abe81846aa15e5c298,Figure 4
Fig5,IH_ROC,IH,Target-local logistic,roc_curve,0.15344359983192635,0.7016544616219148,,,,2024,binary_20260719_044949_c6c955a30fc2,binary_20260719_044949_c6c955a30fc2,experiments/binary_results/binary_20260719_044949_c6c955a30fc2/test_predictions.csv,f0578c61cfb8f0bbef7c58d8ab338b9d31850912e618d5abe81846aa15e5c298,Figure 4
Fig5,IH_ROC,IH,Target-local logistic,roc_curve,0.15458955651476375,0.7051803634391104,,,,2024,binary_20260719_044949_c6c955a30fc2,binary_20260719_044949_c6c955a30fc2,experiments/binary_results/binary_20260719_044949_c6c955a30fc2/test_predictions.csv,f0578c61cfb8f0bbef7c58d8ab338b9d31850912e618d5abe81846aa15e5c298,Figure 4
Fig5,IH_ROC,IH,Target-local logistic,roc_curve,0.1567668742121548,0.7092487116897206,,,,2024,binary_20260719_044949_c6c955a30fc2,binary_20260719_044949_c6c955a30fc2,experiments/binary_results/binary_20260719_044949_c6c955a30fc2/test_predictions.csv,f0578c61cfb8f0bbef7c58d8ab338b9d31850912e618d5abe81846aa15e5c298,Figure 4
Fig5,IH_ROC,IH,Target-local logistic,roc_curve,0.1608541197142748,0.7125033902902088,,,,2024,binary_20260719_044949_c6c955a30fc2,binary_20260719_044949_c6c955a30fc2,experiments/binary_results/binary_20260719_044949_c6c955a30fc2/test_predictions.csv,f0578c61cfb8f0bbef7c58d8ab338b9d31850912e618d5abe81846aa15e5c298,Figure 4
Fig5,IH_ROC,IH,Target-local logistic,roc_curve,0.16280224607509836,0.7165717385408191,,,,2024,binary_20260719_044949_c6c955a30fc2,binary_20260719_044949_c6c955a30fc2,experiments/binary_results/binary_20260719_044949_c6c955a30fc2/test_predictions.csv,f0578c61cfb8f0bbef7c58d8ab338b9d31850912e618d5abe81846aa15e5c298,Figure 4
Fig5,IH_ROC,IH,Target-local logistic,roc_curve,0.16455937965544903,0.7198264171413074,,,,2024,binary_20260719_044949_c6c955a30fc2,binary_20260719_044949_c6c955a30fc2,experiments/binary_results/binary_20260719_044949_c6c955a30fc2/test_predictions.csv,f0578c61cfb8f0bbef7c58d8ab338b9d31850912e618d5abe81846aa15e5c298,Figure 4
Fig5,IH_ROC,IH,Target-local logistic,roc_curve,0.1673860728064479,0.7255221046921616,,,,2024,binary_20260719_044949_c6c955a30fc2,binary_20260719_044949_c6c955a30fc2,experiments/binary_results/binary_20260719_044949_c6c955a30fc2/test_predictions.csv,f0578c61cfb8f0bbef7c58d8ab338b9d31850912e618d5abe81846aa15e5c298,Figure 4
Fig5,IH_ROC,IH,Target-local logistic,roc_curve,0.17048015585010887,0.7293192297260646,,,,2024,binary_20260719_044949_c6c955a30fc2,binary_20260719_044949_c6c955a30fc2,experiments/binary_results/binary_20260719_044949_c6c955a30fc2/test_predictions.csv,f0578c61cfb8f0bbef7c58d8ab338b9d31850912e618d5abe81846aa15e5c298,Figure 4
Fig5,IH_ROC,IH,Target-local logistic,roc_curve,0.17254287787921616,0.7331163547599675,,,,2024,binary_20260719_044949_c6c955a30fc2,binary_20260719_044949_c6c955a30fc2,experiments/binary_results/binary_20260719_044949_c6c955a30fc2/test_predictions.csv,f0578c61cfb8f0bbef7c58d8ab338b9d31850912e618d5abe81846aa15e5c298,Figure 4
Fig5,IH_ROC,IH,Target-local logistic,roc_curve,0.17479659268879635,0.7371847030105777,,,,2024,binary_20260719_044949_c6c955a30fc2,binary_20260719_044949_c6c955a30fc2,experiments/binary_results/binary_20260719_044949_c6c955a30fc2/test_predictions.csv,f0578c61cfb8f0bbef7c58d8ab338b9d31850912e618d5abe81846aa15e5c298,Figure 4
Fig5,IH_ROC,IH,Target-local logistic,roc_curve,0.1769739103861874,0.741253051261188,,,,2024,binary_20260719_044949_c6c955a30fc2,binary_20260719_044949_c6c955a30fc2,experiments/binary_results/binary_20260719_044949_c6c955a30fc2/test_predictions.csv,f0578c61cfb8f0bbef7c58d8ab338b9d31850912e618d5abe81846aa15e5c298,Figure 4
Fig5,IH_ROC,IH,Target-local logistic,roc_curve,0.18044997899079415,0.7447789530783835,,,,2024,binary_20260719_044949_c6c955a30fc2,binary_20260719_044949_c6c955a30fc2,experiments/binary_results/binary_20260719_044949_c6c955a30fc2/test_predictions.csv,f0578c61cfb8f0bbef7c58d8ab338b9d31850912e618d5abe81846aa15e5c298,Figure 4
Fig5,IH_ROC,IH,Target-local logistic,roc_curve,0.1829710836930364,0.7480336316788717,,,,2024,binary_20260719_044949_c6c955a30fc2,binary_20260719_044949_c6c955a30fc2,experiments/binary_results/binary_20260719_044949_c6c955a30fc2/test_predictions.csv,f0578c61cfb8f0bbef7c58d8ab338b9d31850912e618d5abe81846aa15e5c298,Figure 4
Fig5,IH_ROC,IH,Target-local logistic,roc_curve,0.18511020283433285,0.7512883102793599,,,,2024,binary_20260719_044949_c6c955a30fc2,binary_20260719_044949_c6c955a30fc2,experiments/binary_results/binary_20260719_044949_c6c955a30fc2/test_predictions.csv,f0578c61cfb8f0bbef7c58d8ab338b9d31850912e618d5abe81846aa15e5c298,Figure 4
Fig5,IH_ROC,IH,Target-local logistic,roc_curve,0.1871347263073456,0.7556278817466775,,,,2024,binary_20260719_044949_c6c955a30fc2,binary_20260719_044949_c6c955a30fc2,experiments/binary_results/binary_20260719_044949_c6c955a30fc2/test_predictions.csv,f0578c61cfb8f0bbef7c58d8ab338b9d31850912e618d5abe81846aa15e5c298,Figure 4
Fig5,IH_ROC,IH,Target-local logistic,roc_curve,0.19103097902899271,0.7596962299972878,,,,2024,binary_20260719_044949_c6c955a30fc2,binary_20260719_044949_c6c955a30fc2,experiments/binary_results/binary_20260719_044949_c6c955a30fc2/test_predictions.csv,f0578c61cfb8f0bbef7c58d8ab338b9d31850912e618d5abe81846aa15e5c298,Figure 4
Fig5,IH_ROC,IH,Target-local logistic,roc_curve,0.19465984185797777,0.7640358014646054,,,,2024,binary_20260719_044949_c6c955a30fc2,binary_20260719_044949_c6c955a30fc2,experiments/binary_results/binary_20260719_044949_c6c955a30fc2/test_predictions.csv,f0578c61cfb8f0bbef7c58d8ab338b9d31850912e618d5abe81846aa15e5c298,Figure 4
Fig5,IH_ROC,IH,Target-local logistic,roc_curve,0.19771572634554413,0.7678329264985083,,,,2024,binary_20260719_044949_c6c955a30fc2,binary_20260719_044949_c6c955a30fc2,experiments/binary_results/binary_20260719_044949_c6c955a30fc2/test_predictions.csv,f0578c61cfb8f0bbef7c58d8ab338b9d31850912e618d5abe81846aa15e5c298,Figure 4
Fig5,IH_ROC,IH,Target-local logistic,roc_curve,0.20142098628671837,0.7716300515324112,,,,2024,binary_20260719_044949_c6c955a30fc2,binary_20260719_044949_c6c955a30fc2,experiments/binary_results/binary_20260719_044949_c6c955a30fc2/test_predictions.csv,f0578c61cfb8f0bbef7c58d8ab338b9d31850912e618d5abe81846aa15e5c298,Figure 4
Fig5,IH_ROC,IH,Target-local logistic,roc_curve,0.20592841590587876,0.7756983997830215,,,,2024,binary_20260719_044949_c6c955a30fc2,binary_20260719_044949_c6c955a30fc2,experiments/binary_results/binary_20260719_044949_c6c955a30fc2/test_predictions.csv,f0578c61cfb8f0bbef7c58d8ab338b9d31850912e618d5abe81846aa15e5c298,Figure 4
Fig5,IH_ROC,IH,Target-local logistic,roc_curve,0.21230757477367357,0.7789530783835096,,,,2024,binary_20260719_044949_c6c955a30fc2,binary_20260719_044949_c6c955a30fc2,experiments/binary_results/binary_20260719_044949_c6c955a30fc2/test_predictions.csv,f0578c61cfb8f0bbef7c58d8ab338b9d31850912e618d5abe81846aa15e5c298,Figure 4
Fig5,IH_ROC,IH,Target-local logistic,roc_curve,0.21574544482218572,0.7822077569839978,,,,2024,binary_20260719_044949_c6c955a30fc2,binary_20260719_044949_c6c955a30fc2,experiments/binary_results/binary_20260719_044949_c6c955a30fc2/test_predictions.csv,f0578c61cfb8f0bbef7c58d8ab338b9d31850912e618d5abe81846aa15e5c298,Figure 4
Fig5,IH_ROC,IH,Target-local logistic,roc_curve,0.2189541235341304,0.7862761052346081,,,,2024,binary_20260719_044949_c6c955a30fc2,binary_20260719_044949_c6c955a30fc2,experiments/binary_results/binary_20260719_044949_c6c955a30fc2/test_predictions.csv,f0578c61cfb8f0bbef7c58d8ab338b9d31850912e618d5abe81846aa15e5c298,Figure 4
Fig5,IH_ROC,IH,Target-local logistic,roc_curve,0.22067305855838648,0.7895307838350963,,,,2024,binary_20260719_044949_c6c955a30fc2,binary_20260719_044949_c6c955a30fc2,experiments/binary_results/binary_20260719_044949_c6c955a30fc2/test_predictions.csv,f0578c61cfb8f0bbef7c58d8ab338b9d31850912e618d5abe81846aa15e5c298,Figure 4
Fig5,IH_ROC,IH,Target-local logistic,roc_curve,0.22372894304595287,0.7930566856522918,,,,2024,binary_20260719_044949_c6c955a30fc2,binary_20260719_044949_c6c955a30fc2,experiments/binary_results/binary_20260719_044949_c6c955a30fc2/test_predictions.csv,f0578c61cfb8f0bbef7c58d8ab338b9d31850912e618d5abe81846aa15e5c298,Figure 4
Fig5,IH_ROC,IH,Target-local logistic,roc_curve,0.22934413079185606,0.7968538106861948,,,,2024,binary_20260719_044949_c6c955a30fc2,binary_20260719_044949_c6c955a30fc2,experiments/binary_results/binary_20260719_044949_c6c955a30fc2/test_predictions.csv,f0578c61cfb8f0bbef7c58d8ab338b9d31850912e618d5abe81846aa15e5c298,Figure 4
Fig5,IH_ROC,IH,Target-local logistic,roc_curve,0.23385156041101646,0.8003797125033902,,,,2024,binary_20260719_044949_c6c955a30fc2,binary_20260719_044949_c6c955a30fc2,experiments/binary_results/binary_20260719_044949_c6c955a30fc2/test_predictions.csv,f0578c61cfb8f0bbef7c58d8ab338b9d31850912e618d5abe81846aa15e5c298,Figure 4
Fig5,IH_ROC,IH,Target-local logistic,roc_curve,0.23721303334733948,0.8041768375372932,,,,2024,binary_20260719_044949_c6c955a30fc2,binary_20260719_044949_c6c955a30fc2,experiments/binary_results/binary_20260719_044949_c6c955a30fc2/test_predictions.csv,f0578c61cfb8f0bbef7c58d8ab338b9d31850912e618d5abe81846aa15e5c298,Figure 4
Fig5,IH_ROC,IH,Target-local logistic,roc_curve,0.2405363077275679,0.8074315161377814,,,,2024,binary_20260719_044949_c6c955a30fc2,binary_20260719_044949_c6c955a30fc2,experiments/binary_results/binary_20260719_044949_c6c955a30fc2/test_predictions.csv,f0578c61cfb8f0bbef7c58d8ab338b9d31850912e618d5abe81846aa15e5c298,Figure 4
Fig5,IH_ROC,IH,Target-local logistic,roc_curve,0.2478704304977272,0.810957417954977,,,,2024,binary_20260719_044949_c6c955a30fc2,binary_20260719_044949_c6c955a30fc2,experiments/binary_results/binary_20260719_044949_c6c955a30fc2/test_predictions.csv,f0578c61cfb8f0bbef7c58d8ab338b9d31850912e618d5abe81846aa15e5c298,Figure 4
Fig5,IH_ROC,IH,Target-local logistic,roc_curve,0.25042973375606403,0.8147545429888798,,,,2024,binary_20260719_044949_c6c955a30fc2,binary_20260719_044949_c6c955a30fc2,experiments/binary_results/binary_20260719_044949_c6c955a30fc2/test_predictions.csv,f0578c61cfb8f0bbef7c58d8ab338b9d31850912e618d5abe81846aa15e5c298,Figure 4
Fig5,IH_ROC,IH,Target-local logistic,roc_curve,0.2547843691508461,0.8182804448060754,,,,2024,binary_20260719_044949_c6c955a30fc2,binary_20260719_044949_c6c955a30fc2,experiments/binary_results/binary_20260719_044949_c6c955a30fc2/test_predictions.csv,f0578c61cfb8f0bbef7c58d8ab338b9d31850912e618d5abe81846aa15e5c298,Figure 4
Fig5,IH_ROC,IH,Target-local logistic,roc_curve,0.25822223919935827,0.8220775698399783,,,,2024,binary_20260719_044949_c6c955a30fc2,binary_20260719_044949_c6c955a30fc2,experiments/binary_results/binary_20260719_044949_c6c955a30fc2/test_predictions.csv,f0578c61cfb8f0bbef7c58d8ab338b9d31850912e618d5abe81846aa15e5c298,Figure 4
Fig5,IH_ROC,IH,Target-local logistic,roc_curve,0.2613163222430192,0.8258746948738812,,,,2024,binary_20260719_044949_c6c955a30fc2,binary_20260719_044949_c6c955a30fc2,experiments/binary_results/binary_20260719_044949_c6c955a30fc2/test_predictions.csv,f0578c61cfb8f0bbef7c58d8ab338b9d31850912e618d5abe81846aa15e5c298,Figure 4
Fig5,IH_ROC,IH,Target-local logistic,roc_curve,0.2650215821841934,0.8291293734743694,,,,2024,binary_20260719_044949_c6c955a30fc2,binary_20260719_044949_c6c955a30fc2,experiments/binary_results/binary_20260719_044949_c6c955a30fc2/test_predictions.csv,f0578c61cfb8f0bbef7c58d8ab338b9d31850912e618d5abe81846aa15e5c298,Figure 4
Fig5,IH_ROC,IH,Target-local logistic,roc_curve,0.2697200045838267,0.8331977217249796,,,,2024,binary_20260719_044949_c6c955a30fc2,binary_20260719_044949_c6c955a30fc2,experiments/binary_results/binary_20260719_044949_c6c955a30fc2/test_predictions.csv,f0578c61cfb8f0bbef7c58d8ab338b9d31850912e618d5abe81846aa15e5c298,Figure 4
Fig5,IH_ROC,IH,Target-local logistic,roc_curve,0.2726230948470148,0.8364524003254679,,,,2024,binary_20260719_044949_c6c955a30fc2,binary_20260719_044949_c6c955a30fc2,experiments/binary_results/binary_20260719_044949_c6c955a30fc2/test_predictions.csv,f0578c61cfb8f0bbef7c58d8ab338b9d31850912e618d5abe81846aa15e5c298,Figure 4
Fig5,IH_ROC,IH,Target-local logistic,roc_curve,0.27751251002712096,0.8397070789259561,,,,2024,binary_20260719_044949_c6c955a30fc2,binary_20260719_044949_c6c955a30fc2,experiments/binary_results/binary_20260719_044949_c6c955a30fc2/test_predictions.csv,f0578c61cfb8f0bbef7c58d8ab338b9d31850912e618d5abe81846aa15e5c298,Figure 4
Fig5,IH_ROC,IH,Target-local logistic,roc_curve,0.28137056419267353,0.8429617575264443,,,,2024,binary_20260719_044949_c6c955a30fc2,binary_20260719_044949_c6c955a30fc2,experiments/binary_results/binary_20260719_044949_c6c955a30fc2/test_predictions.csv,f0578c61cfb8f0bbef7c58d8ab338b9d31850912e618d5abe81846aa15e5c298,Figure 4
Fig5,IH_ROC,IH,Target-local logistic,roc_curve,0.2843882501241453,0.8464876593436398,,,,2024,binary_20260719_044949_c6c955a30fc2,binary_20260719_044949_c6c955a30fc2,experiments/binary_results/binary_20260719_044949_c6c955a30fc2/test_predictions.csv,f0578c61cfb8f0bbef7c58d8ab338b9d31850912e618d5abe81846aa15e5c298,Figure 4
Fig5,IH_ROC,IH,Target-local logistic,roc_curve,0.28767332594827916,0.8502847843775427,,,,2024,binary_20260719_044949_c6c955a30fc2,binary_20260719_044949_c6c955a30fc2,experiments/binary_results/binary_20260719_044949_c6c955a30fc2/test_predictions.csv,f0578c61cfb8f0bbef7c58d8ab338b9d31850912e618d5abe81846aa15e5c298,Figure 4
Fig5,IH_ROC,IH,Target-local logistic,roc_curve,0.2918751671186829,0.8538106861947383,,,,2024,binary_20260719_044949_c6c955a30fc2,binary_20260719_044949_c6c955a30fc2,experiments/binary_results/binary_20260719_044949_c6c955a30fc2/test_predictions.csv,f0578c61cfb8f0bbef7c58d8ab338b9d31850912e618d5abe81846aa15e5c298,Figure 4
Fig5,IH_ROC,IH,Target-local logistic,roc_curve,0.2968027808548837,0.8576078112286412,,,,2024,binary_20260719_044949_c6c955a30fc2,binary_20260719_044949_c6c955a30fc2,experiments/binary_results/binary_20260719_044949_c6c955a30fc2/test_predictions.csv,f0578c61cfb8f0bbef7c58d8ab338b9d31850912e618d5abe81846aa15e5c298,Figure 4
Fig5,IH_ROC,IH,Target-local logistic,roc_curve,0.29913289277665306,0.8611337130458367,,,,2024,binary_20260719_044949_c6c955a30fc2,binary_20260719_044949_c6c955a30fc2,experiments/binary_results/binary_20260719_044949_c6c955a30fc2/test_predictions.csv,f0578c61cfb8f0bbef7c58d8ab338b9d31850912e618d5abe81846aa15e5c298,Figure 4
Fig5,IH_ROC,IH,Target-local logistic,roc_curve,0.3031437411665839,0.8649308380797396,,,,2024,binary_20260719_044949_c6c955a30fc2,binary_20260719_044949_c6c955a30fc2,experiments/binary_results/binary_20260719_044949_c6c955a30fc2/test_predictions.csv,f0578c61cfb8f0bbef7c58d8ab338b9d31850912e618d5abe81846aa15e5c298,Figure 4
Fig5,IH_ROC,IH,Target-local logistic,roc_curve,0.3077275678979335,0.8681855166802278,,,,2024,binary_20260719_044949_c6c955a30fc2,binary_20260719_044949_c6c955a30fc2,experiments/binary_results/binary_20260719_044949_c6c955a30fc2/test_predictions.csv,f0578c61cfb8f0bbef7c58d8ab338b9d31850912e618d5abe81846aa15e5c298,Figure 4
Fig5,IH_ROC,IH,Target-local logistic,roc_curve,0.3138393368730662,0.8719826417141308,,,,2024,binary_20260719_044949_c6c955a30fc2,binary_20260719_044949_c6c955a30fc2,experiments/binary_results/binary_20260719_044949_c6c955a30fc2/test_predictions.csv,f0578c61cfb8f0bbef7c58d8ab338b9d31850912e618d5abe81846aa15e5c298,Figure 4
Fig5,IH_ROC,IH,Target-local logistic,roc_curve,0.3188433477214561,0.875237320314619,,,,2024,binary_20260719_044949_c6c955a30fc2,binary_20260719_044949_c6c955a30fc2,experiments/binary_results/binary_20260719_044949_c6c955a30fc2/test_predictions.csv,f0578c61cfb8f0bbef7c58d8ab338b9d31850912e618d5abe81846aa15e5c298,Figure 4
Fig5,IH_ROC,IH,Target-local logistic,roc_curve,0.32442033691126476,0.8790344453485218,,,,2024,binary_20260719_044949_c6c955a30fc2,binary_20260719_044949_c6c955a30fc2,experiments/binary_results/binary_20260719_044949_c6c955a30fc2/test_predictions.csv,f0578c61cfb8f0bbef7c58d8ab338b9d31850912e618d5abe81846aa15e5c298,Figure 4
Fig5,IH_ROC,IH,Target-local logistic,roc_curve,0.3280873982963444,0.8820179007323027,,,,2024,binary_20260719_044949_c6c955a30fc2,binary_20260719_044949_c6c955a30fc2,experiments/binary_results/binary_20260719_044949_c6c955a30fc2/test_predictions.csv,f0578c61cfb8f0bbef7c58d8ab338b9d31850912e618d5abe81846aa15e5c298,Figure 4
Fig5,IH_ROC,IH,Target-local logistic,roc_curve,0.3333206004813018,0.8855438025494983,,,,2024,binary_20260719_044949_c6c955a30fc2,binary_20260719_044949_c6c955a30fc2,experiments/binary_results/binary_20260719_044949_c6c955a30fc2/test_predictions.csv,f0578c61cfb8f0bbef7c58d8ab338b9d31850912e618d5abe81846aa15e5c298,Figure 4
Fig5,IH_ROC,IH,Target-local logistic,roc_curve,0.3417624813782039,0.8887984811499864,,,,2024,binary_20260719_044949_c6c955a30fc2,binary_20260719_044949_c6c955a30fc2,experiments/binary_results/binary_20260719_044949_c6c955a30fc2/test_predictions.csv,f0578c61cfb8f0bbef7c58d8ab338b9d31850912e618d5abe81846aa15e5c298,Figure 4
Fig5,IH_ROC,IH,Target-local logistic,roc_curve,0.34615531532908056,0.8925956061838893,,,,2024,binary_20260719_044949_c6c955a30fc2,binary_20260719_044949_c6c955a30fc2,experiments/binary_results/binary_20260719_044949_c6c955a30fc2/test_predictions.csv,f0578c61cfb8f0bbef7c58d8ab338b9d31850912e618d5abe81846aa15e5c298,Figure 4
Fig5,IH_ROC,IH,Target-local logistic,roc_curve,0.35822605905496774,0.8955790615676702,,,,2024,binary_20260719_044949_c6c955a30fc2,binary_20260719_044949_c6c955a30fc2,experiments/binary_results/binary_20260719_044949_c6c955a30fc2/test_predictions.csv,f0578c61cfb8f0bbef7c58d8ab338b9d31850912e618d5abe81846aa15e5c298,Figure 4
Fig5,IH_ROC,IH,Target-local logistic,roc_curve,0.3618167233278582,0.8988337401681584,,,,2024,binary_20260719_044949_c6c955a30fc2,binary_20260719_044949_c6c955a30fc2,experiments/binary_results/binary_20260719_044949_c6c955a30fc2/test_predictions.csv,f0578c61cfb8f0bbef7c58d8ab338b9d31850912e618d5abe81846aa15e5c298,Figure 4
Fig5,IH_ROC,IH,Target-local logistic,roc_curve,0.36773749952251805,0.9020884187686466,,,,2024,binary_20260719_044949_c6c955a30fc2,binary_20260719_044949_c6c955a30fc2,experiments/binary_results/binary_20260719_044949_c6c955a30fc2/test_predictions.csv,f0578c61cfb8f0bbef7c58d8ab338b9d31850912e618d5abe81846aa15e5c298,Figure 4
Fig5,IH_ROC,IH,Target-local logistic,roc_curve,0.37705794720959546,0.9058855438025496,,,,2024,binary_20260719_044949_c6c955a30fc2,binary_20260719_044949_c6c955a30fc2,experiments/binary_results/binary_20260719_044949_c6c955a30fc2/test_predictions.csv,f0578c61cfb8f0bbef7c58d8ab338b9d31850912e618d5abe81846aa15e5c298,Figure 4
Fig5,IH_ROC,IH,Target-local logistic,roc_curve,0.3834371060773903,0.9088689991863304,,,,2024,binary_20260719_044949_c6c955a30fc2,binary_20260719_044949_c6c955a30fc2,experiments/binary_results/binary_20260719_044949_c6c955a30fc2/test_predictions.csv,f0578c61cfb8f0bbef7c58d8ab338b9d31850912e618d5abe81846aa15e5c298,Figure 4
Fig5,IH_ROC,IH,Target-local logistic,roc_curve,0.391000420184117,0.912394901003526,,,,2024,binary_20260719_044949_c6c955a30fc2,binary_20260719_044949_c6c955a30fc2,experiments/binary_results/binary_20260719_044949_c6c955a30fc2/test_predictions.csv,f0578c61cfb8f0bbef7c58d8ab338b9d31850912e618d5abe81846aa15e5c298,Figure 4
Fig5,IH_ROC,IH,Target-local logistic,roc_curve,0.39848733717865464,0.9159208028207214,,,,2024,binary_20260719_044949_c6c955a30fc2,binary_20260719_044949_c6c955a30fc2,experiments/binary_results/binary_20260719_044949_c6c955a30fc2/test_predictions.csv,f0578c61cfb8f0bbef7c58d8ab338b9d31850912e618d5abe81846aa15e5c298,Figure 4
Fig5,IH_ROC,IH,Target-local logistic,roc_curve,0.40425531914893614,0.9191754814212096,,,,2024,binary_20260719_044949_c6c955a30fc2,binary_20260719_044949_c6c955a30fc2,experiments/binary_results/binary_20260719_044949_c6c955a30fc2/test_predictions.csv,f0578c61cfb8f0bbef7c58d8ab338b9d31850912e618d5abe81846aa15e5c298,Figure 4
Fig5,IH_ROC,IH,Target-local logistic,roc_curve,0.4125826043775545,0.922430160021698,,,,2024,binary_20260719_044949_c6c955a30fc2,binary_20260719_044949_c6c955a30fc2,experiments/binary_results/binary_20260719_044949_c6c955a30fc2/test_predictions.csv,f0578c61cfb8f0bbef7c58d8ab338b9d31850912e618d5abe81846aa15e5c298,Figure 4
Fig5,IH_ROC,IH,Target-local logistic,roc_curve,0.41907635891363304,0.925684838622186,,,,2024,binary_20260719_044949_c6c955a30fc2,binary_20260719_044949_c6c955a30fc2,experiments/binary_results/binary_20260719_044949_c6c955a30fc2/test_predictions.csv,f0578c61cfb8f0bbef7c58d8ab338b9d31850912e618d5abe81846aa15e5c298,Figure 4
Fig5,IH_ROC,IH,Target-local logistic,roc_curve,0.4283968066007105,0.9297531868727964,,,,2024,binary_20260719_044949_c6c955a30fc2,binary_20260719_044949_c6c955a30fc2,experiments/binary_results/binary_20260719_044949_c6c955a30fc2/test_predictions.csv,f0578c61cfb8f0bbef7c58d8ab338b9d31850912e618d5abe81846aa15e5c298,Figure 4
Fig5,IH_ROC,IH,Target-local logistic,roc_curve,0.43553993659039686,0.9330078654732844,,,,2024,binary_20260719_044949_c6c955a30fc2,binary_20260719_044949_c6c955a30fc2,experiments/binary_results/binary_20260719_044949_c6c955a30fc2/test_predictions.csv,f0578c61cfb8f0bbef7c58d8ab338b9d31850912e618d5abe81846aa15e5c298,Figure 4
Fig5,IH_ROC,IH,Target-local logistic,roc_curve,0.44142251422896217,0.93653376729048,,,,2024,binary_20260719_044949_c6c955a30fc2,binary_20260719_044949_c6c955a30fc2,experiments/binary_results/binary_20260719_044949_c6c955a30fc2/test_predictions.csv,f0578c61cfb8f0bbef7c58d8ab338b9d31850912e618d5abe81846aa15e5c298,Figure 4
Fig5,IH_ROC,IH,Target-local logistic,roc_curve,0.45261469116467395,0.939517222674261,,,,2024,binary_20260719_044949_c6c955a30fc2,binary_20260719_044949_c6c955a30fc2,experiments/binary_results/binary_20260719_044949_c6c955a30fc2/test_predictions.csv,f0578c61cfb8f0bbef7c58d8ab338b9d31850912e618d5abe81846aa15e5c298,Figure 4
Fig5,IH_ROC,IH,Target-local logistic,roc_curve,0.4584972688032392,0.9435855709248712,,,,2024,binary_20260719_044949_c6c955a30fc2,binary_20260719_044949_c6c955a30fc2,experiments/binary_results/binary_20260719_044949_c6c955a30fc2/test_predictions.csv,f0578c61cfb8f0bbef7c58d8ab338b9d31850912e618d5abe81846aa15e5c298,Figure 4
Fig5,IH_ROC,IH,Target-local logistic,roc_curve,0.46766492226593837,0.9471114727420668,,,,2024,binary_20260719_044949_c6c955a30fc2,binary_20260719_044949_c6c955a30fc2,experiments/binary_results/binary_20260719_044949_c6c955a30fc2/test_predictions.csv,f0578c61cfb8f0bbef7c58d8ab338b9d31850912e618d5abe81846aa15e5c298,Figure 4
Fig5,IH_ROC,IH,Target-local logistic,roc_curve,0.47721456128958323,0.9506373745592622,,,,2024,binary_20260719_044949_c6c955a30fc2,binary_20260719_044949_c6c955a30fc2,experiments/binary_results/binary_20260719_044949_c6c955a30fc2/test_predictions.csv,f0578c61cfb8f0bbef7c58d8ab338b9d31850912e618d5abe81846aa15e5c298,Figure 4
Fig5,IH_ROC,IH,Target-local logistic,roc_curve,0.48515986095725583,0.9538920531597505,,,,2024,binary_20260719_044949_c6c955a30fc2,binary_20260719_044949_c6c955a30fc2,experiments/binary_results/binary_20260719_044949_c6c955a30fc2/test_predictions.csv,f0578c61cfb8f0bbef7c58d8ab338b9d31850912e618d5abe81846aa15e5c298,Figure 4
Fig5,IH_ROC,IH,Target-local logistic,roc_curve,0.4988349440391153,0.957417954976946,,,,2024,binary_20260719_044949_c6c955a30fc2,binary_20260719_044949_c6c955a30fc2,experiments/binary_results/binary_20260719_044949_c6c955a30fc2/test_predictions.csv,f0578c61cfb8f0bbef7c58d8ab338b9d31850912e618d5abe81846aa15e5c298,Figure 4
Fig5,IH_ROC,IH,Target-local logistic,roc_curve,0.5214484892471064,0.9606726335774344,,,,2024,binary_20260719_044949_c6c955a30fc2,binary_20260719_044949_c6c955a30fc2,experiments/binary_results/binary_20260719_044949_c6c955a30fc2/test_predictions.csv,f0578c61cfb8f0bbef7c58d8ab338b9d31850912e618d5abe81846aa15e5c298,Figure 4
Fig5,IH_ROC,IH,Target-local logistic,roc_curve,0.5426868864356927,0.9639273121779224,,,,2024,binary_20260719_044949_c6c955a30fc2,binary_20260719_044949_c6c955a30fc2,experiments/binary_results/binary_20260719_044949_c6c955a30fc2/test_predictions.csv,f0578c61cfb8f0bbef7c58d8ab338b9d31850912e618d5abe81846aa15e5c298,Figure 4
Fig5,IH_ROC,IH,Target-local logistic,roc_curve,0.5558653882883227,0.9671819907784106,,,,2024,binary_20260719_044949_c6c955a30fc2,binary_20260719_044949_c6c955a30fc2,experiments/binary_results/binary_20260719_044949_c6c955a30fc2/test_predictions.csv,f0578c61cfb8f0bbef7c58d8ab338b9d31850912e618d5abe81846aa15e5c298,Figure 4
Fig5,IH_ROC,IH,Target-local logistic,roc_curve,0.5745826807746667,0.9704366693788988,,,,2024,binary_20260719_044949_c6c955a30fc2,binary_20260719_044949_c6c955a30fc2,experiments/binary_results/binary_20260719_044949_c6c955a30fc2/test_predictions.csv,f0578c61cfb8f0bbef7c58d8ab338b9d31850912e618d5abe81846aa15e5c298,Figure 4
Fig5,IH_ROC,IH,Target-local logistic,roc_curve,0.5872646013980671,0.9739625711960944,,,,2024,binary_20260719_044949_c6c955a30fc2,binary_20260719_044949_c6c955a30fc2,experiments/binary_results/binary_20260719_044949_c6c955a30fc2/test_predictions.csv,f0578c61cfb8f0bbef7c58d8ab338b9d31850912e618d5abe81846aa15e5c298,Figure 4
Fig5,IH_ROC,IH,Target-local logistic,roc_curve,0.6070514534550594,0.97748847301329,,,,2024,binary_20260719_044949_c6c955a30fc2,binary_20260719_044949_c6c955a30fc2,experiments/binary_results/binary_20260719_044949_c6c955a30fc2/test_predictions.csv,f0578c61cfb8f0bbef7c58d8ab338b9d31850912e618d5abe81846aa15e5c298,Figure 4
Fig5,IH_ROC,IH,Target-local logistic,roc_curve,0.6302379770044693,0.980743151613778,,,,2024,binary_20260719_044949_c6c955a30fc2,binary_20260719_044949_c6c955a30fc2,experiments/binary_results/binary_20260719_044949_c6c955a30fc2/test_predictions.csv,f0578c61cfb8f0bbef7c58d8ab338b9d31850912e618d5abe81846aa15e5c298,Figure 4
Fig5,IH_ROC,IH,Target-local logistic,roc_curve,0.6619809771190649,0.9839978302142663,,,,2024,binary_20260719_044949_c6c955a30fc2,binary_20260719_044949_c6c955a30fc2,experiments/binary_results/binary_20260719_044949_c6c955a30fc2/test_predictions.csv,f0578c61cfb8f0bbef7c58d8ab338b9d31850912e618d5abe81846aa15e5c298,Figure 4
Fig5,IH_ROC,IH,Target-local logistic,roc_curve,0.6908972840826617,0.9872525088147546,,,,2024,binary_20260719_044949_c6c955a30fc2,binary_20260719_044949_c6c955a30fc2,experiments/binary_results/binary_20260719_044949_c6c955a30fc2/test_predictions.csv,f0578c61cfb8f0bbef7c58d8ab338b9d31850912e618d5abe81846aa15e5c298,Figure 4
Fig5,IH_ROC,IH,Target-local logistic,roc_curve,0.715764544100233,0.9905071874152428,,,,2024,binary_20260719_044949_c6c955a30fc2,binary_20260719_044949_c6c955a30fc2,experiments/binary_results/binary_20260719_044949_c6c955a30fc2/test_predictions.csv,f0578c61cfb8f0bbef7c58d8ab338b9d31850912e618d5abe81846aa15e5c298,Figure 4
Fig5,IH_ROC,IH,Target-local logistic,roc_curve,0.7724512013445892,0.9934906427990235,,,,2024,binary_20260719_044949_c6c955a30fc2,binary_20260719_044949_c6c955a30fc2,experiments/binary_results/binary_20260719_044949_c6c955a30fc2/test_predictions.csv,f0578c61cfb8f0bbef7c58d8ab338b9d31850912e618d5abe81846aa15e5c298,Figure 4
Fig5,IH_ROC,IH,Target-local logistic,roc_curve,0.8655028839909852,0.9967453213995118,,,,2024,binary_20260719_044949_c6c955a30fc2,binary_20260719_044949_c6c955a30fc2,experiments/binary_results/binary_20260719_044949_c6c955a30fc2/test_predictions.csv,f0578c61cfb8f0bbef7c58d8ab338b9d31850912e618d5abe81846aa15e5c298,Figure 4
Fig5,IH_ROC,IH,Target-local logistic,roc_curve,1.0,1.0,,,,2024,binary_20260719_044949_c6c955a30fc2,binary_20260719_044949_c6c955a30fc2,experiments/binary_results/binary_20260719_044949_c6c955a30fc2/test_predictions.csv,f0578c61cfb8f0bbef7c58d8ab338b9d31850912e618d5abe81846aa15e5c298,Figure 4
Fig5,IH_PR,IH,Target-local logistic,precision_recall_curve,1.0,0.1234514163262572,,,,2024,binary_20260719_044949_c6c955a30fc2,binary_20260719_044949_c6c955a30fc2,experiments/binary_results/binary_20260719_044949_c6c955a30fc2/test_predictions.csv,f0578c61cfb8f0bbef7c58d8ab338b9d31850912e618d5abe81846aa15e5c298,Figure 4
Fig5,IH_PR,IH,Target-local logistic,precision_recall_curve,1.0,0.1240745726208103,,,,2024,binary_20260719_044949_c6c955a30fc2,binary_20260719_044949_c6c955a30fc2,experiments/binary_results/binary_20260719_044949_c6c955a30fc2/test_predictions.csv,f0578c61cfb8f0bbef7c58d8ab338b9d31850912e618d5abe81846aa15e5c298,Figure 4
Fig5,IH_PR,IH,Target-local logistic,precision_recall_curve,1.0,0.1247040519515659,,,,2024,binary_20260719_044949_c6c955a30fc2,binary_20260719_044949_c6c955a30fc2,experiments/binary_results/binary_20260719_044949_c6c955a30fc2/test_predictions.csv,f0578c61cfb8f0bbef7c58d8ab338b9d31850912e618d5abe81846aa15e5c298,Figure 4
Fig5,IH_PR,IH,Target-local logistic,precision_recall_curve,1.0,0.1253399510470492,,,,2024,binary_20260719_044949_c6c955a30fc2,binary_20260719_044949_c6c955a30fc2,experiments/binary_results/binary_20260719_044949_c6c955a30fc2/test_predictions.csv,f0578c61cfb8f0bbef7c58d8ab338b9d31850912e618d5abe81846aa15e5c298,Figure 4
Fig5,IH_PR,IH,Target-local logistic,precision_recall_curve,0.9997287767832926,0.1259481992756099,,,,2024,binary_20260719_044949_c6c955a30fc2,binary_20260719_044949_c6c955a30fc2,experiments/binary_results/binary_20260719_044949_c6c955a30fc2/test_predictions.csv,f0578c61cfb8f0bbef7c58d8ab338b9d31850912e618d5abe81846aa15e5c298,Figure 4
Fig5,IH_PR,IH,Target-local logistic,precision_recall_curve,0.9997287767832926,0.1265970600357192,,,,2024,binary_20260719_044949_c6c955a30fc2,binary_20260719_044949_c6c955a30fc2,experiments/binary_results/binary_20260719_044949_c6c955a30fc2/test_predictions.csv,f0578c61cfb8f0bbef7c58d8ab338b9d31850912e618d5abe81846aa15e5c298,Figure 4
Fig5,IH_PR,IH,Target-local logistic,precision_recall_curve,0.9997287767832926,0.1272526410274114,,,,2024,binary_20260719_044949_c6c955a30fc2,binary_20260719_044949_c6c955a30fc2,experiments/binary_results/binary_20260719_044949_c6c955a30fc2/test_predictions.csv,f0578c61cfb8f0bbef7c58d8ab338b9d31850912e618d5abe81846aa15e5c298,Figure 4
Fig5,IH_PR,IH,Target-local logistic,precision_recall_curve,0.9997287767832926,0.1279150471960022,,,,2024,binary_20260719_044949_c6c955a30fc2,binary_20260719_044949_c6c955a30fc2,experiments/binary_results/binary_20260719_044949_c6c955a30fc2/test_predictions.csv,f0578c61cfb8f0bbef7c58d8ab338b9d31850912e618d5abe81846aa15e5c298,Figure 4
Fig5,IH_PR,IH,Target-local logistic,precision_recall_curve,0.9997287767832926,0.1285843856833879,,,,2024,binary_20260719_044949_c6c955a30fc2,binary_20260719_044949_c6c955a30fc2,experiments/binary_results/binary_20260719_044949_c6c955a30fc2/test_predictions.csv,f0578c61cfb8f0bbef7c58d8ab338b9d31850912e618d5abe81846aa15e5c298,Figure 4
Fig5,IH_PR,IH,Target-local logistic,precision_recall_curve,0.9997287767832926,0.1292607658858185,,,,2024,binary_20260719_044949_c6c955a30fc2,binary_20260719_044949_c6c955a30fc2,experiments/binary_results/binary_20260719_044949_c6c955a30fc2/test_predictions.csv,f0578c61cfb8f0bbef7c58d8ab338b9d31850912e618d5abe81846aa15e5c298,Figure 4
Fig5,IH_PR,IH,Target-local logistic,precision_recall_curve,0.9994575535665853,0.129909046041035,,,,2024,binary_20260719_044949_c6c955a30fc2,binary_20260719_044949_c6c955a30fc2,experiments/binary_results/binary_20260719_044949_c6c955a30fc2/test_predictions.csv,f0578c61cfb8f0bbef7c58d8ab338b9d31850912e618d5abe81846aa15e5c298,Figure 4
Fig5,IH_PR,IH,Target-local logistic,precision_recall_curve,0.9991863303498779,0.1305642188829033,,,,2024,binary_20260719_044949_c6c955a30fc2,binary_20260719_044949_c6c955a30fc2,experiments/binary_results/binary_20260719_044949_c6c955a30fc2/test_predictions.csv,f0578c61cfb8f0bbef7c58d8ab338b9d31850912e618d5abe81846aa15e5c298,Figure 4
Fig5,IH_PR,IH,Target-local logistic,precision_recall_curve,0.9991863303498779,0.1312620252262524,,,,2024,binary_20260719_044949_c6c955a30fc2,binary_20260719_044949_c6c955a30fc2,experiments/binary_results/binary_20260719_044949_c6c955a30fc2/test_predictions.csv,f0578c61cfb8f0bbef7c58d8ab338b9d31850912e618d5abe81846aa15e5c298,Figure 4
Fig5,IH_PR,IH,Target-local logistic,precision_recall_curve,0.9989151071331706,0.1319362349991044,,,,2024,binary_20260719_044949_c6c955a30fc2,binary_20260719_044949_c6c955a30fc2,experiments/binary_results/binary_20260719_044949_c6c955a30fc2/test_predictions.csv,f0578c61cfb8f0bbef7c58d8ab338b9d31850912e618d5abe81846aa15e5c298,Figure 4
Fig5,IH_PR,IH,Target-local logistic,precision_recall_curve,0.9989151071331706,0.1326490185485323,,,,2024,binary_20260719_044949_c6c955a30fc2,binary_20260719_044949_c6c955a30fc2,experiments/binary_results/binary_20260719_044949_c6c955a30fc2/test_predictions.csv,f0578c61cfb8f0bbef7c58d8ab338b9d31850912e618d5abe81846aa15e5c298,Figure 4
Fig5,IH_PR,IH,Target-local logistic,precision_recall_curve,0.9986438839164633,0.1333333333333333,,,,2024,binary_20260719_044949_c6c955a30fc2,binary_20260719_044949_c6c955a30fc2,experiments/binary_results/binary_20260719_044949_c6c955a30fc2/test_predictions.csv,f0578c61cfb8f0bbef7c58d8ab338b9d31850912e618d5abe81846aa15e5c298,Figure 4
Fig5,IH_PR,IH,Target-local logistic,precision_recall_curve,0.9986438839164633,0.1340615328600036,,,,2024,binary_20260719_044949_c6c955a30fc2,binary_20260719_044949_c6c955a30fc2,experiments/binary_results/binary_20260719_044949_c6c955a30fc2/test_predictions.csv,f0578c61cfb8f0bbef7c58d8ab338b9d31850912e618d5abe81846aa15e5c298,Figure 4
Fig5,IH_PR,IH,Target-local logistic,precision_recall_curve,0.9983726606997559,0.1347611202635914,,,,2024,binary_20260719_044949_c6c955a30fc2,binary_20260719_044949_c6c955a30fc2,experiments/binary_results/binary_20260719_044949_c6c955a30fc2/test_predictions.csv,f0578c61cfb8f0bbef7c58d8ab338b9d31850912e618d5abe81846aa15e5c298,Figure 4
Fig5,IH_PR,IH,Target-local logistic,precision_recall_curve,0.9981014374830486,0.1354684336462359,,,,2024,binary_20260719_044949_c6c955a30fc2,binary_20260719_044949_c6c955a30fc2,experiments/binary_results/binary_20260719_044949_c6c955a30fc2/test_predictions.csv,f0578c61cfb8f0bbef7c58d8ab338b9d31850912e618d5abe81846aa15e5c298,Figure 4
Fig5,IH_PR,IH,Target-local logistic,precision_recall_curve,0.9981014374830486,0.1362206181750879,,,,2024,binary_20260719_044949_c6c955a30fc2,binary_20260719_044949_c6c955a30fc2,experiments/binary_results/binary_20260719_044949_c6c955a30fc2/test_predictions.csv,f0578c61cfb8f0bbef7c58d8ab338b9d31850912e618d5abe81846aa15e5c298,Figure 4
Fig5,IH_PR,IH,Target-local logistic,precision_recall_curve,0.9978302142663412,0.1369439791550344,,,,2024,binary_20260719_044949_c6c955a30fc2,binary_20260719_044949_c6c955a30fc2,experiments/binary_results/binary_20260719_044949_c6c955a30fc2/test_predictions.csv,f0578c61cfb8f0bbef7c58d8ab338b9d31850912e618d5abe81846aa15e5c298,Figure 4
Fig5,IH_PR,IH,Target-local logistic,precision_recall_curve,0.9975589910496339,0.1376754632229084,,,,2024,binary_20260719_044949_c6c955a30fc2,binary_20260719_044949_c6c955a30fc2,experiments/binary_results/binary_20260719_044949_c6c955a30fc2/test_predictions.csv,f0578c61cfb8f0bbef7c58d8ab338b9d31850912e618d5abe81846aa15e5c298,Figure 4
Fig5,IH_PR,IH,Target-local logistic,precision_recall_curve,0.9975589910496339,0.1384528514963297,,,,2024,binary_20260719_044949_c6c955a30fc2,binary_20260719_044949_c6c955a30fc2,experiments/binary_results/binary_20260719_044949_c6c955a30fc2/test_predictions.csv,f0578c61cfb8f0bbef7c58d8ab338b9d31850912e618d5abe81846aa15e5c298,Figure 4
Fig5,IH_PR,IH,Target-local logistic,precision_recall_curve,0.9972877678329265,0.139201211432898,,,,2024,binary_20260719_044949_c6c955a30fc2,binary_20260719_044949_c6c955a30fc2,experiments/binary_results/binary_20260719_044949_c6c955a30fc2/test_predictions.csv,f0578c61cfb8f0bbef7c58d8ab338b9d31850912e618d5abe81846aa15e5c298,Figure 4
Fig5,IH_PR,IH,Target-local logistic,precision_recall_curve,0.9967453213995118,0.1399200456881781,,,,2024,binary_20260719_044949_c6c955a30fc2,binary_20260719_044949_c6c955a30fc2,experiments/binary_results/binary_20260719_044949_c6c955a30fc2/test_predictions.csv,f0578c61cfb8f0bbef7c58d8ab338b9d31850912e618d5abe81846aa15e5c298,Figure 4
Fig5,IH_PR,IH,Target-local logistic,precision_recall_curve,0.9964740981828044,0.1406908171861836,,,,2024,binary_20260719_044949_c6c955a30fc2,binary_20260719_044949_c6c955a30fc2,experiments/binary_results/binary_20260719_044949_c6c955a30fc2/test_predictions.csv,f0578c61cfb8f0bbef7c58d8ab338b9d31850912e618d5abe81846aa15e5c298,Figure 4
Fig5,IH_PR,IH,Target-local logistic,precision_recall_curve,0.9964740981828044,0.1415036203974734,,,,2024,binary_20260719_044949_c6c955a30fc2,binary_20260719_044949_c6c955a30fc2,experiments/binary_results/binary_20260719_044949_c6c955a30fc2/test_predictions.csv,f0578c61cfb8f0bbef7c58d8ab338b9d31850912e618d5abe81846aa15e5c298,Figure 4
Fig5,IH_PR,IH,Target-local logistic,precision_recall_curve,0.9964740981828044,0.1423258696831177,,,,2024,binary_20260719_044949_c6c955a30fc2,binary_20260719_044949_c6c955a30fc2,experiments/binary_results/binary_20260719_044949_c6c955a30fc2/test_predictions.csv,f0578c61cfb8f0bbef7c58d8ab338b9d31850912e618d5abe81846aa15e5c298,Figure 4
Fig5,IH_PR,IH,Target-local logistic,precision_recall_curve,0.996202874966097,0.1431187655860349,,,,2024,binary_20260719_044949_c6c955a30fc2,binary_20260719_044949_c6c955a30fc2,experiments/binary_results/binary_20260719_044949_c6c955a30fc2/test_predictions.csv,f0578c61cfb8f0bbef7c58d8ab338b9d31850912e618d5abe81846aa15e5c298,Figure 4
Fig5,IH_PR,IH,Target-local logistic,precision_recall_curve,0.996202874966097,0.1439601787254056,,,,2024,binary_20260719_044949_c6c955a30fc2,binary_20260719_044949_c6c955a30fc2,experiments/binary_results/binary_20260719_044949_c6c955a30fc2/test_predictions.csv,f0578c61cfb8f0bbef7c58d8ab338b9d31850912e618d5abe81846aa15e5c298,Figure 4
Fig5,IH_PR,IH,Target-local logistic,precision_recall_curve,0.9959316517493898,0.1447721179624665,,,,2024,binary_20260719_044949_c6c955a30fc2,binary_20260719_044949_c6c955a30fc2,experiments/binary_results/binary_20260719_044949_c6c955a30fc2/test_predictions.csv,f0578c61cfb8f0bbef7c58d8ab338b9d31850912e618d5abe81846aa15e5c298,Figure 4
Fig5,IH_PR,IH,Target-local logistic,precision_recall_curve,0.9959316517493898,0.1456333782819068,,,,2024,binary_20260719_044949_c6c955a30fc2,binary_20260719_044949_c6c955a30fc2,experiments/binary_results/binary_20260719_044949_c6c955a30fc2/test_predictions.csv,f0578c61cfb8f0bbef7c58d8ab338b9d31850912e618d5abe81846aa15e5c298,Figure 4
Fig5,IH_PR,IH,Target-local logistic,precision_recall_curve,0.9959316517493898,0.1465049473348228,,,,2024,binary_20260719_044949_c6c955a30fc2,binary_20260719_044949_c6c955a30fc2,experiments/binary_results/binary_20260719_044949_c6c955a30fc2/test_predictions.csv,f0578c61cfb8f0bbef7c58d8ab338b9d31850912e618d5abe81846aa15e5c298,Figure 4
Fig5,IH_PR,IH,Target-local logistic,precision_recall_curve,0.9956604285326824,0.1473468732439592,,,,2024,binary_20260719_044949_c6c955a30fc2,binary_20260719_044949_c6c955a30fc2,experiments/binary_results/binary_20260719_044949_c6c955a30fc2/test_predictions.csv,f0578c61cfb8f0bbef7c58d8ab338b9d31850912e618d5abe81846aa15e5c298,Figure 4
Fig5,IH_PR,IH,Target-local logistic,precision_recall_curve,0.9953892053159751,0.1481989985462768,,,,2024,binary_20260719_044949_c6c955a30fc2,binary_20260719_044949_c6c955a30fc2,experiments/binary_results/binary_20260719_044949_c6c955a30fc2/test_predictions.csv,f0578c61cfb8f0bbef7c58d8ab338b9d31850912e618d5abe81846aa15e5c298,Figure 4
Fig5,IH_PR,IH,Target-local logistic,precision_recall_curve,0.9951179820992677,0.1490615097099211,,,,2024,binary_20260719_044949_c6c955a30fc2,binary_20260719_044949_c6c955a30fc2,experiments/binary_results/binary_20260719_044949_c6c955a30fc2/test_predictions.csv,f0578c61cfb8f0bbef7c58d8ab338b9d31850912e618d5abe81846aa15e5c298,Figure 4
Fig5,IH_PR,IH,Target-local logistic,precision_recall_curve,0.9948467588825604,0.1499345977763244,,,,2024,binary_20260719_044949_c6c955a30fc2,binary_20260719_044949_c6c955a30fc2,experiments/binary_results/binary_20260719_044949_c6c955a30fc2/test_predictions.csv,f0578c61cfb8f0bbef7c58d8ab338b9d31850912e618d5abe81846aa15e5c298,Figure 4
Fig5,IH_PR,IH,Target-local logistic,precision_recall_curve,0.994575535665853,0.1508184585012749,,,,2024,binary_20260719_044949_c6c955a30fc2,binary_20260719_044949_c6c955a30fc2,experiments/binary_results/binary_20260719_044949_c6c955a30fc2/test_predictions.csv,f0578c61cfb8f0bbef7c58d8ab338b9d31850912e618d5abe81846aa15e5c298,Figure 4
Fig5,IH_PR,IH,Target-local logistic,precision_recall_curve,0.9943043124491456,0.1517195712452924,,,,2024,binary_20260719_044949_c6c955a30fc2,binary_20260719_044949_c6c955a30fc2,experiments/binary_results/binary_20260719_044949_c6c955a30fc2/test_predictions.csv,f0578c61cfb8f0bbef7c58d8ab338b9d31850912e618d5abe81846aa15e5c298,Figure 4
Fig5,IH_PR,IH,Target-local logistic,precision_recall_curve,0.9937618660157309,0.1525840169907966,,,,2024,binary_20260719_044949_c6c955a30fc2,binary_20260719_044949_c6c955a30fc2,experiments/binary_results/binary_20260719_044949_c6c955a30fc2/test_predictions.csv,f0578c61cfb8f0bbef7c58d8ab338b9d31850912e618d5abe81846aa15e5c298,Figure 4
Fig5,IH_PR,IH,Target-local logistic,precision_recall_curve,0.9934906427990235,0.1535012362234421,,,,2024,binary_20260719_044949_c6c955a30fc2,binary_20260719_044949_c6c955a30fc2,experiments/binary_results/binary_20260719_044949_c6c955a30fc2/test_predictions.csv,f0578c61cfb8f0bbef7c58d8ab338b9d31850912e618d5abe81846aa15e5c298,Figure 4
Fig5,IH_PR,IH,Target-local logistic,precision_recall_curve,0.9929481963656089,0.1543878884999789,,,,2024,binary_20260719_044949_c6c955a30fc2,binary_20260719_044949_c6c955a30fc2,experiments/binary_results/binary_20260719_044949_c6c955a30fc2/test_predictions.csv,f0578c61cfb8f0bbef7c58d8ab338b9d31850912e618d5abe81846aa15e5c298,Figure 4
Fig5,IH_PR,IH,Target-local logistic,precision_recall_curve,0.9924057499321942,0.1552858294784195,,,,2024,binary_20260719_044949_c6c955a30fc2,binary_20260719_044949_c6c955a30fc2,experiments/binary_results/binary_20260719_044949_c6c955a30fc2/test_predictions.csv,f0578c61cfb8f0bbef7c58d8ab338b9d31850912e618d5abe81846aa15e5c298,Figure 4
Fig5,IH_PR,IH,Target-local logistic,precision_recall_curve,0.9918633034987795,0.1561952761286464,,,,2024,binary_20260719_044949_c6c955a30fc2,binary_20260719_044949_c6c955a30fc2,experiments/binary_results/binary_20260719_044949_c6c955a30fc2/test_predictions.csv,f0578c61cfb8f0bbef7c58d8ab338b9d31850912e618d5abe81846aa15e5c298,Figure 4
Fig5,IH_PR,IH,Target-local logistic,precision_recall_curve,0.9913208570653648,0.1571164510166358,,,,2024,binary_20260719_044949_c6c955a30fc2,binary_20260719_044949_c6c955a30fc2,experiments/binary_results/binary_20260719_044949_c6c955a30fc2/test_predictions.csv,f0578c61cfb8f0bbef7c58d8ab338b9d31850912e618d5abe81846aa15e5c298,Figure 4
Fig5,IH_PR,IH,Target-local logistic,precision_recall_curve,0.9913208570653648,0.1581361138753082,,,,2024,binary_20260719_044949_c6c955a30fc2,binary_20260719_044949_c6c955a30fc2,experiments/binary_results/binary_20260719_044949_c6c955a30fc2/test_predictions.csv,f0578c61cfb8f0bbef7c58d8ab338b9d31850912e618d5abe81846aa15e5c298,Figure 4
Fig5,IH_PR,IH,Target-local logistic,precision_recall_curve,0.9910496338486574,0.1591255497975003,,,,2024,binary_20260719_044949_c6c955a30fc2,binary_20260719_044949_c6c955a30fc2,experiments/binary_results/binary_20260719_044949_c6c955a30fc2/test_predictions.csv,f0578c61cfb8f0bbef7c58d8ab338b9d31850912e618d5abe81846aa15e5c298,Figure 4
Fig5,IH_PR,IH,Target-local logistic,precision_recall_curve,0.9905071874152428,0.1600841625389032,,,,2024,binary_20260719_044949_c6c955a30fc2,binary_20260719_044949_c6c955a30fc2,experiments/binary_results/binary_20260719_044949_c6c955a30fc2/test_predictions.csv,f0578c61cfb8f0bbef7c58d8ab338b9d31850912e618d5abe81846aa15e5c298,Figure 4
Fig5,IH_PR,IH,Target-local logistic,precision_recall_curve,0.9905071874152428,0.1611437144243921,,,,2024,binary_20260719_044949_c6c955a30fc2,binary_20260719_044949_c6c955a30fc2,experiments/binary_results/binary_20260719_044949_c6c955a30fc2/test_predictions.csv,f0578c61cfb8f0bbef7c58d8ab338b9d31850912e618d5abe81846aa15e5c298,Figure 4
Fig5,IH_PR,IH,Target-local logistic,precision_recall_curve,0.9905071874152428,0.1622173855105939,,,,2024,binary_20260719_044949_c6c955a30fc2,binary_20260719_044949_c6c955a30fc2,experiments/binary_results/binary_20260719_044949_c6c955a30fc2/test_predictions.csv,f0578c61cfb8f0bbef7c58d8ab338b9d31850912e618d5abe81846aa15e5c298,Figure 4
Fig5,IH_PR,IH,Target-local logistic,precision_recall_curve,0.9902359641985354,0.1632680440032197,,,,2024,binary_20260719_044949_c6c955a30fc2,binary_20260719_044949_c6c955a30fc2,experiments/binary_results/binary_20260719_044949_c6c955a30fc2/test_predictions.csv,f0578c61cfb8f0bbef7c58d8ab338b9d31850912e618d5abe81846aa15e5c298,Figure 4
Fig5,IH_PR,IH,Target-local logistic,precision_recall_curve,0.9899647409818281,0.1643255897712948,,,,2024,binary_20260719_044949_c6c955a30fc2,binary_20260719_044949_c6c955a30fc2,experiments/binary_results/binary_20260719_044949_c6c955a30fc2/test_predictions.csv,f0578c61cfb8f0bbef7c58d8ab338b9d31850912e618d5abe81846aa15e5c298,Figure 4
Fig5,IH_PR,IH,Target-local logistic,precision_recall_curve,0.9886086248982913,0.1652162088659233,,,,2024,binary_20260719_044949_c6c955a30fc2,binary_20260719_044949_c6c955a30fc2,experiments/binary_results/binary_20260719_044949_c6c955a30fc2/test_predictions.csv,f0578c61cfb8f0bbef7c58d8ab338b9d31850912e618d5abe81846aa15e5c298,Figure 4
Fig5,IH_PR,IH,Target-local logistic,precision_recall_curve,0.9880661784648765,0.1662559328221979,,,,2024,binary_20260719_044949_c6c955a30fc2,binary_20260719_044949_c6c955a30fc2,experiments/binary_results/binary_20260719_044949_c6c955a30fc2/test_predictions.csv,f0578c61cfb8f0bbef7c58d8ab338b9d31850912e618d5abe81846aa15e5c298,Figure 4
Fig5,IH_PR,IH,Target-local logistic,precision_recall_curve,0.9872525088147546,0.1672640382317801,,,,2024,binary_20260719_044949_c6c955a30fc2,binary_20260719_044949_c6c955a30fc2,experiments/binary_results/binary_20260719_044949_c6c955a30fc2/test_predictions.csv,f0578c61cfb8f0bbef7c58d8ab338b9d31850912e618d5abe81846aa15e5c298,Figure 4
Fig5,IH_PR,IH,Target-local logistic,precision_recall_curve,0.9864388391646325,0.1682861373311123,,,,2024,binary_20260719_044949_c6c955a30fc2,binary_20260719_044949_c6c955a30fc2,experiments/binary_results/binary_20260719_044949_c6c955a30fc2/test_predictions.csv,f0578c61cfb8f0bbef7c58d8ab338b9d31850912e618d5abe81846aa15e5c298,Figure 4
Fig5,IH_PR,IH,Target-local logistic,precision_recall_curve,0.985353946297803,0.1692759295499021,,,,2024,binary_20260719_044949_c6c955a30fc2,binary_20260719_044949_c6c955a30fc2,experiments/binary_results/binary_20260719_044949_c6c955a30fc2/test_predictions.csv,f0578c61cfb8f0bbef7c58d8ab338b9d31850912e618d5abe81846aa15e5c298,Figure 4
Fig5,IH_PR,IH,Target-local logistic,precision_recall_curve,0.9850827230810958,0.1704204204204204,,,,2024,binary_20260719_044949_c6c955a30fc2,binary_20260719_044949_c6c955a30fc2,experiments/binary_results/binary_20260719_044949_c6c955a30fc2/test_predictions.csv,f0578c61cfb8f0bbef7c58d8ab338b9d31850912e618d5abe81846aa15e5c298,Figure 4
Fig5,IH_PR,IH,Target-local logistic,precision_recall_curve,0.9850827230810958,0.1716283905112938,,,,2024,binary_20260719_044949_c6c955a30fc2,binary_20260719_044949_c6c955a30fc2,experiments/binary_results/binary_20260719_044949_c6c955a30fc2/test_predictions.csv,f0578c61cfb8f0bbef7c58d8ab338b9d31850912e618d5abe81846aa15e5c298,Figure 4
Fig5,IH_PR,IH,Target-local logistic,precision_recall_curve,0.9848114998643884,0.1728060156101275,,,,2024,binary_20260719_044949_c6c955a30fc2,binary_20260719_044949_c6c955a30fc2,experiments/binary_results/binary_20260719_044949_c6c955a30fc2/test_predictions.csv,f0578c61cfb8f0bbef7c58d8ab338b9d31850912e618d5abe81846aa15e5c298,Figure 4
Fig5,IH_PR,IH,Target-local logistic,precision_recall_curve,0.983726606997559,0.1738567730802415,,,,2024,binary_20260719_044949_c6c955a30fc2,binary_20260719_044949_c6c955a30fc2,experiments/binary_results/binary_20260719_044949_c6c955a30fc2/test_predictions.csv,f0578c61cfb8f0bbef7c58d8ab338b9d31850912e618d5abe81846aa15e5c298,Figure 4
Fig5,IH_PR,IH,Target-local logistic,precision_recall_curve,0.9829129373474369,0.1749710312862109,,,,2024,binary_20260719_044949_c6c955a30fc2,binary_20260719_044949_c6c955a30fc2,experiments/binary_results/binary_20260719_044949_c6c955a30fc2/test_predictions.csv,f0578c61cfb8f0bbef7c58d8ab338b9d31850912e618d5abe81846aa15e5c298,Figure 4
Fig5,IH_PR,IH,Target-local logistic,precision_recall_curve,0.9826417141307295,0.1761988133450053,,,,2024,binary_20260719_044949_c6c955a30fc2,binary_20260719_044949_c6c955a30fc2,experiments/binary_results/binary_20260719_044949_c6c955a30fc2/test_predictions.csv,f0578c61cfb8f0bbef7c58d8ab338b9d31850912e618d5abe81846aa15e5c298,Figure 4
Fig5,IH_PR,IH,Target-local logistic,precision_recall_curve,0.9818280444806076,0.1773553476066826,,,,2024,binary_20260719_044949_c6c955a30fc2,binary_20260719_044949_c6c955a30fc2,experiments/binary_results/binary_20260719_044949_c6c955a30fc2/test_predictions.csv,f0578c61cfb8f0bbef7c58d8ab338b9d31850912e618d5abe81846aa15e5c298,Figure 4
Fig5,IH_PR,IH,Target-local logistic,precision_recall_curve,0.9810143748304855,0.1785203099550861,,,,2024,binary_20260719_044949_c6c955a30fc2,binary_20260719_044949_c6c955a30fc2,experiments/binary_results/binary_20260719_044949_c6c955a30fc2/test_predictions.csv,f0578c61cfb8f0bbef7c58d8ab338b9d31850912e618d5abe81846aa15e5c298,Figure 4
Fig5,IH_PR,IH,Target-local logistic,precision_recall_curve,0.9807431516137781,0.1798020983541345,,,,2024,binary_20260719_044949_c6c955a30fc2,binary_20260719_044949_c6c955a30fc2,experiments/binary_results/binary_20260719_044949_c6c955a30fc2/test_predictions.csv,f0578c61cfb8f0bbef7c58d8ab338b9d31850912e618d5abe81846aa15e5c298,Figure 4
Fig5,IH_PR,IH,Target-local logistic,precision_recall_curve,0.9804719283970708,0.1811031511447322,,,,2024,binary_20260719_044949_c6c955a30fc2,binary_20260719_044949_c6c955a30fc2,experiments/binary_results/binary_20260719_044949_c6c955a30fc2/test_predictions.csv,f0578c61cfb8f0bbef7c58d8ab338b9d31850912e618d5abe81846aa15e5c298,Figure 4
Fig5,IH_PR,IH,Target-local logistic,precision_recall_curve,0.9793870355302414,0.1822724748876886,,,,2024,binary_20260719_044949_c6c955a30fc2,binary_20260719_044949_c6c955a30fc2,experiments/binary_results/binary_20260719_044949_c6c955a30fc2/test_predictions.csv,f0578c61cfb8f0bbef7c58d8ab338b9d31850912e618d5abe81846aa15e5c298,Figure 4
Fig5,IH_PR,IH,Target-local logistic,precision_recall_curve,0.9788445890968267,0.1835613651391078,,,,2024,binary_20260719_044949_c6c955a30fc2,binary_20260719_044949_c6c955a30fc2,experiments/binary_results/binary_20260719_044949_c6c955a30fc2/test_predictions.csv,f0578c61cfb8f0bbef7c58d8ab338b9d31850912e618d5abe81846aa15e5c298,Figure 4
Fig5,IH_PR,IH,Target-local logistic,precision_recall_curve,0.9774884730132899,0.1847163138742248,,,,2024,binary_20260719_044949_c6c955a30fc2,binary_20260719_044949_c6c955a30fc2,experiments/binary_results/binary_20260719_044949_c6c955a30fc2/test_predictions.csv,f0578c61cfb8f0bbef7c58d8ab338b9d31850912e618d5abe81846aa15e5c298,Figure 4
Fig5,IH_PR,IH,Target-local logistic,precision_recall_curve,0.9758611337130458,0.1858375083931615,,,,2024,binary_20260719_044949_c6c955a30fc2,binary_20260719_044949_c6c955a30fc2,experiments/binary_results/binary_20260719_044949_c6c955a30fc2/test_predictions.csv,f0578c61cfb8f0bbef7c58d8ab338b9d31850912e618d5abe81846aa15e5c298,Figure 4
Fig5,IH_PR,IH,Target-local logistic,precision_recall_curve,0.9750474640629238,0.1871323720784967,,,,2024,binary_20260719_044949_c6c955a30fc2,binary_20260719_044949_c6c955a30fc2,experiments/binary_results/binary_20260719_044949_c6c955a30fc2/test_predictions.csv,f0578c61cfb8f0bbef7c58d8ab338b9d31850912e618d5abe81846aa15e5c298,Figure 4
Fig5,IH_PR,IH,Target-local logistic,precision_recall_curve,0.9745050176295091,0.1885000786947169,,,,2024,binary_20260719_044949_c6c955a30fc2,binary_20260719_044949_c6c955a30fc2,experiments/binary_results/binary_20260719_044949_c6c955a30fc2/test_predictions.csv,f0578c61cfb8f0bbef7c58d8ab338b9d31850912e618d5abe81846aa15e5c298,Figure 4
Fig5,IH_PR,IH,Target-local logistic,precision_recall_curve,0.972877678329265,0.1896779652054359,,,,2024,binary_20260719_044949_c6c955a30fc2,binary_20260719_044949_c6c955a30fc2,experiments/binary_results/binary_20260719_044949_c6c955a30fc2/test_predictions.csv,f0578c61cfb8f0bbef7c58d8ab338b9d31850912e618d5abe81846aa15e5c298,Figure 4
Fig5,IH_PR,IH,Target-local logistic,precision_recall_curve,0.9715215622457283,0.1909279889131709,,,,2024,binary_20260719_044949_c6c955a30fc2,binary_20260719_044949_c6c955a30fc2,experiments/binary_results/binary_20260719_044949_c6c955a30fc2/test_predictions.csv,f0578c61cfb8f0bbef7c58d8ab338b9d31850912e618d5abe81846aa15e5c298,Figure 4
Fig5,IH_PR,IH,Target-local logistic,precision_recall_curve,0.9704366693788988,0.1922622246104245,,,,2024,binary_20260719_044949_c6c955a30fc2,binary_20260719_044949_c6c955a30fc2,experiments/binary_results/binary_20260719_044949_c6c955a30fc2/test_predictions.csv,f0578c61cfb8f0bbef7c58d8ab338b9d31850912e618d5abe81846aa15e5c298,Figure 4
Fig5,IH_PR,IH,Target-local logistic,precision_recall_curve,0.9693517765120694,0.1936078006500541,,,,2024,binary_20260719_044949_c6c955a30fc2,binary_20260719_044949_c6c955a30fc2,experiments/binary_results/binary_20260719_044949_c6c955a30fc2/test_predictions.csv,f0578c61cfb8f0bbef7c58d8ab338b9d31850912e618d5abe81846aa15e5c298,Figure 4
Fig5,IH_PR,IH,Target-local logistic,precision_recall_curve,0.9690805532953621,0.1951392681594757,,,,2024,binary_20260719_044949_c6c955a30fc2,binary_20260719_044949_c6c955a30fc2,experiments/binary_results/binary_20260719_044949_c6c955a30fc2/test_predictions.csv,f0578c61cfb8f0bbef7c58d8ab338b9d31850912e618d5abe81846aa15e5c298,Figure 4
Fig5,IH_PR,IH,Target-local logistic,precision_recall_curve,0.9679956604285327,0.1965308370044053,,,,2024,binary_20260719_044949_c6c955a30fc2,binary_20260719_044949_c6c955a30fc2,experiments/binary_results/binary_20260719_044949_c6c955a30fc2/test_predictions.csv,f0578c61cfb8f0bbef7c58d8ab338b9d31850912e618d5abe81846aa15e5c298,Figure 4
Fig5,IH_PR,IH,Target-local logistic,precision_recall_curve,0.9663683211282886,0.197834536368684,,,,2024,binary_20260719_044949_c6c955a30fc2,binary_20260719_044949_c6c955a30fc2,experiments/binary_results/binary_20260719_044949_c6c955a30fc2/test_predictions.csv,f0578c61cfb8f0bbef7c58d8ab338b9d31850912e618d5abe81846aa15e5c298,Figure 4
Fig5,IH_PR,IH,Target-local logistic,precision_recall_curve,0.9647409818280445,0.1991601343784994,,,,2024,binary_20260719_044949_c6c955a30fc2,binary_20260719_044949_c6c955a30fc2,experiments/binary_results/binary_20260719_044949_c6c955a30fc2/test_predictions.csv,f0578c61cfb8f0bbef7c58d8ab338b9d31850912e618d5abe81846aa15e5c298,Figure 4
Fig5,IH_PR,IH,Target-local logistic,precision_recall_curve,0.9633848657445078,0.2005646527385657,,,,2024,binary_20260719_044949_c6c955a30fc2,binary_20260719_044949_c6c955a30fc2,experiments/binary_results/binary_20260719_044949_c6c955a30fc2/test_predictions.csv,f0578c61cfb8f0bbef7c58d8ab338b9d31850912e618d5abe81846aa15e5c298,Figure 4
Fig5,IH_PR,IH,Target-local logistic,precision_recall_curve,0.962842419311093,0.2021640091116173,,,,2024,binary_20260719_044949_c6c955a30fc2,binary_20260719_044949_c6c955a30fc2,experiments/binary_results/binary_20260719_044949_c6c955a30fc2/test_predictions.csv,f0578c61cfb8f0bbef7c58d8ab338b9d31850912e618d5abe81846aa15e5c298,Figure 4
Fig5,IH_PR,IH,Target-local logistic,precision_recall_curve,0.9614863032275562,0.2036186099942561,,,,2024,binary_20260719_044949_c6c955a30fc2,binary_20260719_044949_c6c955a30fc2,experiments/binary_results/binary_20260719_044949_c6c955a30fc2/test_predictions.csv,f0578c61cfb8f0bbef7c58d8ab338b9d31850912e618d5abe81846aa15e5c298,Figure 4
Fig5,IH_PR,IH,Target-local logistic,precision_recall_curve,0.9606726335774343,0.2052143684820394,,,,2024,binary_20260719_044949_c6c955a30fc2,binary_20260719_044949_c6c955a30fc2,experiments/binary_results/binary_20260719_044949_c6c955a30fc2/test_predictions.csv,f0578c61cfb8f0bbef7c58d8ab338b9d31850912e618d5abe81846aa15e5c298,Figure 4
Fig5,IH_PR,IH,Target-local logistic,precision_recall_curve,0.9604014103607269,0.2069549970777323,,,,2024,binary_20260719_044949_c6c955a30fc2,binary_20260719_044949_c6c955a30fc2,experiments/binary_results/binary_20260719_044949_c6c955a30fc2/test_predictions.csv,f0578c61cfb8f0bbef7c58d8ab338b9d31850912e618d5abe81846aa15e5c298,Figure 4
Fig5,IH_PR,IH,Target-local logistic,precision_recall_curve,0.9593165174938975,0.2085495283018868,,,,2024,binary_20260719_044949_c6c955a30fc2,binary_20260719_044949_c6c955a30fc2,experiments/binary_results/binary_20260719_044949_c6c955a30fc2/test_predictions.csv,f0578c61cfb8f0bbef7c58d8ab338b9d31850912e618d5abe81846aa15e5c298,Figure 4
Fig5,IH_PR,IH,Target-local logistic,precision_recall_curve,0.9587740710604827,0.210291493158834,,,,2024,binary_20260719_044949_c6c955a30fc2,binary_20260719_044949_c6c955a30fc2,experiments/binary_results/binary_20260719_044949_c6c955a30fc2/test_predictions.csv,f0578c61cfb8f0bbef7c58d8ab338b9d31850912e618d5abe81846aa15e5c298,Figure 4
Fig5,IH_PR,IH,Target-local logistic,precision_recall_curve,0.9579604014103608,0.2120175280629089,,,,2024,binary_20260719_044949_c6c955a30fc2,binary_20260719_044949_c6c955a30fc2,experiments/binary_results/binary_20260719_044949_c6c955a30fc2/test_predictions.csv,f0578c61cfb8f0bbef7c58d8ab338b9d31850912e618d5abe81846aa15e5c298,Figure 4
Fig5,IH_PR,IH,Target-local logistic,precision_recall_curve,0.9560618388934092,0.2135198982373251,,,,2024,binary_20260719_044949_c6c955a30fc2,binary_20260719_044949_c6c955a30fc2,experiments/binary_results/binary_20260719_044949_c6c955a30fc2/test_predictions.csv,f0578c61cfb8f0bbef7c58d8ab338b9d31850912e618d5abe81846aa15e5c298,Figure 4
Fig5,IH_PR,IH,Target-local logistic,precision_recall_curve,0.9549769460265799,0.2152332049636285,,,,2024,binary_20260719_044949_c6c955a30fc2,binary_20260719_044949_c6c955a30fc2,experiments/binary_results/binary_20260719_044949_c6c955a30fc2/test_predictions.csv,f0578c61cfb8f0bbef7c58d8ab338b9d31850912e618d5abe81846aa15e5c298,Figure 4
Fig5,IH_PR,IH,Target-local logistic,precision_recall_curve,0.9538920531597505,0.2169782219754457,,,,2024,binary_20260719_044949_c6c955a30fc2,binary_20260719_044949_c6c955a30fc2,experiments/binary_results/binary_20260719_044949_c6c955a30fc2/test_predictions.csv,f0578c61cfb8f0bbef7c58d8ab338b9d31850912e618d5abe81846aa15e5c298,Figure 4
Fig5,IH_PR,IH,Target-local logistic,precision_recall_curve,0.9517222674260917,0.2185067563360109,,,,2024,binary_20260719_044949_c6c955a30fc2,binary_20260719_044949_c6c955a30fc2,experiments/binary_results/binary_20260719_044949_c6c955a30fc2/test_predictions.csv,f0578c61cfb8f0bbef7c58d8ab338b9d31850912e618d5abe81846aa15e5c298,Figure 4
Fig5,IH_PR,IH,Target-local logistic,precision_recall_curve,0.9490100352590182,0.219938399647998,,,,2024,binary_20260719_044949_c6c955a30fc2,binary_20260719_044949_c6c955a30fc2,experiments/binary_results/binary_20260719_044949_c6c955a30fc2/test_predictions.csv,f0578c61cfb8f0bbef7c58d8ab338b9d31850912e618d5abe81846aa15e5c298,Figure 4
Fig5,IH_PR,IH,Target-local logistic,precision_recall_curve,0.9471114727420668,0.2215876641918903,,,,2024,binary_20260719_044949_c6c955a30fc2,binary_20260719_044949_c6c955a30fc2,experiments/binary_results/binary_20260719_044949_c6c955a30fc2/test_predictions.csv,f0578c61cfb8f0bbef7c58d8ab338b9d31850912e618d5abe81846aa15e5c298,Figure 4
Fig5,IH_PR,IH,Target-local logistic,precision_recall_curve,0.9457553566585299,0.2233967582804792,,,,2024,binary_20260719_044949_c6c955a30fc2,binary_20260719_044949_c6c955a30fc2,experiments/binary_results/binary_20260719_044949_c6c955a30fc2/test_predictions.csv,f0578c61cfb8f0bbef7c58d8ab338b9d31850912e618d5abe81846aa15e5c298,Figure 4
Fig5,IH_PR,IH,Target-local logistic,precision_recall_curve,0.9425006780580417,0.2247881492981434,,,,2024,binary_20260719_044949_c6c955a30fc2,binary_20260719_044949_c6c955a30fc2,experiments/binary_results/binary_20260719_044949_c6c955a30fc2/test_predictions.csv,f0578c61cfb8f0bbef7c58d8ab338b9d31850912e618d5abe81846aa15e5c298,Figure 4
Fig5,IH_PR,IH,Target-local logistic,precision_recall_curve,0.939517222674261,0.2262721275066954,,,,2024,binary_20260719_044949_c6c955a30fc2,binary_20260719_044949_c6c955a30fc2,experiments/binary_results/binary_20260719_044949_c6c955a30fc2/test_predictions.csv,f0578c61cfb8f0bbef7c58d8ab338b9d31850912e618d5abe81846aa15e5c298,Figure 4
Fig5,IH_PR,IH,Target-local logistic,precision_recall_curve,0.9378898833740168,0.228115311036348,,,,2024,binary_20260719_044949_c6c955a30fc2,binary_20260719_044949_c6c955a30fc2,experiments/binary_results/binary_20260719_044949_c6c955a30fc2/test_predictions.csv,f0578c61cfb8f0bbef7c58d8ab338b9d31850912e618d5abe81846aa15e5c298,Figure 4
Fig5,IH_PR,IH,Target-local logistic,precision_recall_curve,0.9365337672904801,0.2300619628223066,,,,2024,binary_20260719_044949_c6c955a30fc2,binary_20260719_044949_c6c955a30fc2,experiments/binary_results/binary_20260719_044949_c6c955a30fc2/test_predictions.csv,f0578c61cfb8f0bbef7c58d8ab338b9d31850912e618d5abe81846aa15e5c298,Figure 4
Fig5,IH_PR,IH,Target-local logistic,precision_recall_curve,0.9332790886899919,0.2315924081303002,,,,2024,binary_20260719_044949_c6c955a30fc2,binary_20260719_044949_c6c955a30fc2,experiments/binary_results/binary_20260719_044949_c6c955a30fc2/test_predictions.csv,f0578c61cfb8f0bbef7c58d8ab338b9d31850912e618d5abe81846aa15e5c298,Figure 4
Fig5,IH_PR,IH,Target-local logistic,precision_recall_curve,0.9308380797396257,0.2333423986945879,,,,2024,binary_20260719_044949_c6c955a30fc2,binary_20260719_044949_c6c955a30fc2,experiments/binary_results/binary_20260719_044949_c6c955a30fc2/test_predictions.csv,f0578c61cfb8f0bbef7c58d8ab338b9d31850912e618d5abe81846aa15e5c298,Figure 4
Fig5,IH_PR,IH,Target-local logistic,precision_recall_curve,0.9289395172226743,0.2352658332188487,,,,2024,binary_20260719_044949_c6c955a30fc2,binary_20260719_044949_c6c955a30fc2,experiments/binary_results/binary_20260719_044949_c6c955a30fc2/test_predictions.csv,f0578c61cfb8f0bbef7c58d8ab338b9d31850912e618d5abe81846aa15e5c298,Figure 4
Fig5,IH_PR,IH,Target-local logistic,precision_recall_curve,0.9262272850556008,0.2370210993892282,,,,2024,binary_20260719_044949_c6c955a30fc2,binary_20260719_044949_c6c955a30fc2,experiments/binary_results/binary_20260719_044949_c6c955a30fc2/test_predictions.csv,f0578c61cfb8f0bbef7c58d8ab338b9d31850912e618d5abe81846aa15e5c298,Figure 4
Fig5,IH_PR,IH,Target-local logistic,precision_recall_curve,0.92324382967182,0.2387431617337635,,,,2024,binary_20260719_044949_c6c955a30fc2,binary_20260719_044949_c6c955a30fc2,experiments/binary_results/binary_20260719_044949_c6c955a30fc2/test_predictions.csv,f0578c61cfb8f0bbef7c58d8ab338b9d31850912e618d5abe81846aa15e5c298,Figure 4
Fig5,IH_PR,IH,Target-local logistic,precision_recall_curve,0.9202603742880391,0.2405018429259994,,,,2024,binary_20260719_044949_c6c955a30fc2,binary_20260719_044949_c6c955a30fc2,experiments/binary_results/binary_20260719_044949_c6c955a30fc2/test_predictions.csv,f0578c61cfb8f0bbef7c58d8ab338b9d31850912e618d5abe81846aa15e5c298,Figure 4
Fig5,IH_PR,IH,Target-local logistic,precision_recall_curve,0.9180905885543803,0.2425132540478578,,,,2024,binary_20260719_044949_c6c955a30fc2,binary_20260719_044949_c6c955a30fc2,experiments/binary_results/binary_20260719_044949_c6c955a30fc2/test_predictions.csv,f0578c61cfb8f0bbef7c58d8ab338b9d31850912e618d5abe81846aa15e5c298,Figure 4
Fig5,IH_PR,IH,Target-local logistic,precision_recall_curve,0.915649579604014,0.2444959443800695,,,,2024,binary_20260719_044949_c6c955a30fc2,binary_20260719_044949_c6c955a30fc2,experiments/binary_results/binary_20260719_044949_c6c955a30fc2/test_predictions.csv,f0578c61cfb8f0bbef7c58d8ab338b9d31850912e618d5abe81846aa15e5c298,Figure 4
Fig5,IH_PR,IH,Target-local logistic,precision_recall_curve,0.9142934635204774,0.2468150534485283,,,,2024,binary_20260719_044949_c6c955a30fc2,binary_20260719_044949_c6c955a30fc2,experiments/binary_results/binary_20260719_044949_c6c955a30fc2/test_predictions.csv,f0578c61cfb8f0bbef7c58d8ab338b9d31850912e618d5abe81846aa15e5c298,Figure 4
Fig5,IH_PR,IH,Target-local logistic,precision_recall_curve,0.9118524545701112,0.2488895469351495,,,,2024,binary_20260719_044949_c6c955a30fc2,binary_20260719_044949_c6c955a30fc2,experiments/binary_results/binary_20260719_044949_c6c955a30fc2/test_predictions.csv,f0578c61cfb8f0bbef7c58d8ab338b9d31850912e618d5abe81846aa15e5c298,Figure 4
Fig5,IH_PR,IH,Target-local logistic,precision_recall_curve,0.908597775969623,0.2507860458152418,,,,2024,binary_20260719_044949_c6c955a30fc2,binary_20260719_044949_c6c955a30fc2,experiments/binary_results/binary_20260719_044949_c6c955a30fc2/test_predictions.csv,f0578c61cfb8f0bbef7c58d8ab338b9d31850912e618d5abe81846aa15e5c298,Figure 4
Fig5,IH_PR,IH,Target-local logistic,precision_recall_curve,0.9056143205858421,0.252801332525742,,,,2024,binary_20260719_044949_c6c955a30fc2,binary_20260719_044949_c6c955a30fc2,experiments/binary_results/binary_20260719_044949_c6c955a30fc2/test_predictions.csv,f0578c61cfb8f0bbef7c58d8ab338b9d31850912e618d5abe81846aa15e5c298,Figure 4
Fig5,IH_PR,IH,Target-local logistic,precision_recall_curve,0.903173311635476,0.2550356130811059,,,,2024,binary_20260719_044949_c6c955a30fc2,binary_20260719_044949_c6c955a30fc2,experiments/binary_results/binary_20260719_044949_c6c955a30fc2/test_predictions.csv,f0578c61cfb8f0bbef7c58d8ab338b9d31850912e618d5abe81846aa15e5c298,Figure 4
Fig5,IH_PR,IH,Target-local logistic,precision_recall_curve,0.9007323026851098,0.2573022390950646,,,,2024,binary_20260719_044949_c6c955a30fc2,binary_20260719_044949_c6c955a30fc2,experiments/binary_results/binary_20260719_044949_c6c955a30fc2/test_predictions.csv,f0578c61cfb8f0bbef7c58d8ab338b9d31850912e618d5abe81846aa15e5c298,Figure 4
Fig5,IH_PR,IH,Target-local logistic,precision_recall_curve,0.8985625169514511,0.2597005565571842,,,,2024,binary_20260719_044949_c6c955a30fc2,binary_20260719_044949_c6c955a30fc2,experiments/binary_results/binary_20260719_044949_c6c955a30fc2/test_predictions.csv,f0578c61cfb8f0bbef7c58d8ab338b9d31850912e618d5abe81846aa15e5c298,Figure 4
Fig5,IH_PR,IH,Target-local logistic,precision_recall_curve,0.8950366151342555,0.261759340049179,,,,2024,binary_20260719_044949_c6c955a30fc2,binary_20260719_044949_c6c955a30fc2,experiments/binary_results/binary_20260719_044949_c6c955a30fc2/test_predictions.csv,f0578c61cfb8f0bbef7c58d8ab338b9d31850912e618d5abe81846aa15e5c298,Figure 4
Fig5,IH_PR,IH,Target-local logistic,precision_recall_curve,0.8939517222674261,0.2645901902544754,,,,2024,binary_20260719_044949_c6c955a30fc2,binary_20260719_044949_c6c955a30fc2,experiments/binary_results/binary_20260719_044949_c6c955a30fc2/test_predictions.csv,f0578c61cfb8f0bbef7c58d8ab338b9d31850912e618d5abe81846aa15e5c298,Figure 4
Fig5,IH_PR,IH,Target-local logistic,precision_recall_curve,0.8912394901003526,0.2670025188916876,,,,2024,binary_20260719_044949_c6c955a30fc2,binary_20260719_044949_c6c955a30fc2,experiments/binary_results/binary_20260719_044949_c6c955a30fc2/test_predictions.csv,f0578c61cfb8f0bbef7c58d8ab338b9d31850912e618d5abe81846aa15e5c298,Figure 4
Fig5,IH_PR,IH,Target-local logistic,precision_recall_curve,0.8882560347165718,0.2693921197663897,,,,2024,binary_20260719_044949_c6c955a30fc2,binary_20260719_044949_c6c955a30fc2,experiments/binary_results/binary_20260719_044949_c6c955a30fc2/test_predictions.csv,f0578c61cfb8f0bbef7c58d8ab338b9d31850912e618d5abe81846aa15e5c298,Figure 4
Fig5,IH_PR,IH,Target-local logistic,precision_recall_curve,0.8860862489829129,0.2720912800866161,,,,2024,binary_20260719_044949_c6c955a30fc2,binary_20260719_044949_c6c955a30fc2,experiments/binary_results/binary_20260719_044949_c6c955a30fc2/test_predictions.csv,f0578c61cfb8f0bbef7c58d8ab338b9d31850912e618d5abe81846aa15e5c298,Figure 4
Fig5,IH_PR,IH,Target-local logistic,precision_recall_curve,0.8825603471657174,0.2744370414101374,,,,2024,binary_20260719_044949_c6c955a30fc2,binary_20260719_044949_c6c955a30fc2,experiments/binary_results/binary_20260719_044949_c6c955a30fc2/test_predictions.csv,f0578c61cfb8f0bbef7c58d8ab338b9d31850912e618d5abe81846aa15e5c298,Figure 4
Fig5,IH_PR,IH,Target-local logistic,precision_recall_curve,0.8784919989151071,0.2766720765354061,,,,2024,binary_20260719_044949_c6c955a30fc2,binary_20260719_044949_c6c955a30fc2,experiments/binary_results/binary_20260719_044949_c6c955a30fc2/test_predictions.csv,f0578c61cfb8f0bbef7c58d8ab338b9d31850912e618d5abe81846aa15e5c298,Figure 4
Fig5,IH_PR,IH,Target-local logistic,precision_recall_curve,0.8744236506644969,0.2789651293588301,,,,2024,binary_20260719_044949_c6c955a30fc2,binary_20260719_044949_c6c955a30fc2,experiments/binary_results/binary_20260719_044949_c6c955a30fc2/test_predictions.csv,f0578c61cfb8f0bbef7c58d8ab338b9d31850912e618d5abe81846aa15e5c298,Figure 4
Fig5,IH_PR,IH,Target-local logistic,precision_recall_curve,0.8717114184974234,0.2817568159901815,,,,2024,binary_20260719_044949_c6c955a30fc2,binary_20260719_044949_c6c955a30fc2,experiments/binary_results/binary_20260719_044949_c6c955a30fc2/test_predictions.csv,f0578c61cfb8f0bbef7c58d8ab338b9d31850912e618d5abe81846aa15e5c298,Figure 4
Fig5,IH_PR,IH,Target-local logistic,precision_recall_curve,0.8681855166802278,0.2843564004619348,,,,2024,binary_20260719_044949_c6c955a30fc2,binary_20260719_044949_c6c955a30fc2,experiments/binary_results/binary_20260719_044949_c6c955a30fc2/test_predictions.csv,f0578c61cfb8f0bbef7c58d8ab338b9d31850912e618d5abe81846aa15e5c298,Figure 4
Fig5,IH_PR,IH,Target-local logistic,precision_recall_curve,0.864388391646325,0.2869620025211597,,,,2024,binary_20260719_044949_c6c955a30fc2,binary_20260719_044949_c6c955a30fc2,experiments/binary_results/binary_20260719_044949_c6c955a30fc2/test_predictions.csv,f0578c61cfb8f0bbef7c58d8ab338b9d31850912e618d5abe81846aa15e5c298,Figure 4
Fig5,IH_PR,IH,Target-local logistic,precision_recall_curve,0.858963927312178,0.2890653523183644,,,,2024,binary_20260719_044949_c6c955a30fc2,binary_20260719_044949_c6c955a30fc2,experiments/binary_results/binary_20260719_044949_c6c955a30fc2/test_predictions.csv,f0578c61cfb8f0bbef7c58d8ab338b9d31850912e618d5abe81846aa15e5c298,Figure 4
Fig5,IH_PR,IH,Target-local logistic,precision_recall_curve,0.8543531326281529,0.2915047196002221,,,,2024,binary_20260719_044949_c6c955a30fc2,binary_20260719_044949_c6c955a30fc2,experiments/binary_results/binary_20260719_044949_c6c955a30fc2/test_predictions.csv,f0578c61cfb8f0bbef7c58d8ab338b9d31850912e618d5abe81846aa15e5c298,Figure 4
Fig5,IH_PR,IH,Target-local logistic,precision_recall_curve,0.8494711147274207,0.2939189189189189,,,,2024,binary_20260719_044949_c6c955a30fc2,binary_20260719_044949_c6c955a30fc2,experiments/binary_results/binary_20260719_044949_c6c955a30fc2/test_predictions.csv,f0578c61cfb8f0bbef7c58d8ab338b9d31850912e618d5abe81846aa15e5c298,Figure 4
Fig5,IH_PR,IH,Target-local logistic,precision_recall_curve,0.8440466503932736,0.2962116885589187,,,,2024,binary_20260719_044949_c6c955a30fc2,binary_20260719_044949_c6c955a30fc2,experiments/binary_results/binary_20260719_044949_c6c955a30fc2/test_predictions.csv,f0578c61cfb8f0bbef7c58d8ab338b9d31850912e618d5abe81846aa15e5c298,Figure 4
Fig5,IH_PR,IH,Target-local logistic,precision_recall_curve,0.8397070789259561,0.2989571263035921,,,,2024,binary_20260719_044949_c6c955a30fc2,binary_20260719_044949_c6c955a30fc2,experiments/binary_results/binary_20260719_044949_c6c955a30fc2/test_predictions.csv,f0578c61cfb8f0bbef7c58d8ab338b9d31850912e618d5abe81846aa15e5c298,Figure 4
Fig5,IH_PR,IH,Target-local logistic,precision_recall_curve,0.8361811771087605,0.3020772094846169,,,,2024,binary_20260719_044949_c6c955a30fc2,binary_20260719_044949_c6c955a30fc2,experiments/binary_results/binary_20260719_044949_c6c955a30fc2/test_predictions.csv,f0578c61cfb8f0bbef7c58d8ab338b9d31850912e618d5abe81846aa15e5c298,Figure 4
Fig5,IH_PR,IH,Target-local logistic,precision_recall_curve,0.8304854895579061,0.3044948289578361,,,,2024,binary_20260719_044949_c6c955a30fc2,binary_20260719_044949_c6c955a30fc2,experiments/binary_results/binary_20260719_044949_c6c955a30fc2/test_predictions.csv,f0578c61cfb8f0bbef7c58d8ab338b9d31850912e618d5abe81846aa15e5c298,Figure 4
Fig5,IH_PR,IH,Target-local logistic,precision_recall_curve,0.8266883645240033,0.3076923076923077,,,,2024,binary_20260719_044949_c6c955a30fc2,binary_20260719_044949_c6c955a30fc2,experiments/binary_results/binary_20260719_044949_c6c955a30fc2/test_predictions.csv,f0578c61cfb8f0bbef7c58d8ab338b9d31850912e618d5abe81846aa15e5c298,Figure 4
Fig5,IH_PR,IH,Target-local logistic,precision_recall_curve,0.8209926769731489,0.3102706027060271,,,,2024,binary_20260719_044949_c6c955a30fc2,binary_20260719_044949_c6c955a30fc2,experiments/binary_results/binary_20260719_044949_c6c955a30fc2/test_predictions.csv,f0578c61cfb8f0bbef7c58d8ab338b9d31850912e618d5abe81846aa15e5c298,Figure 4
Fig5,IH_PR,IH,Target-local logistic,precision_recall_curve,0.8158394358557093,0.3131376223193837,,,,2024,binary_20260719_044949_c6c955a30fc2,binary_20260719_044949_c6c955a30fc2,experiments/binary_results/binary_20260719_044949_c6c955a30fc2/test_predictions.csv,f0578c61cfb8f0bbef7c58d8ab338b9d31850912e618d5abe81846aa15e5c298,Figure 4
Fig5,IH_PR,IH,Target-local logistic,precision_recall_curve,0.8106861947382696,0.3160956006768189,,,,2024,binary_20260719_044949_c6c955a30fc2,binary_20260719_044949_c6c955a30fc2,experiments/binary_results/binary_20260719_044949_c6c955a30fc2/test_predictions.csv,f0578c61cfb8f0bbef7c58d8ab338b9d31850912e618d5abe81846aa15e5c298,Figure 4
Fig5,IH_PR,IH,Target-local logistic,precision_recall_curve,0.8077027393544888,0.3200429876410532,,,,2024,binary_20260719_044949_c6c955a30fc2,binary_20260719_044949_c6c955a30fc2,experiments/binary_results/binary_20260719_044949_c6c955a30fc2/test_predictions.csv,f0578c61cfb8f0bbef7c58d8ab338b9d31850912e618d5abe81846aa15e5c298,Figure 4
Fig5,IH_PR,IH,Target-local logistic,precision_recall_curve,0.8025494982370491,0.323211359912616,,,,2024,binary_20260719_044949_c6c955a30fc2,binary_20260719_044949_c6c955a30fc2,experiments/binary_results/binary_20260719_044949_c6c955a30fc2/test_predictions.csv,f0578c61cfb8f0bbef7c58d8ab338b9d31850912e618d5abe81846aa15e5c298,Figure 4
Fig5,IH_PR,IH,Target-local logistic,precision_recall_curve,0.7984811499864388,0.326929483620211,,,,2024,binary_20260719_044949_c6c955a30fc2,binary_20260719_044949_c6c955a30fc2,experiments/binary_results/binary_20260719_044949_c6c955a30fc2/test_predictions.csv,f0578c61cfb8f0bbef7c58d8ab338b9d31850912e618d5abe81846aa15e5c298,Figure 4
Fig5,IH_PR,IH,Target-local logistic,precision_recall_curve,0.7944128017358286,0.3307735742518351,,,,2024,binary_20260719_044949_c6c955a30fc2,binary_20260719_044949_c6c955a30fc2,experiments/binary_results/binary_20260719_044949_c6c955a30fc2/test_predictions.csv,f0578c61cfb8f0bbef7c58d8ab338b9d31850912e618d5abe81846aa15e5c298,Figure 4
Fig5,IH_PR,IH,Target-local logistic,precision_recall_curve,0.7903444534852183,0.3347501435956347,,,,2024,binary_20260719_044949_c6c955a30fc2,binary_20260719_044949_c6c955a30fc2,experiments/binary_results/binary_20260719_044949_c6c955a30fc2/test_predictions.csv,f0578c61cfb8f0bbef7c58d8ab338b9d31850912e618d5abe81846aa15e5c298,Figure 4
Fig5,IH_PR,IH,Target-local logistic,precision_recall_curve,0.7832926498508272,0.3375803623611922,,,,2024,binary_20260719_044949_c6c955a30fc2,binary_20260719_044949_c6c955a30fc2,experiments/binary_results/binary_20260719_044949_c6c955a30fc2/test_predictions.csv,f0578c61cfb8f0bbef7c58d8ab338b9d31850912e618d5abe81846aa15e5c298,Figure 4
Fig5,IH_PR,IH,Target-local logistic,precision_recall_curve,0.7781394087333876,0.3413444378346222,,,,2024,binary_20260719_044949_c6c955a30fc2,binary_20260719_044949_c6c955a30fc2,experiments/binary_results/binary_20260719_044949_c6c955a30fc2/test_predictions.csv,f0578c61cfb8f0bbef7c58d8ab338b9d31850912e618d5abe81846aa15e5c298,Figure 4
Fig5,IH_PR,IH,Target-local logistic,precision_recall_curve,0.7756983997830215,0.3464566929133858,,,,2024,binary_20260719_044949_c6c955a30fc2,binary_20260719_044949_c6c955a30fc2,experiments/binary_results/binary_20260719_044949_c6c955a30fc2/test_predictions.csv,f0578c61cfb8f0bbef7c58d8ab338b9d31850912e618d5abe81846aa15e5c298,Figure 4
Fig5,IH_PR,IH,Target-local logistic,precision_recall_curve,0.7702739354488745,0.3504009870450339,,,,2024,binary_20260719_044949_c6c955a30fc2,binary_20260719_044949_c6c955a30fc2,experiments/binary_results/binary_20260719_044949_c6c955a30fc2/test_predictions.csv,f0578c61cfb8f0bbef7c58d8ab338b9d31850912e618d5abe81846aa15e5c298,Figure 4
Fig5,IH_PR,IH,Target-local logistic,precision_recall_curve,0.7648494711147275,0.3544940289126335,,,,2024,binary_20260719_044949_c6c955a30fc2,binary_20260719_044949_c6c955a30fc2,experiments/binary_results/binary_20260719_044949_c6c955a30fc2/test_predictions.csv,f0578c61cfb8f0bbef7c58d8ab338b9d31850912e618d5abe81846aa15e5c298,Figure 4
Fig5,IH_PR,IH,Target-local logistic,precision_recall_curve,0.7599674532139952,0.3590006406149904,,,,2024,binary_20260719_044949_c6c955a30fc2,binary_20260719_044949_c6c955a30fc2,experiments/binary_results/binary_20260719_044949_c6c955a30fc2/test_predictions.csv,f0578c61cfb8f0bbef7c58d8ab338b9d31850912e618d5abe81846aa15e5c298,Figure 4
Fig5,IH_PR,IH,Target-local logistic,precision_recall_curve,0.752915649579604,0.36263879817113,,,,2024,binary_20260719_044949_c6c955a30fc2,binary_20260719_044949_c6c955a30fc2,experiments/binary_results/binary_20260719_044949_c6c955a30fc2/test_predictions.csv,f0578c61cfb8f0bbef7c58d8ab338b9d31850912e618d5abe81846aa15e5c298,Figure 4
Fig5,IH_PR,IH,Target-local logistic,precision_recall_curve,0.7461350691619203,0.3665556295802798,,,,2024,binary_20260719_044949_c6c955a30fc2,binary_20260719_044949_c6c955a30fc2,experiments/binary_results/binary_20260719_044949_c6c955a30fc2/test_predictions.csv,f0578c61cfb8f0bbef7c58d8ab338b9d31850912e618d5abe81846aa15e5c298,Figure 4
Fig5,IH_PR,IH,Target-local logistic,precision_recall_curve,0.7407106048277733,0.3713625237965733,,,,2024,binary_20260719_044949_c6c955a30fc2,binary_20260719_044949_c6c955a30fc2,experiments/binary_results/binary_20260719_044949_c6c955a30fc2/test_predictions.csv,f0578c61cfb8f0bbef7c58d8ab338b9d31850912e618d5abe81846aa15e5c298,Figure 4
Fig5,IH_PR,IH,Target-local logistic,precision_recall_curve,0.7323026851098454,0.3747917823431427,,,,2024,binary_20260719_044949_c6c955a30fc2,binary_20260719_044949_c6c955a30fc2,experiments/binary_results/binary_20260719_044949_c6c955a30fc2/test_predictions.csv,f0578c61cfb8f0bbef7c58d8ab338b9d31850912e618d5abe81846aa15e5c298,Figure 4
Fig5,IH_PR,IH,Target-local logistic,precision_recall_curve,0.724979658258747,0.3789339381910973,,,,2024,binary_20260719_044949_c6c955a30fc2,binary_20260719_044949_c6c955a30fc2,experiments/binary_results/binary_20260719_044949_c6c955a30fc2/test_predictions.csv,f0578c61cfb8f0bbef7c58d8ab338b9d31850912e618d5abe81846aa15e5c298,Figure 4
Fig5,IH_PR,IH,Target-local logistic,precision_recall_curve,0.7165717385408191,0.3826767091541135,,,,2024,binary_20260719_044949_c6c955a30fc2,binary_20260719_044949_c6c955a30fc2,experiments/binary_results/binary_20260719_044949_c6c955a30fc2/test_predictions.csv,f0578c61cfb8f0bbef7c58d8ab338b9d31850912e618d5abe81846aa15e5c298,Figure 4
Fig5,IH_PR,IH,Target-local logistic,precision_recall_curve,0.7108760509899648,0.3880663310630737,,,,2024,binary_20260719_044949_c6c955a30fc2,binary_20260719_044949_c6c955a30fc2,experiments/binary_results/binary_20260719_044949_c6c955a30fc2/test_predictions.csv,f0578c61cfb8f0bbef7c58d8ab338b9d31850912e618d5abe81846aa15e5c298,Figure 4
Fig5,IH_PR,IH,Target-local logistic,precision_recall_curve,0.7016544616219148,0.3917322834645669,,,,2024,binary_20260719_044949_c6c955a30fc2,binary_20260719_044949_c6c955a30fc2,experiments/binary_results/binary_20260719_044949_c6c955a30fc2/test_predictions.csv,f0578c61cfb8f0bbef7c58d8ab338b9d31850912e618d5abe81846aa15e5c298,Figure 4
Fig5,IH_PR,IH,Target-local logistic,precision_recall_curve,0.6946026579875237,0.39680818097304,,,,2024,binary_20260719_044949_c6c955a30fc2,binary_20260719_044949_c6c955a30fc2,experiments/binary_results/binary_20260719_044949_c6c955a30fc2/test_predictions.csv,f0578c61cfb8f0bbef7c58d8ab338b9d31850912e618d5abe81846aa15e5c298,Figure 4
Fig5,IH_PR,IH,Target-local logistic,precision_recall_curve,0.6861947382695959,0.4013324873096446,,,,2024,binary_20260719_044949_c6c955a30fc2,binary_20260719_044949_c6c955a30fc2,experiments/binary_results/binary_20260719_044949_c6c955a30fc2/test_predictions.csv,f0578c61cfb8f0bbef7c58d8ab338b9d31850912e618d5abe81846aa15e5c298,Figure 4
Fig5,IH_PR,IH,Target-local logistic,precision_recall_curve,0.6786004882017901,0.406564835879103,,,,2024,binary_20260719_044949_c6c955a30fc2,binary_20260719_044949_c6c955a30fc2,experiments/binary_results/binary_20260719_044949_c6c955a30fc2/test_predictions.csv,f0578c61cfb8f0bbef7c58d8ab338b9d31850912e618d5abe81846aa15e5c298,Figure 4
Fig5,IH_PR,IH,Target-local logistic,precision_recall_curve,0.6691076756170328,0.4108927381745503,,,,2024,binary_20260719_044949_c6c955a30fc2,binary_20260719_044949_c6c955a30fc2,experiments/binary_results/binary_20260719_044949_c6c955a30fc2/test_predictions.csv,f0578c61cfb8f0bbef7c58d8ab338b9d31850912e618d5abe81846aa15e5c298,Figure 4
Fig5,IH_PR,IH,Target-local logistic,precision_recall_curve,0.6596148630322756,0.4154424325247693,,,,2024,binary_20260719_044949_c6c955a30fc2,binary_20260719_044949_c6c955a30fc2,experiments/binary_results/binary_20260719_044949_c6c955a30fc2/test_predictions.csv,f0578c61cfb8f0bbef7c58d8ab338b9d31850912e618d5abe81846aa15e5c298,Figure 4
Fig5,IH_PR,IH,Target-local logistic,precision_recall_curve,0.6517493897477624,0.4212833099579243,,,,2024,binary_20260719_044949_c6c955a30fc2,binary_20260719_044949_c6c955a30fc2,experiments/binary_results/binary_20260719_044949_c6c955a30fc2/test_predictions.csv,f0578c61cfb8f0bbef7c58d8ab338b9d31850912e618d5abe81846aa15e5c298,Figure 4
Fig5,IH_PR,IH,Target-local logistic,precision_recall_curve,0.6441551396799566,0.4276967405006303,,,,2024,binary_20260719_044949_c6c955a30fc2,binary_20260719_044949_c6c955a30fc2,experiments/binary_results/binary_20260719_044949_c6c955a30fc2/test_predictions.csv,f0578c61cfb8f0bbef7c58d8ab338b9d31850912e618d5abe81846aa15e5c298,Figure 4
Fig5,IH_PR,IH,Target-local logistic,precision_recall_curve,0.635204773528614,0.433462890986489,,,,2024,binary_20260719_044949_c6c955a30fc2,binary_20260719_044949_c6c955a30fc2,experiments/binary_results/binary_20260719_044949_c6c955a30fc2/test_predictions.csv,f0578c61cfb8f0bbef7c58d8ab338b9d31850912e618d5abe81846aa15e5c298,Figure 4
Fig5,IH_PR,IH,Target-local logistic,precision_recall_curve,0.6254407377271495,0.4389872453835903,,,,2024,binary_20260719_044949_c6c955a30fc2,binary_20260719_044949_c6c955a30fc2,experiments/binary_results/binary_20260719_044949_c6c955a30fc2/test_predictions.csv,f0578c61cfb8f0bbef7c58d8ab338b9d31850912e618d5abe81846aa15e5c298,Figure 4
Fig5,IH_PR,IH,Target-local logistic,precision_recall_curve,0.6145918090588555,0.4440525181265922,,,,2024,binary_20260719_044949_c6c955a30fc2,binary_20260719_044949_c6c955a30fc2,experiments/binary_results/binary_20260719_044949_c6c955a30fc2/test_predictions.csv,f0578c61cfb8f0bbef7c58d8ab338b9d31850912e618d5abe81846aa15e5c298,Figure 4
Fig5,IH_PR,IH,Target-local logistic,precision_recall_curve,0.6034716571738541,0.4492226933171815,,,,2024,binary_20260719_044949_c6c955a30fc2,binary_20260719_044949_c6c955a30fc2,experiments/binary_results/binary_20260719_044949_c6c955a30fc2/test_predictions.csv,f0578c61cfb8f0bbef7c58d8ab338b9d31850912e618d5abe81846aa15e5c298,Figure 4
Fig5,IH_PR,IH,Target-local logistic,precision_recall_curve,0.5934363981556822,0.4555486154486779,,,,2024,binary_20260719_044949_c6c955a30fc2,binary_20260719_044949_c6c955a30fc2,experiments/binary_results/binary_20260719_044949_c6c955a30fc2/test_predictions.csv,f0578c61cfb8f0bbef7c58d8ab338b9d31850912e618d5abe81846aa15e5c298,Figure 4
Fig5,IH_PR,IH,Target-local logistic,precision_recall_curve,0.5820450230539734,0.4612078229099505,,,,2024,binary_20260719_044949_c6c955a30fc2,binary_20260719_044949_c6c955a30fc2,experiments/binary_results/binary_20260719_044949_c6c955a30fc2/test_predictions.csv,f0578c61cfb8f0bbef7c58d8ab338b9d31850912e618d5abe81846aa15e5c298,Figure 4
Fig5,IH_PR,IH,Target-local logistic,precision_recall_curve,0.5717385408190941,0.4681323562069731,,,,2024,binary_20260719_044949_c6c955a30fc2,binary_20260719_044949_c6c955a30fc2,experiments/binary_results/binary_20260719_044949_c6c955a30fc2/test_predictions.csv,f0578c61cfb8f0bbef7c58d8ab338b9d31850912e618d5abe81846aa15e5c298,Figure 4
Fig5,IH_PR,IH,Target-local logistic,precision_recall_curve,0.559262272850556,0.4736963014013324,,,,2024,binary_20260719_044949_c6c955a30fc2,binary_20260719_044949_c6c955a30fc2,experiments/binary_results/binary_20260719_044949_c6c955a30fc2/test_predictions.csv,f0578c61cfb8f0bbef7c58d8ab338b9d31850912e618d5abe81846aa15e5c298,Figure 4
Fig5,IH_PR,IH,Target-local logistic,precision_recall_curve,0.5478708977488473,0.4806090887461337,,,,2024,binary_20260719_044949_c6c955a30fc2,binary_20260719_044949_c6c955a30fc2,experiments/binary_results/binary_20260719_044949_c6c955a30fc2/test_predictions.csv,f0578c61cfb8f0bbef7c58d8ab338b9d31850912e618d5abe81846aa15e5c298,Figure 4
Fig5,IH_PR,IH,Target-local logistic,precision_recall_curve,0.5375644155139679,0.4890204786577843,,,,2024,binary_20260719_044949_c6c955a30fc2,binary_20260719_044949_c6c955a30fc2,experiments/binary_results/binary_20260719_044949_c6c955a30fc2/test_predictions.csv,f0578c61cfb8f0bbef7c58d8ab338b9d31850912e618d5abe81846aa15e5c298,Figure 4
Fig5,IH_PR,IH,Target-local logistic,precision_recall_curve,0.5250881475454299,0.4960286958749679,,,,2024,binary_20260719_044949_c6c955a30fc2,binary_20260719_044949_c6c955a30fc2,experiments/binary_results/binary_20260719_044949_c6c955a30fc2/test_predictions.csv,f0578c61cfb8f0bbef7c58d8ab338b9d31850912e618d5abe81846aa15e5c298,Figure 4
Fig5,IH_PR,IH,Target-local logistic,precision_recall_curve,0.5115269867100624,0.502531308286704,,,,2024,binary_20260719_044949_c6c955a30fc2,binary_20260719_044949_c6c955a30fc2,experiments/binary_results/binary_20260719_044949_c6c955a30fc2/test_predictions.csv,f0578c61cfb8f0bbef7c58d8ab338b9d31850912e618d5abe81846aa15e5c298,Figure 4
Fig5,IH_PR,IH,Target-local logistic,precision_recall_curve,0.4982370490914022,0.5099944475291505,,,,2024,binary_20260719_044949_c6c955a30fc2,binary_20260719_044949_c6c955a30fc2,experiments/binary_results/binary_20260719_044949_c6c955a30fc2/test_predictions.csv,f0578c61cfb8f0bbef7c58d8ab338b9d31850912e618d5abe81846aa15e5c298,Figure 4
Fig5,IH_PR,IH,Target-local logistic,precision_recall_curve,0.48494711147274205,0.5179606025492468,,,,2024,binary_20260719_044949_c6c955a30fc2,binary_20260719_044949_c6c955a30fc2,experiments/binary_results/binary_20260719_044949_c6c955a30fc2/test_predictions.csv,f0578c61cfb8f0bbef7c58d8ab338b9d31850912e618d5abe81846aa15e5c298,Figure 4
Fig5,IH_PR,IH,Target-local logistic,precision_recall_curve,0.4694873881204231,0.5242277407631738,,,,2024,binary_20260719_044949_c6c955a30fc2,binary_20260719_044949_c6c955a30fc2,experiments/binary_results/binary_20260719_044949_c6c955a30fc2/test_predictions.csv,f0578c61cfb8f0bbef7c58d8ab338b9d31850912e618d5abe81846aa15e5c298,Figure 4
Fig5,IH_PR,IH,Target-local logistic,precision_recall_curve,0.45619745050176297,0.5336294416243654,,,,2024,binary_20260719_044949_c6c955a30fc2,binary_20260719_044949_c6c955a30fc2,experiments/binary_results/binary_20260719_044949_c6c955a30fc2/test_predictions.csv,f0578c61cfb8f0bbef7c58d8ab338b9d31850912e618d5abe81846aa15e5c298,Figure 4
Fig5,IH_PR,IH,Target-local logistic,precision_recall_curve,0.4396528342826146,0.5399733510992671,,,,2024,binary_20260719_044949_c6c955a30fc2,binary_20260719_044949_c6c955a30fc2,experiments/binary_results/binary_20260719_044949_c6c955a30fc2/test_predictions.csv,f0578c61cfb8f0bbef7c58d8ab338b9d31850912e618d5abe81846aa15e5c298,Figure 4
Fig5,IH_PR,IH,Target-local logistic,precision_recall_curve,0.4260916734472471,0.5508415147265077,,,,2024,binary_20260719_044949_c6c955a30fc2,binary_20260719_044949_c6c955a30fc2,experiments/binary_results/binary_20260719_044949_c6c955a30fc2/test_predictions.csv,f0578c61cfb8f0bbef7c58d8ab338b9d31850912e618d5abe81846aa15e5c298,Figure 4
Fig5,IH_PR,IH,Target-local logistic,precision_recall_curve,0.4114456197450502,0.5614359733530718,,,,2024,binary_20260719_044949_c6c955a30fc2,binary_20260719_044949_c6c955a30fc2,experiments/binary_results/binary_20260719_044949_c6c955a30fc2/test_predictions.csv,f0578c61cfb8f0bbef7c58d8ab338b9d31850912e618d5abe81846aa15e5c298,Figure 4
Fig5,IH_PR,IH,Target-local logistic,precision_recall_curve,0.397342012476268,0.5740595611285266,,,,2024,binary_20260719_044949_c6c955a30fc2,binary_20260719_044949_c6c955a30fc2,experiments/binary_results/binary_20260719_044949_c6c955a30fc2/test_predictions.csv,f0578c61cfb8f0bbef7c58d8ab338b9d31850912e618d5abe81846aa15e5c298,Figure 4
Fig5,IH_PR,IH,Target-local logistic,precision_recall_curve,0.38133984269053434,0.585345545378851,,,,2024,binary_20260719_044949_c6c955a30fc2,binary_20260719_044949_c6c955a30fc2,experiments/binary_results/binary_20260719_044949_c6c955a30fc2/test_predictions.csv,f0578c61cfb8f0bbef7c58d8ab338b9d31850912e618d5abe81846aa15e5c298,Figure 4
Fig5,IH_PR,IH,Target-local logistic,precision_recall_curve,0.365608896121508,0.5985790408525755,,,,2024,binary_20260719_044949_c6c955a30fc2,binary_20260719_044949_c6c955a30fc2,experiments/binary_results/binary_20260719_044949_c6c955a30fc2/test_predictions.csv,f0578c61cfb8f0bbef7c58d8ab338b9d31850912e618d5abe81846aa15e5c298,Figure 4
Fig5,IH_PR,IH,Target-local logistic,precision_recall_curve,0.3482506102522376,0.6108468125594672,,,,2024,binary_20260719_044949_c6c955a30fc2,binary_20260719_044949_c6c955a30fc2,experiments/binary_results/binary_20260719_044949_c6c955a30fc2/test_predictions.csv,f0578c61cfb8f0bbef7c58d8ab338b9d31850912e618d5abe81846aa15e5c298,Figure 4
Fig5,IH_PR,IH,Target-local logistic,precision_recall_curve,0.3308923243829672,0.625,,,,2024,binary_20260719_044949_c6c955a30fc2,binary_20260719_044949_c6c955a30fc2,experiments/binary_results/binary_20260719_044949_c6c955a30fc2/test_predictions.csv,f0578c61cfb8f0bbef7c58d8ab338b9d31850912e618d5abe81846aa15e5c298,Figure 4
Fig5,IH_PR,IH,Target-local logistic,precision_recall_curve,0.3105505831299159,0.6357579122709606,,,,2024,binary_20260719_044949_c6c955a30fc2,binary_20260719_044949_c6c955a30fc2,experiments/binary_results/binary_20260719_044949_c6c955a30fc2/test_predictions.csv,f0578c61cfb8f0bbef7c58d8ab338b9d31850912e618d5abe81846aa15e5c298,Figure 4
Fig5,IH_PR,IH,Target-local logistic,precision_recall_curve,0.2893951722267426,0.646274984857662,,,,2024,binary_20260719_044949_c6c955a30fc2,binary_20260719_044949_c6c955a30fc2,experiments/binary_results/binary_20260719_044949_c6c955a30fc2/test_predictions.csv,f0578c61cfb8f0bbef7c58d8ab338b9d31850912e618d5abe81846aa15e5c298,Figure 4
Fig5,IH_PR,IH,Target-local logistic,precision_recall_curve,0.27068077027393544,0.664890073284477,,,,2024,binary_20260719_044949_c6c955a30fc2,binary_20260719_044949_c6c955a30fc2,experiments/binary_results/binary_20260719_044949_c6c955a30fc2/test_predictions.csv,f0578c61cfb8f0bbef7c58d8ab338b9d31850912e618d5abe81846aa15e5c298,Figure 4
Fig5,IH_PR,IH,Target-local logistic,precision_recall_curve,0.24708435042039598,0.6743153219837158,,,,2024,binary_20260719_044949_c6c955a30fc2,binary_20260719_044949_c6c955a30fc2,experiments/binary_results/binary_20260719_044949_c6c955a30fc2/test_predictions.csv,f0578c61cfb8f0bbef7c58d8ab338b9d31850912e618d5abe81846aa15e5c298,Figure 4
Fig5,IH_PR,IH,Target-local logistic,precision_recall_curve,0.22457282343368593,0.6894254787676936,,,,2024,binary_20260719_044949_c6c955a30fc2,binary_20260719_044949_c6c955a30fc2,experiments/binary_results/binary_20260719_044949_c6c955a30fc2/test_predictions.csv,f0578c61cfb8f0bbef7c58d8ab338b9d31850912e618d5abe81846aa15e5c298,Figure 4
Fig5,IH_PR,IH,Target-local logistic,precision_recall_curve,0.20260374288039057,0.7107516650808754,,,,2024,binary_20260719_044949_c6c955a30fc2,binary_20260719_044949_c6c955a30fc2,experiments/binary_results/binary_20260719_044949_c6c955a30fc2/test_predictions.csv,f0578c61cfb8f0bbef7c58d8ab338b9d31850912e618d5abe81846aa15e5c298,Figure 4
Fig5,IH_PR,IH,Target-local logistic,precision_recall_curve,0.17873609981014374,0.7314095449500555,,,,2024,binary_20260719_044949_c6c955a30fc2,binary_20260719_044949_c6c955a30fc2,experiments/binary_results/binary_20260719_044949_c6c955a30fc2/test_predictions.csv,f0578c61cfb8f0bbef7c58d8ab338b9d31850912e618d5abe81846aa15e5c298,Figure 4
Fig5,IH_PR,IH,Target-local logistic,precision_recall_curve,0.15215622457282343,0.7470039946737683,,,,2024,binary_20260719_044949_c6c955a30fc2,binary_20260719_044949_c6c955a30fc2,experiments/binary_results/binary_20260719_044949_c6c955a30fc2/test_predictions.csv,f0578c61cfb8f0bbef7c58d8ab338b9d31850912e618d5abe81846aa15e5c298,Figure 4
Fig5,IH_PR,IH,Target-local logistic,precision_recall_curve,0.12476267968538107,0.7653910149750416,,,,2024,binary_20260719_044949_c6c955a30fc2,binary_20260719_044949_c6c955a30fc2,experiments/binary_results/binary_20260719_044949_c6c955a30fc2/test_predictions.csv,f0578c61cfb8f0bbef7c58d8ab338b9d31850912e618d5abe81846aa15e5c298,Figure 4
Fig5,IH_PR,IH,Target-local logistic,precision_recall_curve,0.0951993490642799,0.7782705099778271,,,,2024,binary_20260719_044949_c6c955a30fc2,binary_20260719_044949_c6c955a30fc2,experiments/binary_results/binary_20260719_044949_c6c955a30fc2/test_predictions.csv,f0578c61cfb8f0bbef7c58d8ab338b9d31850912e618d5abe81846aa15e5c298,Figure 4
Fig5,IH_PR,IH,Target-local logistic,precision_recall_curve,0.06509357200976404,0.7973421926910299,,,,2024,binary_20260719_044949_c6c955a30fc2,binary_20260719_044949_c6c955a30fc2,experiments/binary_results/binary_20260719_044949_c6c955a30fc2/test_predictions.csv,f0578c61cfb8f0bbef7c58d8ab338b9d31850912e618d5abe81846aa15e5c298,Figure 4
Fig5,IH_PR,IH,Target-local logistic,precision_recall_curve,0.03390290208841877,0.8278145695364238,,,,2024,binary_20260719_044949_c6c955a30fc2,binary_20260719_044949_c6c955a30fc2,experiments/binary_results/binary_20260719_044949_c6c955a30fc2/test_predictions.csv,f0578c61cfb8f0bbef7c58d8ab338b9d31850912e618d5abe81846aa15e5c298,Figure 4
Fig5,IH_PR,IH,Target-local logistic,precision_recall_curve,0.0,1.0,,,,2024,binary_20260719_044949_c6c955a30fc2,binary_20260719_044949_c6c955a30fc2,experiments/binary_results/binary_20260719_044949_c6c955a30fc2/test_predictions.csv,f0578c61cfb8f0bbef7c58d8ab338b9d31850912e618d5abe81846aa15e5c298,Figure 4
Fig5,IH_calibration,IH,Target-local logistic,observed_rate,0.0033252188493432364,0.0026782725142283,,,2987,2024,binary_20260719_044949_c6c955a30fc2,binary_20260719_044949_c6c955a30fc2,experiments/binary_results/binary_20260719_044949_c6c955a30fc2/test_predictions.csv,f0578c61cfb8f0bbef7c58d8ab338b9d31850912e618d5abe81846aa15e5c298,Figure 4
Fig5,IH_calibration,IH,Target-local logistic,observed_rate,0.008608774519114085,0.0050217609641781,,,2987,2024,binary_20260719_044949_c6c955a30fc2,binary_20260719_044949_c6c955a30fc2,experiments/binary_results/binary_20260719_044949_c6c955a30fc2/test_predictions.csv,f0578c61cfb8f0bbef7c58d8ab338b9d31850912e618d5abe81846aa15e5c298,Figure 4
Fig5,IH_calibration,IH,Target-local logistic,observed_rate,0.015238969795001356,0.0120562625586068,,,2986,2024,binary_20260719_044949_c6c955a30fc2,binary_20260719_044949_c6c955a30fc2,experiments/binary_results/binary_20260719_044949_c6c955a30fc2/test_predictions.csv,f0578c61cfb8f0bbef7c58d8ab338b9d31850912e618d5abe81846aa15e5c298,Figure 4
Fig5,IH_calibration,IH,Target-local logistic,observed_rate,0.02418844142235942,0.0234348844994978,,,2987,2024,binary_20260719_044949_c6c955a30fc2,binary_20260719_044949_c6c955a30fc2,experiments/binary_results/binary_20260719_044949_c6c955a30fc2/test_predictions.csv,f0578c61cfb8f0bbef7c58d8ab338b9d31850912e618d5abe81846aa15e5c298,Figure 4
Fig5,IH_calibration,IH,Target-local logistic,observed_rate,0.036032809706912625,0.037173476222371,,,2986,2024,binary_20260719_044949_c6c955a30fc2,binary_20260719_044949_c6c955a30fc2,experiments/binary_results/binary_20260719_044949_c6c955a30fc2/test_predictions.csv,f0578c61cfb8f0bbef7c58d8ab338b9d31850912e618d5abe81846aa15e5c298,Figure 4
Fig5,IH_calibration,IH,Target-local logistic,observed_rate,0.054212407081399655,0.0609306996986943,,,2987,2024,binary_20260719_044949_c6c955a30fc2,binary_20260719_044949_c6c955a30fc2,experiments/binary_results/binary_20260719_044949_c6c955a30fc2/test_predictions.csv,f0578c61cfb8f0bbef7c58d8ab338b9d31850912e618d5abe81846aa15e5c298,Figure 4
Fig5,IH_calibration,IH,Target-local logistic,observed_rate,0.08487232530628142,0.108841259209645,,,2986,2024,binary_20260719_044949_c6c955a30fc2,binary_20260719_044949_c6c955a30fc2,experiments/binary_results/binary_20260719_044949_c6c955a30fc2/test_predictions.csv,f0578c61cfb8f0bbef7c58d8ab338b9d31850912e618d5abe81846aa15e5c298,Figure 4
Fig5,IH_calibration,IH,Target-local logistic,observed_rate,0.1414947413783429,0.1603615667894208,,,2987,2024,binary_20260719_044949_c6c955a30fc2,binary_20260719_044949_c6c955a30fc2,experiments/binary_results/binary_20260719_044949_c6c955a30fc2/test_predictions.csv,f0578c61cfb8f0bbef7c58d8ab338b9d31850912e618d5abe81846aa15e5c298,Figure 4
Fig5,IH_calibration,IH,Target-local logistic,observed_rate,0.25257158223686077,0.2823174815807099,,,2986,2024,binary_20260719_044949_c6c955a30fc2,binary_20260719_044949_c6c955a30fc2,experiments/binary_results/binary_20260719_044949_c6c955a30fc2/test_predictions.csv,f0578c61cfb8f0bbef7c58d8ab338b9d31850912e618d5abe81846aa15e5c298,Figure 4
Fig5,IH_calibration,IH,Target-local logistic,observed_rate,0.5586539187021308,0.5416806160026783,,,2987,2024,binary_20260719_044949_c6c955a30fc2,binary_20260719_044949_c6c955a30fc2,experiments/binary_results/binary_20260719_044949_c6c955a30fc2/test_predictions.csv,f0578c61cfb8f0bbef7c58d8ab338b9d31850912e618d5abe81846aa15e5c298,Figure 4
Fig4,rbf_mmd,IDH,Before,rbf_mmd,,0.1836682558059692,,,,2024,binary_20260719_044949_c6c955a30fc2,binary_20260719_044949_c6c955a30fc2,experiments/final_results/main_mechanism_aware/latent_analysis.json,838a0e9b6af588928f626c05c26b03456c826b009722f89537aba13905c3d6cb,Figure 5
Fig4,rbf_mmd,IDH,After,rbf_mmd,,0.1887896060943603,,,,2024,binary_20260719_044949_c6c955a30fc2,binary_20260719_044949_c6c955a30fc2,experiments/final_results/main_mechanism_aware/latent_analysis.json,838a0e9b6af588928f626c05c26b03456c826b009722f89537aba13905c3d6cb,Figure 5
Fig4,rbf_mmd,IH,Before,rbf_mmd,,0.0093076229095458,,,,2024,binary_20260719_044949_c6c955a30fc2,binary_20260719_044949_c6c955a30fc2,experiments/final_results/main_mechanism_aware/latent_analysis.json,838a0e9b6af588928f626c05c26b03456c826b009722f89537aba13905c3d6cb,Figure 5
Fig4,rbf_mmd,IH,After,rbf_mmd,,0.0085247755050659,,,,2024,binary_20260719_044949_c6c955a30fc2,binary_20260719_044949_c6c955a30fc2,experiments/final_results/main_mechanism_aware/latent_analysis.json,838a0e9b6af588928f626c05c26b03456c826b009722f89537aba13905c3d6cb,Figure 5
Fig4,domain_auc,IDH,Before,domain_auc,,0.9980117998076976,,,,2024,binary_20260719_044949_c6c955a30fc2,binary_20260719_044949_c6c955a30fc2,experiments/final_results/main_mechanism_aware/latent_analysis.json,838a0e9b6af588928f626c05c26b03456c826b009722f89537aba13905c3d6cb,Figure 5
Fig4,domain_auc,IDH,After,domain_auc,,0.9905111760411388,,,,2024,binary_20260719_044949_c6c955a30fc2,binary_20260719_044949_c6c955a30fc2,experiments/final_results/main_mechanism_aware/latent_analysis.json,838a0e9b6af588928f626c05c26b03456c826b009722f89537aba13905c3d6cb,Figure 5
Fig4,domain_auc,IH,Before,domain_auc,,0.7253618613393908,,,,2024,binary_20260719_044949_c6c955a30fc2,binary_20260719_044949_c6c955a30fc2,experiments/final_results/main_mechanism_aware/latent_analysis.json,838a0e9b6af588928f626c05c26b03456c826b009722f89537aba13905c3d6cb,Figure 5
Fig4,domain_auc,IH,After,domain_auc,,0.749389575301933,,,,2024,binary_20260719_044949_c6c955a30fc2,binary_20260719_044949_c6c955a30fc2,experiments/final_results/main_mechanism_aware/latent_analysis.json,838a0e9b6af588928f626c05c26b03456c826b009722f89537aba13905c3d6cb,Figure 5
Fig4,physio_ratio,IDH,Before,physio_ratio,,0.8348503124410689,,,,2024,binary_20260719_044949_c6c955a30fc2,binary_20260719_044949_c6c955a30fc2,experiments/final_results/main_mechanism_aware/shap_analysis_full.json,1610315a675d3e63c29e3647c19cfa29ad39f3d25b1fdecaf6c7b7a4c8f293b2,Figure 5
Fig4,physio_ratio,IDH,After,physio_ratio,,0.9407489774130496,,,,2024,binary_20260719_044949_c6c955a30fc2,binary_20260719_044949_c6c955a30fc2,experiments/final_results/main_mechanism_aware/shap_analysis_full.json,1610315a675d3e63c29e3647c19cfa29ad39f3d25b1fdecaf6c7b7a4c8f293b2,Figure 5
Fig4,physio_ratio,IH,Before,physio_ratio,,0.9684658496679432,,,,2024,binary_20260719_044949_c6c955a30fc2,binary_20260719_044949_c6c955a30fc2,experiments/final_results/main_mechanism_aware/shap_analysis_full.json,1610315a675d3e63c29e3647c19cfa29ad39f3d25b1fdecaf6c7b7a4c8f293b2,Figure 5
Fig4,physio_ratio,IH,After,physio_ratio,,0.9789686480063456,,,,2024,binary_20260719_044949_c6c955a30fc2,binary_20260719_044949_c6c955a30fc2,experiments/final_results/main_mechanism_aware/shap_analysis_full.json,1610315a675d3e63c29e3647c19cfa29ad39f3d25b1fdecaf6c7b7a4c8f293b2,Figure 5
Fig4,spearman,IDH,Before,spearman,,0.7658096392925798,,,,2024,binary_20260719_044949_c6c955a30fc2,binary_20260719_044949_c6c955a30fc2,experiments/final_results/main_mechanism_aware/shap_analysis_full.json,1610315a675d3e63c29e3647c19cfa29ad39f3d25b1fdecaf6c7b7a4c8f293b2,Figure 5
Fig4,spearman,IDH,After,spearman,,0.8172706515001679,,,,2024,binary_20260719_044949_c6c955a30fc2,binary_20260719_044949_c6c955a30fc2,experiments/final_results/main_mechanism_aware/shap_analysis_full.json,1610315a675d3e63c29e3647c19cfa29ad39f3d25b1fdecaf6c7b7a4c8f293b2,Figure 5
Fig4,spearman,IH,Before,spearman,,0.9059233449477352,,,,2024,binary_20260719_044949_c6c955a30fc2,binary_20260719_044949_c6c955a30fc2,experiments/final_results/main_mechanism_aware/shap_analysis_full.json,1610315a675d3e63c29e3647c19cfa29ad39f3d25b1fdecaf6c7b7a4c8f293b2,Figure 5
Fig4,spearman,IH,After,spearman,,0.9329268292682928,,,,2024,binary_20260719_044949_c6c955a30fc2,binary_20260719_044949_c6c955a30fc2,experiments/final_results/main_mechanism_aware/shap_analysis_full.json,1610315a675d3e63c29e3647c19cfa29ad39f3d25b1fdecaf6c7b7a4c8f293b2,Figure 5
Fig3,IDH,IDH,Source MLP,sensitivity,,0.8795680345572354,0.8562896795092747,0.8988578542993362,29866,2024,binary_20260719_044949_c6c955a30fc2,binary_20260719_044949_c6c955a30fc2,clinical_utility_report/alert_analysis.csv,a5811882c8ede7bce7b8c602b368cfd1c8538fb91bab7cf4aa5fab861a256f08,Figure 3
Fig3,IDH,IDH,Source MLP,specificity,,0.3956043956043956,0.3581176665641208,0.4329680750970708,29866,2024,binary_20260719_044949_c6c955a30fc2,binary_20260719_044949_c6c955a30fc2,clinical_utility_report/alert_analysis.csv,a5811882c8ede7bce7b8c602b368cfd1c8538fb91bab7cf4aa5fab861a256f08,Figure 3
Fig3,IDH,IDH,Source MLP,ppv,,0.4794217366735732,0.4412542011048215,0.5144279867007308,29866,2024,binary_20260719_044949_c6c955a30fc2,binary_20260719_044949_c6c955a30fc2,clinical_utility_report/alert_analysis.csv,a5811882c8ede7bce7b8c602b368cfd1c8538fb91bab7cf4aa5fab861a256f08,Figure 3
Fig3,IDH,IDH,Source MLP,npv,,0.8384704519119351,0.8211612422479688,0.8536878921394493,29866,2024,binary_20260719_044949_c6c955a30fc2,binary_20260719_044949_c6c955a30fc2,clinical_utility_report/alert_analysis.csv,a5811882c8ede7bce7b8c602b368cfd1c8538fb91bab7cf4aa5fab861a256f08,Figure 3
Fig3,IDH,IDH,Source MLP,events_detected_per_1000,,340.8893055648564,301.3158644097205,377.8284593034357,29866,2024,binary_20260719_044949_c6c955a30fc2,binary_20260719_044949_c6c955a30fc2,clinical_utility_report/alert_analysis.csv,a5811882c8ede7bce7b8c602b368cfd1c8538fb91bab7cf4aa5fab861a256f08,Figure 3
Fig3,IDH,IDH,Source MLP,false_alerts_per_1000,,370.1533516373133,346.61508597215123,393.42530254024143,29866,2024,binary_20260719_044949_c6c955a30fc2,binary_20260719_044949_c6c955a30fc2,clinical_utility_report/alert_analysis.csv,a5811882c8ede7bce7b8c602b368cfd1c8538fb91bab7cf4aa5fab861a256f08,Figure 3
Fig3,IDH,IDH,Updated MLP,sensitivity,,0.744622030237581,0.7064725816570271,0.7779186620745502,29866,2024,binary_20260719_044949_c6c955a30fc2,binary_20260719_044949_c6c955a30fc2,clinical_utility_report/alert_analysis.csv,a5811882c8ede7bce7b8c602b368cfd1c8538fb91bab7cf4aa5fab861a256f08,Figure 3
Fig3,IDH,IDH,Updated MLP,specificity,,0.7771581652178667,0.7452343709148119,0.8061610116078051,29866,2024,binary_20260719_044949_c6c955a30fc2,binary_20260719_044949_c6c955a30fc2,clinical_utility_report/alert_analysis.csv,a5811882c8ede7bce7b8c602b368cfd1c8538fb91bab7cf4aa5fab861a256f08,Figure 3
Fig3,IDH,IDH,Updated MLP,ppv,,0.6789287120913745,0.6513890684869139,0.7062691183512869,29866,2024,binary_20260719_044949_c6c955a30fc2,binary_20260719_044949_c6c955a30fc2,clinical_utility_report/alert_analysis.csv,a5811882c8ede7bce7b8c602b368cfd1c8538fb91bab7cf4aa5fab861a256f08,Figure 3
Fig3,IDH,IDH,Updated MLP,npv,,0.8278492807640789,0.8123983524364258,0.8423599847688873,29866,2024,binary_20260719_044949_c6c955a30fc2,binary_20260719_044949_c6c955a30fc2,clinical_utility_report/alert_analysis.csv,a5811882c8ede7bce7b8c602b368cfd1c8538fb91bab7cf4aa5fab861a256f08,Figure 3
Fig3,IDH,IDH,Updated MLP,events_detected_per_1000,,288.5890310051564,250.249112580874,326.8155623151744,29866,2024,binary_20260719_044949_c6c955a30fc2,binary_20260719_044949_c6c955a30fc2,clinical_utility_report/alert_analysis.csv,a5811882c8ede7bce7b8c602b368cfd1c8538fb91bab7cf4aa5fab861a256f08,Figure 3
Fig3,IDH,IDH,Updated MLP,false_alerts_per_1000,,136.47626063081765,121.91603643149068,150.07655126115014,29866,2024,binary_20260719_044949_c6c955a30fc2,binary_20260719_044949_c6c955a30fc2,clinical_utility_report/alert_analysis.csv,a5811882c8ede7bce7b8c602b368cfd1c8538fb91bab7cf4aa5fab861a256f08,Figure 3
Fig3,IDH,IDH,Target-local logistic,sensitivity,,0.816414686825054,0.7824569412847017,0.8465010860671458,29866,2024,binary_20260719_044949_c6c955a30fc2,binary_20260719_044949_c6c955a30fc2,clinical_utility_report/alert_analysis.csv,a5811882c8ede7bce7b8c602b368cfd1c8538fb91bab7cf4aa5fab861a256f08,Figure 3
Fig3,IDH,IDH,Target-local logistic,specificity,,0.6880979716800613,0.6508482588253149,0.7256414020610749,29866,2024,binary_20260719_044949_c6c955a30fc2,binary_20260719_044949_c6c955a30fc2,clinical_utility_report/alert_analysis.csv,a5811882c8ede7bce7b8c602b368cfd1c8538fb91bab7cf4aa5fab861a256f08,Figure 3
Fig3,IDH,IDH,Target-local logistic,ppv,,0.6235565819861432,0.5948431907229667,0.6519594215006553,29866,2024,binary_20260719_044949_c6c955a30fc2,binary_20260719_044949_c6c955a30fc2,clinical_utility_report/alert_analysis.csv,a5811882c8ede7bce7b8c602b368cfd1c8538fb91bab7cf4aa5fab861a256f08,Figure 3
Fig3,IDH,IDH,Target-local logistic,npv,,0.8555502685065597,0.8422363788097289,0.8689297872492797,29866,2024,binary_20260719_044949_c6c955a30fc2,binary_20260719_044949_c6c955a30fc2,clinical_utility_report/alert_analysis.csv,a5811882c8ede7bce7b8c602b368cfd1c8538fb91bab7cf4aa5fab861a256f08,Figure 3
Fig3,IDH,IDH,Target-local logistic,events_detected_per_1000,,316.41331279716064,276.6083887583963,356.0837105133658,29866,2024,binary_20260719_044949_c6c955a30fc2,binary_20260719_044949_c6c955a30fc2,clinical_utility_report/alert_analysis.csv,a5811882c8ede7bce7b8c602b368cfd1c8538fb91bab7cf4aa5fab861a256f08,Figure 3
Fig3,IDH,IDH,Target-local logistic,false_alerts_per_1000,,191.0198888368044,173.27752312746802,206.9573220698544,29866,2024,binary_20260719_044949_c6c955a30fc2,binary_20260719_044949_c6c955a30fc2,clinical_utility_report/alert_analysis.csv,a5811882c8ede7bce7b8c602b368cfd1c8538fb91bab7cf4aa5fab861a256f08,Figure 3
Fig3,IH,IH,Source MLP,sensitivity,,0.2723081095741795,0.2080934609820075,0.3356362556918451,29866,2024,binary_20260719_044949_c6c955a30fc2,binary_20260719_044949_c6c955a30fc2,clinical_utility_report/alert_analysis.csv,a5811882c8ede7bce7b8c602b368cfd1c8538fb91bab7cf4aa5fab861a256f08,Figure 3
Fig3,IH,IH,Source MLP,specificity,,0.9788379999236028,0.971351465259422,0.9850559052906844,29866,2024,binary_20260719_044949_c6c955a30fc2,binary_20260719_044949_c6c955a30fc2,clinical_utility_report/alert_analysis.csv,a5811882c8ede7bce7b8c602b368cfd1c8538fb91bab7cf4aa5fab861a256f08,Figure 3
Fig3,IH,IH,Source MLP,ppv,,0.6444159178433889,0.6035373604824826,0.678485954665248,29866,2024,binary_20260719_044949_c6c955a30fc2,binary_20260719_044949_c6c955a30fc2,clinical_utility_report/alert_analysis.csv,a5811882c8ede7bce7b8c602b368cfd1c8538fb91bab7cf4aa5fab861a256f08,Figure 3
Fig3,IH,IH,Source MLP,npv,,0.905221138900664,0.8910425674256913,0.9181393620241508,29866,2024,binary_20260719_044949_c6c955a30fc2,binary_20260719_044949_c6c955a30fc2,clinical_utility_report/alert_analysis.csv,a5811882c8ede7bce7b8c602b368cfd1c8538fb91bab7cf4aa5fab861a256f08,Figure 3
Fig3,IH,IH,Source MLP,events_detected_per_1000,,33.61682180405813,22.553220648377582,45.76141106099664,29866,2024,binary_20260719_044949_c6c955a30fc2,binary_20260719_044949_c6c955a30fc2,clinical_utility_report/alert_analysis.csv,a5811882c8ede7bce7b8c602b368cfd1c8538fb91bab7cf4aa5fab861a256f08,Figure 3
Fig3,IH,IH,Source MLP,false_alerts_per_1000,,18.549521194669524,13.38370434293473,24.676604892703264,29866,2024,binary_20260719_044949_c6c955a30fc2,binary_20260719_044949_c6c955a30fc2,clinical_utility_report/alert_analysis.csv,a5811882c8ede7bce7b8c602b368cfd1c8538fb91bab7cf4aa5fab861a256f08,Figure 3
Fig3,IH,IH,Updated MLP,sensitivity,,0.8166531055058313,0.7701533594727267,0.8540083618945602,29866,2024,binary_20260719_044949_c6c955a30fc2,binary_20260719_044949_c6c955a30fc2,clinical_utility_report/alert_analysis.csv,a5811882c8ede7bce7b8c602b368cfd1c8538fb91bab7cf4aa5fab861a256f08,Figure 3
Fig3,IH,IH,Updated MLP,specificity,,0.7559494251117308,0.7148985108013635,0.7941744288645931,29866,2024,binary_20260719_044949_c6c955a30fc2,binary_20260719_044949_c6c955a30fc2,clinical_utility_report/alert_analysis.csv,a5811882c8ede7bce7b8c602b368cfd1c8538fb91bab7cf4aa5fab861a256f08,Figure 3
Fig3,IH,IH,Updated MLP,ppv,,0.3203191489361702,0.2937554795241612,0.3475066289768135,29866,2024,binary_20260719_044949_c6c955a30fc2,binary_20260719_044949_c6c955a30fc2,clinical_utility_report/alert_analysis.csv,a5811882c8ede7bce7b8c602b368cfd1c8538fb91bab7cf4aa5fab861a256f08,Figure 3
Fig3,IH,IH,Updated MLP,npv,,0.966969608130558,0.9613262287783714,0.972136939684924,29866,2024,binary_20260719_044949_c6c955a30fc2,binary_20260719_044949_c6c955a30fc2,clinical_utility_report/alert_analysis.csv,a5811882c8ede7bce7b8c602b368cfd1c8538fb91bab7cf4aa5fab861a256f08,Figure 3
Fig3,IH,IH,Updated MLP,events_detected_per_1000,,100.8169825219313,82.09042593621942,122.31978143562718,29866,2024,binary_20260719_044949_c6c955a30fc2,binary_20260719_044949_c6c955a30fc2,clinical_utility_report/alert_analysis.csv,a5811882c8ede7bce7b8c602b368cfd1c8538fb91bab7cf4aa5fab861a256f08,Figure 3
Fig3,IH,IH,Updated MLP,false_alerts_per_1000,,213.92218576307508,184.7179785439411,245.91589408044587,29866,2024,binary_20260719_044949_c6c955a30fc2,binary_20260719_044949_c6c955a30fc2,clinical_utility_report/alert_analysis.csv,a5811882c8ede7bce7b8c602b368cfd1c8538fb91bab7cf4aa5fab861a256f08,Figure 3
Fig3,IH,IH,Target-local logistic,sensitivity,,0.7732573908326553,0.72226287620847,0.8163751074904686,29866,2024,binary_20260719_044949_c6c955a30fc2,binary_20260719_044949_c6c955a30fc2,clinical_utility_report/alert_analysis.csv,a5811882c8ede7bce7b8c602b368cfd1c8538fb91bab7cf4aa5fab861a256f08,Figure 3
Fig3,IH,IH,Target-local logistic,specificity,,0.7964780931280797,0.7578070012656767,0.831051516018737,29866,2024,binary_20260719_044949_c6c955a30fc2,binary_20260719_044949_c6c955a30fc2,clinical_utility_report/alert_analysis.csv,a5811882c8ede7bce7b8c602b368cfd1c8538fb91bab7cf4aa5fab861a256f08,Figure 3
Fig3,IH,IH,Target-local logistic,ppv,,0.3485756204915026,0.3210060370269654,0.3773993535542302,29866,2024,binary_20260719_044949_c6c955a30fc2,binary_20260719_044949_c6c955a30fc2,clinical_utility_report/alert_analysis.csv,a5811882c8ede7bce7b8c602b368cfd1c8538fb91bab7cf4aa5fab861a256f08,Figure 3
Fig3,IH,IH,Target-local logistic,npv,,0.9614515608429012,0.9551071521768562,0.9671218968171648,29866,2024,binary_20260719_044949_c6c955a30fc2,binary_20260719_044949_c6c955a30fc2,clinical_utility_report/alert_analysis.csv,a5811882c8ede7bce7b8c602b368cfd1c8538fb91bab7cf4aa5fab861a256f08,Figure 3
Fig3,IH,IH,Target-local logistic,events_detected_per_1000,,95.45972008303757,77.30002802162377,116.53611848584936,29866,2024,binary_20260719_044949_c6c955a30fc2,binary_20260719_044949_c6c955a30fc2,clinical_utility_report/alert_analysis.csv,a5811882c8ede7bce7b8c602b368cfd1c8538fb91bab7cf4aa5fab861a256f08,Figure 3
Fig3,IH,IH,Target-local logistic,false_alerts_per_1000,,178.39683921516107,150.874981514326,209.25388943962687,29866,2024,binary_20260719_044949_c6c955a30fc2,binary_20260719_044949_c6c955a30fc2,clinical_utility_report/alert_analysis.csv,a5811882c8ede7bce7b8c602b368cfd1c8538fb91bab7cf4aa5fab861a256f08,Figure 3
Fig2,IDH,IDH,A_dual_no_alignment,architecture_matched_run,13,0.8375867629785942,0.823395827129018,0.8521345126869714,,13,binary_20260720_070731_ee75ce181242,binary_20260720_070731_ee75ce181242,experiments/confirmatory_results/architecture_matched_ablation.csv,2f56a18e34b524ec44cca536df7fc42b5196455801910d96c5716742d2b2d9e6,Figure 2
Fig2,IH,IH,A_dual_no_alignment,architecture_matched_run,13,0.8690036309141753,0.8532210292908151,0.883439143698127,,13,binary_20260720_070731_ee75ce181242,binary_20260720_070731_ee75ce181242,experiments/confirmatory_results/architecture_matched_ablation.csv,2f56a18e34b524ec44cca536df7fc42b5196455801910d96c5716742d2b2d9e6,Figure 2
Fig2,IDH,IDH,A_dual_no_alignment,architecture_matched_run,2024,0.8376393635269881,0.8234332716653504,0.8523840277956524,,2024,binary_20260720_113928_1a0f2475876e,binary_20260720_113928_1a0f2475876e,experiments/confirmatory_results/architecture_matched_ablation.csv,2f56a18e34b524ec44cca536df7fc42b5196455801910d96c5716742d2b2d9e6,Figure 2
Fig2,IH,IH,A_dual_no_alignment,architecture_matched_run,2024,0.8675167518591855,0.8516505792019208,0.8822260656351625,,2024,binary_20260720_113928_1a0f2475876e,binary_20260720_113928_1a0f2475876e,experiments/confirmatory_results/architecture_matched_ablation.csv,2f56a18e34b524ec44cca536df7fc42b5196455801910d96c5716742d2b2d9e6,Figure 2
Fig2,IDH,IDH,A_dual_no_alignment,architecture_matched_run,42,0.8369202217143934,0.822460680190127,0.8514545741261939,,42,binary_20260720_074010_0723dcdc4aad,binary_20260720_074010_0723dcdc4aad,experiments/confirmatory_results/architecture_matched_ablation.csv,2f56a18e34b524ec44cca536df7fc42b5196455801910d96c5716742d2b2d9e6,Figure 2
Fig2,IH,IH,A_dual_no_alignment,architecture_matched_run,42,0.869373676188737,0.8535847724143538,0.883846818347322,,42,binary_20260720_074010_0723dcdc4aad,binary_20260720_074010_0723dcdc4aad,experiments/confirmatory_results/architecture_matched_ablation.csv,2f56a18e34b524ec44cca536df7fc42b5196455801910d96c5716742d2b2d9e6,Figure 2
Fig2,IDH,IDH,A_dual_no_alignment,architecture_matched_run,7,0.8371472403250875,0.8229569141978198,0.8518925863609396,,7,binary_20260720_060428_5e083e05c1ec,binary_20260720_060428_5e083e05c1ec,experiments/confirmatory_results/architecture_matched_ablation.csv,2f56a18e34b524ec44cca536df7fc42b5196455801910d96c5716742d2b2d9e6,Figure 2
Fig2,IH,IH,A_dual_no_alignment,architecture_matched_run,7,0.8681855477612337,0.8524906241847129,0.882586050883009,,7,binary_20260720_060428_5e083e05c1ec,binary_20260720_060428_5e083e05c1ec,experiments/confirmatory_results/architecture_matched_ablation.csv,2f56a18e34b524ec44cca536df7fc42b5196455801910d96c5716742d2b2d9e6,Figure 2
Fig2,IDH,IDH,A_dual_no_alignment,architecture_matched_run,99,0.8364993393935078,0.8225134189557622,0.8512390997217969,,99,binary_20260720_110925_b9edd4fe23bf,binary_20260720_110925_b9edd4fe23bf,experiments/confirmatory_results/architecture_matched_ablation.csv,2f56a18e34b524ec44cca536df7fc42b5196455801910d96c5716742d2b2d9e6,Figure 2
Fig2,IH,IH,A_dual_no_alignment,architecture_matched_run,99,0.8680305778664513,0.8521050427513668,0.8823223088745117,,99,binary_20260720_110925_b9edd4fe23bf,binary_20260720_110925_b9edd4fe23bf,experiments/confirmatory_results/architecture_matched_ablation.csv,2f56a18e34b524ec44cca536df7fc42b5196455801910d96c5716742d2b2d9e6,Figure 2
Fig2,IDH,IDH,B_dual_global_coral,architecture_matched_run,13,0.837557190668309,0.8232923820399752,0.852189987530074,,13,binary_20260720_064145_a584494b3389,binary_20260720_064145_a584494b3389,experiments/confirmatory_results/architecture_matched_ablation.csv,2f56a18e34b524ec44cca536df7fc42b5196455801910d96c5716742d2b2d9e6,Figure 2
Fig2,IH,IH,B_dual_global_coral,architecture_matched_run,13,0.8685474083709416,0.8525791952379043,0.8829479343445612,,13,binary_20260720_064145_a584494b3389,binary_20260720_064145_a584494b3389,experiments/confirmatory_results/architecture_matched_ablation.csv,2f56a18e34b524ec44cca536df7fc42b5196455801910d96c5716742d2b2d9e6,Figure 2
Fig2,IDH,IDH,B_dual_global_coral,architecture_matched_run,2024,0.8372417526919316,0.8231384623050751,0.851963525932921,,2024,binary_20260720_114845_0192984e08ee,binary_20260720_114845_0192984e08ee,experiments/confirmatory_results/architecture_matched_ablation.csv,2f56a18e34b524ec44cca536df7fc42b5196455801910d96c5716742d2b2d9e6,Figure 2
Fig2,IH,IH,B_dual_global_coral,architecture_matched_run,2024,0.8675632904851625,0.8515678697760057,0.882238017793966,,2024,binary_20260720_114845_0192984e08ee,binary_20260720_114845_0192984e08ee,experiments/confirmatory_results/architecture_matched_ablation.csv,2f56a18e34b524ec44cca536df7fc42b5196455801910d96c5716742d2b2d9e6,Figure 2
Fig2,IDH,IDH,B_dual_global_coral,architecture_matched_run,42,0.8369797229408461,0.8225156710011068,0.8515785184757022,,42,binary_20260720_074918_7e851c8ccdf1,binary_20260720_074918_7e851c8ccdf1,experiments/confirmatory_results/architecture_matched_ablation.csv,2f56a18e34b524ec44cca536df7fc42b5196455801910d96c5716742d2b2d9e6,Figure 2
Fig2,IH,IH,B_dual_global_coral,architecture_matched_run,42,0.8693481068813211,0.8536235255306076,0.8837099444199441,,42,binary_20260720_074918_7e851c8ccdf1,binary_20260720_074918_7e851c8ccdf1,experiments/confirmatory_results/architecture_matched_ablation.csv,2f56a18e34b524ec44cca536df7fc42b5196455801910d96c5716742d2b2d9e6,Figure 2
Fig2,IDH,IDH,B_dual_global_coral,architecture_matched_run,7,0.8372690814552779,0.823088381943186,0.8520166003511873,,7,binary_20260720_061308_cf700c15aac2,binary_20260720_061308_cf700c15aac2,experiments/confirmatory_results/architecture_matched_ablation.csv,2f56a18e34b524ec44cca536df7fc42b5196455801910d96c5716742d2b2d9e6,Figure 2
Fig2,IH,IH,B_dual_global_coral,architecture_matched_run,7,0.8680641919741943,0.8523698957489981,0.8822203680851758,,7,binary_20260720_061308_cf700c15aac2,binary_20260720_061308_cf700c15aac2,experiments/confirmatory_results/architecture_matched_ablation.csv,2f56a18e34b524ec44cca536df7fc42b5196455801910d96c5716742d2b2d9e6,Figure 2
Fig2,IDH,IDH,B_dual_global_coral,architecture_matched_run,99,0.8377831158450739,0.8236054830743313,0.8519331807907926,,99,binary_20260720_111603_3a893ee43860,binary_20260720_111603_3a893ee43860,experiments/confirmatory_results/architecture_matched_ablation.csv,2f56a18e34b524ec44cca536df7fc42b5196455801910d96c5716742d2b2d9e6,Figure 2
Fig2,IH,IH,B_dual_global_coral,architecture_matched_run,99,0.867591051003485,0.8517957506426777,0.8817328704615517,,99,binary_20260720_111603_3a893ee43860,binary_20260720_111603_3a893ee43860,experiments/confirmatory_results/architecture_matched_ablation.csv,2f56a18e34b524ec44cca536df7fc42b5196455801910d96c5716742d2b2d9e6,Figure 2
Fig2,IDH,IDH,C_dual_random_feature_coral,architecture_matched_run,13,0.8352263886463299,0.8206169365794244,0.8496864185214783,,13,binary_20260720_064907_ecd662f45543,binary_20260720_064907_ecd662f45543,experiments/confirmatory_results/architecture_matched_ablation.csv,2f56a18e34b524ec44cca536df7fc42b5196455801910d96c5716742d2b2d9e6,Figure 2
Fig2,IH,IH,C_dual_random_feature_coral,architecture_matched_run,13,0.8693092038224292,0.854178614670163,0.8838443292964552,,13,binary_20260720_064907_ecd662f45543,binary_20260720_064907_ecd662f45543,experiments/confirmatory_results/architecture_matched_ablation.csv,2f56a18e34b524ec44cca536df7fc42b5196455801910d96c5716742d2b2d9e6,Figure 2
Fig2,IDH,IDH,C_dual_random_feature_coral,architecture_matched_run,2024,0.8348076719386478,0.8205173611260278,0.849469258269819,,2024,binary_20260720_115708_9e2721f5c0ca,binary_20260720_115708_9e2721f5c0ca,experiments/confirmatory_results/architecture_matched_ablation.csv,2f56a18e34b524ec44cca536df7fc42b5196455801910d96c5716742d2b2d9e6,Figure 2
Fig2,IH,IH,C_dual_random_feature_coral,architecture_matched_run,2024,0.8691678940296836,0.8535591617266088,0.8837862832401474,,2024,binary_20260720_115708_9e2721f5c0ca,binary_20260720_115708_9e2721f5c0ca,experiments/confirmatory_results/architecture_matched_ablation.csv,2f56a18e34b524ec44cca536df7fc42b5196455801910d96c5716742d2b2d9e6,Figure 2
Fig2,IDH,IDH,C_dual_random_feature_coral,architecture_matched_run,42,0.835621382797167,0.8209920484696088,0.8500922418970406,,42,binary_20260720_071537_ac8043223216,binary_20260720_071537_ac8043223216,experiments/confirmatory_results/architecture_matched_ablation.csv,2f56a18e34b524ec44cca536df7fc42b5196455801910d96c5716742d2b2d9e6,Figure 2
Fig2,IH,IH,C_dual_random_feature_coral,architecture_matched_run,42,0.8694364080187214,0.8544392203213433,0.8841055694204776,,42,binary_20260720_071537_ac8043223216,binary_20260720_071537_ac8043223216,experiments/confirmatory_results/architecture_matched_ablation.csv,2f56a18e34b524ec44cca536df7fc42b5196455801910d96c5716742d2b2d9e6,Figure 2
Fig2,IDH,IDH,C_dual_random_feature_coral,architecture_matched_run,7,0.8363894362946618,0.8217719719180331,0.8511376582117961,,7,binary_20260720_062021_cddde436153b,binary_20260720_062021_cddde436153b,experiments/confirmatory_results/architecture_matched_ablation.csv,2f56a18e34b524ec44cca536df7fc42b5196455801910d96c5716742d2b2d9e6,Figure 2
Fig2,IH,IH,C_dual_random_feature_coral,architecture_matched_run,7,0.8701768093779019,0.8548868263536981,0.8845307368139383,,7,binary_20260720_062021_cddde436153b,binary_20260720_062021_cddde436153b,experiments/confirmatory_results/architecture_matched_ablation.csv,2f56a18e34b524ec44cca536df7fc42b5196455801910d96c5716742d2b2d9e6,Figure 2
Fig2,IDH,IDH,C_dual_random_feature_coral,architecture_matched_run,99,0.8349749271821417,0.8204517839499581,0.8492966952095992,,99,binary_20260720_112450_0f826b91cf3c,binary_20260720_112450_0f826b91cf3c,experiments/confirmatory_results/architecture_matched_ablation.csv,2f56a18e34b524ec44cca536df7fc42b5196455801910d96c5716742d2b2d9e6,Figure 2
Fig2,IH,IH,C_dual_random_feature_coral,architecture_matched_run,99,0.8689309428020084,0.8535273225283362,0.8832813010561739,,99,binary_20260720_112450_0f826b91cf3c,binary_20260720_112450_0f826b91cf3c,experiments/confirmatory_results/architecture_matched_ablation.csv,2f56a18e34b524ec44cca536df7fc42b5196455801910d96c5716742d2b2d9e6,Figure 2
Fig2,IDH,IDH,D_dual_outcome_specific_coral,architecture_matched_run,13,0.8371472615797428,0.822940406299332,0.8517009936941631,,13,binary_20260720_065455_a066518e8355,binary_20260720_065455_a066518e8355,experiments/confirmatory_results/architecture_matched_ablation.csv,2f56a18e34b524ec44cca536df7fc42b5196455801910d96c5716742d2b2d9e6,Figure 2
Fig2,IH,IH,D_dual_outcome_specific_coral,architecture_matched_run,13,0.8680636169755876,0.8521914189327661,0.8824575790687207,,13,binary_20260720_065455_a066518e8355,binary_20260720_065455_a066518e8355,experiments/confirmatory_results/architecture_matched_ablation.csv,2f56a18e34b524ec44cca536df7fc42b5196455801910d96c5716742d2b2d9e6,Figure 2
Fig2,IDH,IDH,D_dual_outcome_specific_coral,architecture_matched_run,2024,0.8370898858188114,0.8228730441177525,0.851786027224416,,2024,binary_20260720_120545_1b185d1190d2,binary_20260720_120545_1b185d1190d2,experiments/confirmatory_results/architecture_matched_ablation.csv,2f56a18e34b524ec44cca536df7fc42b5196455801910d96c5716742d2b2d9e6,Figure 2
Fig2,IH,IH,D_dual_outcome_specific_coral,architecture_matched_run,2024,0.8686165169872772,0.8529362655182412,0.8828337297147151,,2024,binary_20260720_120545_1b185d1190d2,binary_20260720_120545_1b185d1190d2,experiments/confirmatory_results/architecture_matched_ablation.csv,2f56a18e34b524ec44cca536df7fc42b5196455801910d96c5716742d2b2d9e6,Figure 2
Fig2,IDH,IDH,D_dual_outcome_specific_coral,architecture_matched_run,42,0.8369241325709524,0.8225931223027092,0.8515639819516577,,42,binary_20260720_072346_18f418a6ae23,binary_20260720_072346_18f418a6ae23,experiments/confirmatory_results/architecture_matched_ablation.csv,2f56a18e34b524ec44cca536df7fc42b5196455801910d96c5716742d2b2d9e6,Figure 2
Fig2,IH,IH,D_dual_outcome_specific_coral,architecture_matched_run,42,0.8689145890128042,0.8533221254428727,0.8830475036095986,,42,binary_20260720_072346_18f418a6ae23,binary_20260720_072346_18f418a6ae23,experiments/confirmatory_results/architecture_matched_ablation.csv,2f56a18e34b524ec44cca536df7fc42b5196455801910d96c5716742d2b2d9e6,Figure 2
Fig2,IDH,IDH,D_dual_outcome_specific_coral,architecture_matched_run,7,0.8374656138055125,0.8233937643476262,0.8520518508031042,,7,binary_20260720_062740_be6b2d52b534,binary_20260720_062740_be6b2d52b534,experiments/confirmatory_results/architecture_matched_ablation.csv,2f56a18e34b524ec44cca536df7fc42b5196455801910d96c5716742d2b2d9e6,Figure 2
Fig2,IH,IH,D_dual_outcome_specific_coral,architecture_matched_run,7,0.8688714848379654,0.8535445254630388,0.8832182718281973,,7,binary_20260720_062740_be6b2d52b534,binary_20260720_062740_be6b2d52b534,experiments/confirmatory_results/architecture_matched_ablation.csv,2f56a18e34b524ec44cca536df7fc42b5196455801910d96c5716742d2b2d9e6,Figure 2
Fig2,IDH,IDH,D_dual_outcome_specific_coral,architecture_matched_run,99,0.8365088189697325,0.8224177025737901,0.850894431651084,,99,binary_20260720_075736_4b695f33ac85,binary_20260720_075736_4b695f33ac85,experiments/confirmatory_results/architecture_matched_ablation.csv,2f56a18e34b524ec44cca536df7fc42b5196455801910d96c5716742d2b2d9e6,Figure 2
Fig2,IH,IH,D_dual_outcome_specific_coral,architecture_matched_run,99,0.8688802082402522,0.853428521423511,0.8832315792301644,,99,binary_20260720_075736_4b695f33ac85,binary_20260720_075736_4b695f33ac85,experiments/confirmatory_results/architecture_matched_ablation.csv,2f56a18e34b524ec44cca536df7fc42b5196455801910d96c5716742d2b2d9e6,Figure 2
Fig2,IDH,IDH,E_single_encoder_reference,architecture_matched_run,13,0.8370218331360784,0.8227621925242959,0.8516656334223845,,13,binary_20260720_070051_7b0345fae205,binary_20260720_070051_7b0345fae205,experiments/confirmatory_results/architecture_matched_ablation.csv,2f56a18e34b524ec44cca536df7fc42b5196455801910d96c5716742d2b2d9e6,Figure 2
Fig2,IH,IH,E_single_encoder_reference,architecture_matched_run,13,0.8683182636558828,0.8528511849939919,0.882950351414724,,13,binary_20260720_070051_7b0345fae205,binary_20260720_070051_7b0345fae205,experiments/confirmatory_results/architecture_matched_ablation.csv,2f56a18e34b524ec44cca536df7fc42b5196455801910d96c5716742d2b2d9e6,Figure 2
Fig2,IDH,IDH,E_single_encoder_reference,architecture_matched_run,2024,0.8374955852309902,0.8228386175504674,0.8520067097384453,,2024,binary_20260720_113203_51381b8d9c4d,binary_20260720_113203_51381b8d9c4d,experiments/confirmatory_results/architecture_matched_ablation.csv,2f56a18e34b524ec44cca536df7fc42b5196455801910d96c5716742d2b2d9e6,Figure 2
Fig2,IH,IH,E_single_encoder_reference,architecture_matched_run,2024,0.8691145279427721,0.8535866040482041,0.8834969889190499,,2024,binary_20260720_113203_51381b8d9c4d,binary_20260720_113203_51381b8d9c4d,experiments/confirmatory_results/architecture_matched_ablation.csv,2f56a18e34b524ec44cca536df7fc42b5196455801910d96c5716742d2b2d9e6,Figure 2
Fig2,IDH,IDH,E_single_encoder_reference,architecture_matched_run,42,0.8370483046283311,0.8227769304368757,0.8512496159366314,,42,binary_20260720_073138_81af9b0ea0b2,binary_20260720_073138_81af9b0ea0b2,experiments/confirmatory_results/architecture_matched_ablation.csv,2f56a18e34b524ec44cca536df7fc42b5196455801910d96c5716742d2b2d9e6,Figure 2
Fig2,IH,IH,E_single_encoder_reference,architecture_matched_run,42,0.8693245733797837,0.8543753732026875,0.8836265790658282,,42,binary_20260720_073138_81af9b0ea0b2,binary_20260720_073138_81af9b0ea0b2,experiments/confirmatory_results/architecture_matched_ablation.csv,2f56a18e34b524ec44cca536df7fc42b5196455801910d96c5716742d2b2d9e6,Figure 2
Fig2,IDH,IDH,E_single_encoder_reference,architecture_matched_run,7,0.8378479165655595,0.8235728585003218,0.852326282501331,,7,binary_20260720_063356_1c758bb20c27,binary_20260720_063356_1c758bb20c27,experiments/confirmatory_results/architecture_matched_ablation.csv,2f56a18e34b524ec44cca536df7fc42b5196455801910d96c5716742d2b2d9e6,Figure 2
Fig2,IH,IH,E_single_encoder_reference,architecture_matched_run,7,0.8697605570080917,0.8540460327839348,0.8840140110416083,,7,binary_20260720_063356_1c758bb20c27,binary_20260720_063356_1c758bb20c27,experiments/confirmatory_results/architecture_matched_ablation.csv,2f56a18e34b524ec44cca536df7fc42b5196455801910d96c5716742d2b2d9e6,Figure 2
Fig2,IDH,IDH,E_single_encoder_reference,architecture_matched_run,99,0.8375028448765595,0.8230509969616826,0.8518037744801876,,99,binary_20260720_110424_4a4f2b4664a6,binary_20260720_110424_4a4f2b4664a6,experiments/confirmatory_results/architecture_matched_ablation.csv,2f56a18e34b524ec44cca536df7fc42b5196455801910d96c5716742d2b2d9e6,Figure 2
Fig2,IH,IH,E_single_encoder_reference,architecture_matched_run,99,0.8676600145751269,0.852356943308026,0.8823779239871022,,99,binary_20260720_110424_4a4f2b4664a6,binary_20260720_110424_4a4f2b4664a6,experiments/confirmatory_results/architecture_matched_ablation.csv,2f56a18e34b524ec44cca536df7fc42b5196455801910d96c5716742d2b2d9e6,Figure 2
Fig2,IDH,IDH,A_dual_no_alignment,roc_auc_delta_outcome_specific_minus_comparator,7,0.000318373480425,-0.0003807765598471,0.0010466893255976,,7,binary_20260720_062740_be6b2d52b534,binary_20260720_062740_be6b2d52b534|binary_20260720_060428_5e083e05c1ec,experiments/confirmatory_results/architecture_matched_paired_contrasts.csv,24a6e7a2668aea0dd2a19dfad58dd5455bc851c033d7e33b813cb646ab2046a7,Figure 2
Fig2,IH,IH,A_dual_no_alignment,roc_auc_delta_outcome_specific_minus_comparator,7,0.0006859370767317,-0.0003963913486977,0.0018324725634173,,7,binary_20260720_062740_be6b2d52b534,binary_20260720_062740_be6b2d52b534|binary_20260720_060428_5e083e05c1ec,experiments/confirmatory_results/architecture_matched_paired_contrasts.csv,24a6e7a2668aea0dd2a19dfad58dd5455bc851c033d7e33b813cb646ab2046a7,Figure 2
Fig2,IDH,IDH,B_dual_global_coral,roc_auc_delta_outcome_specific_minus_comparator,7,0.0001965323502346,-0.0001805887891853,0.0005632295825918,,7,binary_20260720_062740_be6b2d52b534,binary_20260720_062740_be6b2d52b534|binary_20260720_061308_cf700c15aac2,experiments/confirmatory_results/architecture_matched_paired_contrasts.csv,24a6e7a2668aea0dd2a19dfad58dd5455bc851c033d7e33b813cb646ab2046a7,Figure 2
Fig2,IH,IH,B_dual_global_coral,roc_auc_delta_outcome_specific_minus_comparator,7,0.0008072928637711,-0.0003733405052755,0.0020275804086206,,7,binary_20260720_062740_be6b2d52b534,binary_20260720_062740_be6b2d52b534|binary_20260720_061308_cf700c15aac2,experiments/confirmatory_results/architecture_matched_paired_contrasts.csv,24a6e7a2668aea0dd2a19dfad58dd5455bc851c033d7e33b813cb646ab2046a7,Figure 2
Fig2,IDH,IDH,C_dual_random_feature_coral,roc_auc_delta_outcome_specific_minus_comparator,7,0.0010761775108507,-0.0011642475491778,0.0033251770490949,,7,binary_20260720_062740_be6b2d52b534,binary_20260720_062740_be6b2d52b534|binary_20260720_062021_cddde436153b,experiments/confirmatory_results/architecture_matched_paired_contrasts.csv,24a6e7a2668aea0dd2a19dfad58dd5455bc851c033d7e33b813cb646ab2046a7,Figure 2
Fig2,IH,IH,C_dual_random_feature_coral,roc_auc_delta_outcome_specific_minus_comparator,7,-0.0013053245399364,-0.0034609126145866,0.0004907891354437,,7,binary_20260720_062740_be6b2d52b534,binary_20260720_062740_be6b2d52b534|binary_20260720_062021_cddde436153b,experiments/confirmatory_results/architecture_matched_paired_contrasts.csv,24a6e7a2668aea0dd2a19dfad58dd5455bc851c033d7e33b813cb646ab2046a7,Figure 2
Fig2,IDH,IDH,E_single_encoder_reference,roc_auc_delta_outcome_specific_minus_comparator,7,-0.0003823027600469,-0.0020918351424263,0.001318642560716,,7,binary_20260720_062740_be6b2d52b534,binary_20260720_062740_be6b2d52b534|binary_20260720_063356_1c758bb20c27,experiments/confirmatory_results/architecture_matched_paired_contrasts.csv,24a6e7a2668aea0dd2a19dfad58dd5455bc851c033d7e33b813cb646ab2046a7,Figure 2
Fig2,IH,IH,E_single_encoder_reference,roc_auc_delta_outcome_specific_minus_comparator,7,-0.0008890721701263,-0.0026919836878375,0.0008515191784634,,7,binary_20260720_062740_be6b2d52b534,binary_20260720_062740_be6b2d52b534|binary_20260720_063356_1c758bb20c27,experiments/confirmatory_results/architecture_matched_paired_contrasts.csv,24a6e7a2668aea0dd2a19dfad58dd5455bc851c033d7e33b813cb646ab2046a7,Figure 2
Fig2,IDH,IDH,A_dual_no_alignment,roc_auc_delta_outcome_specific_minus_comparator,13,-0.0004395013988514,-0.0008928723585863,-4.096871972836267e-06,,13,binary_20260720_065455_a066518e8355,binary_20260720_065455_a066518e8355|binary_20260720_070731_ee75ce181242,experiments/confirmatory_results/architecture_matched_paired_contrasts.csv,24a6e7a2668aea0dd2a19dfad58dd5455bc851c033d7e33b813cb646ab2046a7,Figure 2
Fig2,IH,IH,A_dual_no_alignment,roc_auc_delta_outcome_specific_minus_comparator,13,-0.0009400139385876,-0.0020062035484837,7.238450531666379e-05,,13,binary_20260720_065455_a066518e8355,binary_20260720_065455_a066518e8355|binary_20260720_070731_ee75ce181242,experiments/confirmatory_results/architecture_matched_paired_contrasts.csv,24a6e7a2668aea0dd2a19dfad58dd5455bc851c033d7e33b813cb646ab2046a7,Figure 2
Fig2,IDH,IDH,B_dual_global_coral,roc_auc_delta_outcome_specific_minus_comparator,13,-0.0004099290885661,-0.0008431813561117,4.091091131534496e-05,,13,binary_20260720_065455_a066518e8355,binary_20260720_065455_a066518e8355|binary_20260720_064145_a584494b3389,experiments/confirmatory_results/architecture_matched_paired_contrasts.csv,24a6e7a2668aea0dd2a19dfad58dd5455bc851c033d7e33b813cb646ab2046a7,Figure 2
Fig2,IH,IH,B_dual_global_coral,roc_auc_delta_outcome_specific_minus_comparator,13,-0.0004837913953539,-0.0015917145391245,0.0006132684387618,,13,binary_20260720_065455_a066518e8355,binary_20260720_065455_a066518e8355|binary_20260720_064145_a584494b3389,experiments/confirmatory_results/architecture_matched_paired_contrasts.csv,24a6e7a2668aea0dd2a19dfad58dd5455bc851c033d7e33b813cb646ab2046a7,Figure 2
Fig2,IDH,IDH,C_dual_random_feature_coral,roc_auc_delta_outcome_specific_minus_comparator,13,0.0019208729334129,-0.000155216036485,0.0041142459653567,,13,binary_20260720_065455_a066518e8355,binary_20260720_065455_a066518e8355|binary_20260720_064907_ecd662f45543,experiments/confirmatory_results/architecture_matched_paired_contrasts.csv,24a6e7a2668aea0dd2a19dfad58dd5455bc851c033d7e33b813cb646ab2046a7,Figure 2
Fig2,IH,IH,C_dual_random_feature_coral,roc_auc_delta_outcome_specific_minus_comparator,13,-0.0012455868468415,-0.0032796668679803,0.0006799771517951,,13,binary_20260720_065455_a066518e8355,binary_20260720_065455_a066518e8355|binary_20260720_064907_ecd662f45543,experiments/confirmatory_results/architecture_matched_paired_contrasts.csv,24a6e7a2668aea0dd2a19dfad58dd5455bc851c033d7e33b813cb646ab2046a7,Figure 2
Fig2,IDH,IDH,E_single_encoder_reference,roc_auc_delta_outcome_specific_minus_comparator,13,0.0001254284436644,-0.0014163192662205,0.0015908042170356,,13,binary_20260720_065455_a066518e8355,binary_20260720_065455_a066518e8355|binary_20260720_070051_7b0345fae205,experiments/confirmatory_results/architecture_matched_paired_contrasts.csv,24a6e7a2668aea0dd2a19dfad58dd5455bc851c033d7e33b813cb646ab2046a7,Figure 2
Fig2,IH,IH,E_single_encoder_reference,roc_auc_delta_outcome_specific_minus_comparator,13,-0.0002546466802951,-0.0023443553780099,0.0015433499195659,,13,binary_20260720_065455_a066518e8355,binary_20260720_065455_a066518e8355|binary_20260720_070051_7b0345fae205,experiments/confirmatory_results/architecture_matched_paired_contrasts.csv,24a6e7a2668aea0dd2a19dfad58dd5455bc851c033d7e33b813cb646ab2046a7,Figure 2
Fig2,IDH,IDH,A_dual_no_alignment,roc_auc_delta_outcome_specific_minus_comparator,42,3.910856559041776e-06,-0.0009046448838741,0.0008748759399459,,42,binary_20260720_072346_18f418a6ae23,binary_20260720_072346_18f418a6ae23|binary_20260720_074010_0723dcdc4aad,experiments/confirmatory_results/architecture_matched_paired_contrasts.csv,24a6e7a2668aea0dd2a19dfad58dd5455bc851c033d7e33b813cb646ab2046a7,Figure 2
Fig2,IH,IH,A_dual_no_alignment,roc_auc_delta_outcome_specific_minus_comparator,42,-0.0004590871759327,-0.0014305965818772,0.0005862072884848,,42,binary_20260720_072346_18f418a6ae23,binary_20260720_072346_18f418a6ae23|binary_20260720_074010_0723dcdc4aad,experiments/confirmatory_results/architecture_matched_paired_contrasts.csv,24a6e7a2668aea0dd2a19dfad58dd5455bc851c033d7e33b813cb646ab2046a7,Figure 2
Fig2,IDH,IDH,B_dual_global_coral,roc_auc_delta_outcome_specific_minus_comparator,42,-5.55903698936655e-05,-0.000781323502763,0.0006344167512772,,42,binary_20260720_072346_18f418a6ae23,binary_20260720_072346_18f418a6ae23|binary_20260720_074918_7e851c8ccdf1,experiments/confirmatory_results/architecture_matched_paired_contrasts.csv,24a6e7a2668aea0dd2a19dfad58dd5455bc851c033d7e33b813cb646ab2046a7,Figure 2
Fig2,IH,IH,B_dual_global_coral,roc_auc_delta_outcome_specific_minus_comparator,42,-0.0004335178685169,-0.0013838420641536,0.0005972703963527,,42,binary_20260720_072346_18f418a6ae23,binary_20260720_072346_18f418a6ae23|binary_20260720_074918_7e851c8ccdf1,experiments/confirmatory_results/architecture_matched_paired_contrasts.csv,24a6e7a2668aea0dd2a19dfad58dd5455bc851c033d7e33b813cb646ab2046a7,Figure 2
Fig2,IDH,IDH,C_dual_random_feature_coral,roc_auc_delta_outcome_specific_minus_comparator,42,0.0013027497737854,-0.0007697782743306,0.0036116673419998,,42,binary_20260720_072346_18f418a6ae23,binary_20260720_072346_18f418a6ae23|binary_20260720_071537_ac8043223216,experiments/confirmatory_results/architecture_matched_paired_contrasts.csv,24a6e7a2668aea0dd2a19dfad58dd5455bc851c033d7e33b813cb646ab2046a7,Figure 2
Fig2,IH,IH,C_dual_random_feature_coral,roc_auc_delta_outcome_specific_minus_comparator,42,-0.0005218190059171,-0.00240444481347,0.0012954926462194,,42,binary_20260720_072346_18f418a6ae23,binary_20260720_072346_18f418a6ae23|binary_20260720_071537_ac8043223216,experiments/confirmatory_results/architecture_matched_paired_contrasts.csv,24a6e7a2668aea0dd2a19dfad58dd5455bc851c033d7e33b813cb646ab2046a7,Figure 2
Fig2,IDH,IDH,E_single_encoder_reference,roc_auc_delta_outcome_specific_minus_comparator,42,-0.0001241720573786,-0.0016731090037148,0.0013134635025642,,42,binary_20260720_072346_18f418a6ae23,binary_20260720_072346_18f418a6ae23|binary_20260720_073138_81af9b0ea0b2,experiments/confirmatory_results/architecture_matched_paired_contrasts.csv,24a6e7a2668aea0dd2a19dfad58dd5455bc851c033d7e33b813cb646ab2046a7,Figure 2
Fig2,IH,IH,E_single_encoder_reference,roc_auc_delta_outcome_specific_minus_comparator,42,-0.0004099843669795,-0.0020397789847701,0.0010439070434938,,42,binary_20260720_072346_18f418a6ae23,binary_20260720_072346_18f418a6ae23|binary_20260720_073138_81af9b0ea0b2,experiments/confirmatory_results/architecture_matched_paired_contrasts.csv,24a6e7a2668aea0dd2a19dfad58dd5455bc851c033d7e33b813cb646ab2046a7,Figure 2
Fig2,IDH,IDH,A_dual_no_alignment,roc_auc_delta_outcome_specific_minus_comparator,99,9.479576224658004e-06,-0.0004648593529578,0.0004586788728187,,99,binary_20260720_075736_4b695f33ac85,binary_20260720_075736_4b695f33ac85|binary_20260720_110925_b9edd4fe23bf,experiments/confirmatory_results/architecture_matched_paired_contrasts.csv,24a6e7a2668aea0dd2a19dfad58dd5455bc851c033d7e33b813cb646ab2046a7,Figure 2
Fig2,IH,IH,A_dual_no_alignment,roc_auc_delta_outcome_specific_minus_comparator,99,0.0008496303738009,-0.0006602968862995,0.002585000124565,,99,binary_20260720_075736_4b695f33ac85,binary_20260720_075736_4b695f33ac85|binary_20260720_110925_b9edd4fe23bf,experiments/confirmatory_results/architecture_matched_paired_contrasts.csv,24a6e7a2668aea0dd2a19dfad58dd5455bc851c033d7e33b813cb646ab2046a7,Figure 2
Fig2,IDH,IDH,B_dual_global_coral,roc_auc_delta_outcome_specific_minus_comparator,99,-0.0012742968753414,-0.0023750786759992,-0.0002852136856585,,99,binary_20260720_075736_4b695f33ac85,binary_20260720_075736_4b695f33ac85|binary_20260720_111603_3a893ee43860,experiments/confirmatory_results/architecture_matched_paired_contrasts.csv,24a6e7a2668aea0dd2a19dfad58dd5455bc851c033d7e33b813cb646ab2046a7,Figure 2
Fig2,IH,IH,B_dual_global_coral,roc_auc_delta_outcome_specific_minus_comparator,99,0.0012891572367672,-0.0004246721280935,0.0032527612724282,,99,binary_20260720_075736_4b695f33ac85,binary_20260720_075736_4b695f33ac85|binary_20260720_111603_3a893ee43860,experiments/confirmatory_results/architecture_matched_paired_contrasts.csv,24a6e7a2668aea0dd2a19dfad58dd5455bc851c033d7e33b813cb646ab2046a7,Figure 2
Fig2,IDH,IDH,C_dual_random_feature_coral,roc_auc_delta_outcome_specific_minus_comparator,99,0.0015338917875907,-0.0008499639939904,0.003965301096104,,99,binary_20260720_075736_4b695f33ac85,binary_20260720_075736_4b695f33ac85|binary_20260720_112450_0f826b91cf3c,experiments/confirmatory_results/architecture_matched_paired_contrasts.csv,24a6e7a2668aea0dd2a19dfad58dd5455bc851c033d7e33b813cb646ab2046a7,Figure 2
Fig2,IH,IH,C_dual_random_feature_coral,roc_auc_delta_outcome_specific_minus_comparator,99,-5.073456175619384e-05,-0.0021262762088986,0.0018449269869707,,99,binary_20260720_075736_4b695f33ac85,binary_20260720_075736_4b695f33ac85|binary_20260720_112450_0f826b91cf3c,experiments/confirmatory_results/architecture_matched_paired_contrasts.csv,24a6e7a2668aea0dd2a19dfad58dd5455bc851c033d7e33b813cb646ab2046a7,Figure 2
Fig2,IDH,IDH,E_single_encoder_reference,roc_auc_delta_outcome_specific_minus_comparator,99,-0.0009940259068269,-0.0027940484281779,0.000730194668869,,99,binary_20260720_075736_4b695f33ac85,binary_20260720_075736_4b695f33ac85|binary_20260720_110424_4a4f2b4664a6,experiments/confirmatory_results/architecture_matched_paired_contrasts.csv,24a6e7a2668aea0dd2a19dfad58dd5455bc851c033d7e33b813cb646ab2046a7,Figure 2
Fig2,IH,IH,E_single_encoder_reference,roc_auc_delta_outcome_specific_minus_comparator,99,0.0012201936651253,-0.000731344395828,0.0033893222844138,,99,binary_20260720_075736_4b695f33ac85,binary_20260720_075736_4b695f33ac85|binary_20260720_110424_4a4f2b4664a6,experiments/confirmatory_results/architecture_matched_paired_contrasts.csv,24a6e7a2668aea0dd2a19dfad58dd5455bc851c033d7e33b813cb646ab2046a7,Figure 2
Fig2,IDH,IDH,A_dual_no_alignment,roc_auc_delta_outcome_specific_minus_comparator,2024,-0.0005494777081767,-0.0011944982100528,6.314848585175474e-05,,2024,binary_20260720_120545_1b185d1190d2,binary_20260720_120545_1b185d1190d2|binary_20260720_113928_1a0f2475876e,experiments/confirmatory_results/architecture_matched_paired_contrasts.csv,24a6e7a2668aea0dd2a19dfad58dd5455bc851c033d7e33b813cb646ab2046a7,Figure 2
Fig2,IH,IH,A_dual_no_alignment,roc_auc_delta_outcome_specific_minus_comparator,2024,0.0010997651280916,-6.127579410877825e-05,0.0022834620933403,,2024,binary_20260720_120545_1b185d1190d2,binary_20260720_120545_1b185d1190d2|binary_20260720_113928_1a0f2475876e,experiments/confirmatory_results/architecture_matched_paired_contrasts.csv,24a6e7a2668aea0dd2a19dfad58dd5455bc851c033d7e33b813cb646ab2046a7,Figure 2
Fig2,IDH,IDH,B_dual_global_coral,roc_auc_delta_outcome_specific_minus_comparator,2024,-0.0001518668731201,-0.0006987083940723,0.0003546096623936,,2024,binary_20260720_120545_1b185d1190d2,binary_20260720_120545_1b185d1190d2|binary_20260720_114845_0192984e08ee,experiments/confirmatory_results/architecture_matched_paired_contrasts.csv,24a6e7a2668aea0dd2a19dfad58dd5455bc851c033d7e33b813cb646ab2046a7,Figure 2
Fig2,IH,IH,B_dual_global_coral,roc_auc_delta_outcome_specific_minus_comparator,2024,0.0010532265021147,-0.000227138594498,0.002320843714227,,2024,binary_20260720_120545_1b185d1190d2,binary_20260720_120545_1b185d1190d2|binary_20260720_114845_0192984e08ee,experiments/confirmatory_results/architecture_matched_paired_contrasts.csv,24a6e7a2668aea0dd2a19dfad58dd5455bc851c033d7e33b813cb646ab2046a7,Figure 2
Fig2,IDH,IDH,C_dual_random_feature_coral,roc_auc_delta_outcome_specific_minus_comparator,2024,0.0022822138801635,0.0001975652774479,0.0045718974619302,,2024,binary_20260720_120545_1b185d1190d2,binary_20260720_120545_1b185d1190d2|binary_20260720_115708_9e2721f5c0ca,experiments/confirmatory_results/architecture_matched_paired_contrasts.csv,24a6e7a2668aea0dd2a19dfad58dd5455bc851c033d7e33b813cb646ab2046a7,Figure 2
Fig2,IH,IH,C_dual_random_feature_coral,roc_auc_delta_outcome_specific_minus_comparator,2024,-0.0005513770424064,-0.0026641356700465,0.0012147323115175,,2024,binary_20260720_120545_1b185d1190d2,binary_20260720_120545_1b185d1190d2|binary_20260720_115708_9e2721f5c0ca,experiments/confirmatory_results/architecture_matched_paired_contrasts.csv,24a6e7a2668aea0dd2a19dfad58dd5455bc851c033d7e33b813cb646ab2046a7,Figure 2
Fig2,IDH,IDH,E_single_encoder_reference,roc_auc_delta_outcome_specific_minus_comparator,2024,-0.0004056994121788,-0.0019540168002845,0.0012351963479818,,2024,binary_20260720_120545_1b185d1190d2,binary_20260720_120545_1b185d1190d2|binary_20260720_113203_51381b8d9c4d,experiments/confirmatory_results/architecture_matched_paired_contrasts.csv,24a6e7a2668aea0dd2a19dfad58dd5455bc851c033d7e33b813cb646ab2046a7,Figure 2
Fig2,IH,IH,E_single_encoder_reference,roc_auc_delta_outcome_specific_minus_comparator,2024,-0.0004980109554949,-0.0021814632939251,0.0010668311424819,,2024,binary_20260720_120545_1b185d1190d2,binary_20260720_120545_1b185d1190d2|binary_20260720_113203_51381b8d9c4d,experiments/confirmatory_results/architecture_matched_paired_contrasts.csv,24a6e7a2668aea0dd2a19dfad58dd5455bc851c033d7e33b813cb646ab2046a7,Figure 2
